run,rep,dif,adh,bundle,x,y,n_bundles
out_debug_unity_adh5_D_0_3_6_5_5_5_0.8411106215679058,5.0,0.8411106215679058,5,0,22.977551240862596,137.5157851078487,18
out_debug_unity_adh5_D_0_3_6_5_5_5_0.8411106215679058,5.0,0.8411106215679058,5,1,36.84318881816485,113.65661219381651,18
out_debug_unity_adh5_D_0_3_6_5_5_5_0.8411106215679058,5.0,0.8411106215679058,5,2,64.28386050639813,135.08804564858468,18
out_debug_unity_adh5_D_0_3_6_5_5_5_0.8411106215679058,5.0,0.8411106215679058,5,3,76.002588751385,112.76538008907619,18
out_debug_unity_adh5_D_0_3_6_5_5_5_0.8411106215679058,5.0,0.8411106215679058,5,4,102.29009390986401,134.98474821229522,18
out_debug_unity_adh5_D_0_3_6_5_5_5_0.8411106215679058,5.0,0.8411106215679058,5,5,113.9807642208234,112.47496607751835,18
out_debug_unity_adh5_D_0_3_6_5_5_5_0.8411106215679058,5.0,0.8411106215679058,5,6,48.374451602568335,91.0530385847638,18
out_debug_unity_adh5_D_0_3_6_5_5_5_0.8411106215679058,5.0,0.8411106215679058,5,7,58.349216865842116,68.90997686036677,18
out_debug_unity_adh5_D_0_3_6_5_5_5_0.8411106215679058,5.0,0.8411106215679058,5,8,87.34637805108815,89.55327157548516,18
out_debug_unity_adh5_D_0_3_6_5_5_5_0.8411106215679058,5.0,0.8411106215679058,5,9,99.94643966505011,67.61586183603718,18
out_debug_unity_adh5_D_0_3_6_5_5_5_0.8411106215679058,5.0,0.8411106215679058,5,10,126.38389950084586,89.45933346186716,18
out_debug_unity_adh5_D_0_3_6_5_5_5_0.8411106215679058,5.0,0.8411106215679058,5,11,139.2558212894087,66.36860204872595,18
out_debug_unity_adh5_D_0_3_6_5_5_5_0.8411106215679058,5.0,0.8411106215679058,5,12,31.649229010106854,51.87516158785133,18
out_debug_unity_adh5_D_0_3_6_5_5_5_0.8411106215679058,5.0,0.8411106215679058,5,13,41.40883220437792,29.130894247835982,18
out_debug_unity_adh5_D_0_3_6_5_5_5_0.8411106215679058,5.0,0.8411106215679058,5,14,72.1497726285421,49.324450918129706,18
out_debug_unity_adh5_D_0_3_6_5_5_5_0.8411106215679058,5.0,0.8411106215679058,5,15,83.05259733892912,25.446394411168956,18
out_debug_unity_adh5_D_0_3_6_5_5_5_0.8411106215679058,5.0,0.8411106215679058,5,16,112.4902057833383,45.761963283969784,18
out_debug_unity_adh5_D_0_3_6_5_5_5_0.8411106215679058,5.0,0.8411106215679058,5,17,123.21509684023412,19.015532447866843,18
out_debug_unity_adh5_D_10_3_6_5_5_5_1.032392751536074,5.0,1.032392751536074,5,0,22.97756357123364,137.51580092220965,18
out_debug_unity_adh5_D_10_3_6_5_5_5_1.032392751536074,5.0,1.032392751536074,5,1,36.843176677827934,113.65657319296928,18
out_debug_unity_adh5_D_10_3_6_5_5_5_1.032392751536074,5.0,1.032392751536074,5,2,64.28386177066866,135.08805363970097,18
out_debug_unity_adh5_D_10_3_6_5_5_5_1.032392751536074,5.0,1.032392751536074,5,3,76.00257663242938,112.76535962456852,18
out_debug_unity_adh5_D_10_3_6_5_5_5_1.032392751536074,5.0,1.032392751536074,5,4,102.29009518875755,134.98476230119118,18
out_debug_unity_adh5_D_10_3_6_5_5_5_1.032392751536074,5.0,1.032392751536074,5,5,113.98076585366454,112.47496416519427,18
out_debug_unity_adh5_D_10_3_6_5_5_5_1.032392751536074,5.0,1.032392751536074,5,6,48.374464341857184,91.05302326048441,18
out_debug_unity_adh5_D_10_3_6_5_5_5_1.032392751536074,5.0,1.032392751536074,5,7,58.34922564585356,68.90997038901833,18
out_debug_unity_adh5_D_10_3_6_5_5_5_1.032392751536074,5.0,1.032392751536074,5,8,87.34638065334504,89.55328224126436,18
out_debug_unity_adh5_D_10_3_6_5_5_5_1.032392751536074,5.0,1.032392751536074,5,9,99.94646205591594,67.61585925411002,18
out_debug_unity_adh5_D_10_3_6_5_5_5_1.032392751536074,5.0,1.032392751536074,5,10,126.38387129443639,89.45931688619413,18
out_debug_unity_adh5_D_10_3_6_5_5_5_1.032392751536074,5.0,1.032392751536074,5,11,139.25584086358822,66.36856796191343,18
out_debug_unity_adh5_D_10_3_6_5_5_5_1.032392751536074,5.0,1.032392751536074,5,12,31.64923955557435,51.87515832543945,18
out_debug_unity_adh5_D_10_3_6_5_5_5_1.032392751536074,5.0,1.032392751536074,5,13,41.40884548354631,29.130888393071967,18
out_debug_unity_adh5_D_10_3_6_5_5_5_1.032392751536074,5.0,1.032392751536074,5,14,72.14972766703323,49.324445527278726,18
out_debug_unity_adh5_D_10_3_6_5_5_5_1.032392751536074,5.0,1.032392751536074,5,15,83.05259961370678,25.44638473848363,18
out_debug_unity_adh5_D_10_3_6_5_5_5_1.032392751536074,5.0,1.032392751536074,5,16,112.49021344170733,45.761973550615096,18
out_debug_unity_adh5_D_10_3_6_5_5_5_1.032392751536074,5.0,1.032392751536074,5,17,123.21511043164378,19.0155410101235,18
out_debug_unity_adh5_D_11_3_6_5_5_5_0.47538483954324245,5.0,0.47538483954324245,5,0,22.977565428382395,137.51577498138948,18
out_debug_unity_adh5_D_11_3_6_5_5_5_0.47538483954324245,5.0,0.47538483954324245,5,1,36.84319104426028,113.65664103801602,18
out_debug_unity_adh5_D_11_3_6_5_5_5_0.47538483954324245,5.0,0.47538483954324245,5,2,64.28388016466165,135.08804539728024,18
out_debug_unity_adh5_D_11_3_6_5_5_5_0.47538483954324245,5.0,0.47538483954324245,5,3,76.00257825829759,112.76537105295459,18
out_debug_unity_adh5_D_11_3_6_5_5_5_0.47538483954324245,5.0,0.47538483954324245,5,4,102.29010250577413,134.9847326710636,18
out_debug_unity_adh5_D_11_3_6_5_5_5_0.47538483954324245,5.0,0.47538483954324245,5,5,113.98075125317764,112.47493711365924,18
out_debug_unity_adh5_D_11_3_6_5_5_5_0.47538483954324245,5.0,0.47538483954324245,5,6,48.37447836838234,91.05303731000878,18
out_debug_unity_adh5_D_11_3_6_5_5_5_0.47538483954324245,5.0,0.47538483954324245,5,7,58.349177789442386,68.91000134297238,18
out_debug_unity_adh5_D_11_3_6_5_5_5_0.47538483954324245,5.0,0.47538483954324245,5,8,87.34636485290889,89.55330002894054,18
out_debug_unity_adh5_D_11_3_6_5_5_5_0.47538483954324245,5.0,0.47538483954324245,5,9,99.94647706888166,67.6158794989765,18
out_debug_unity_adh5_D_11_3_6_5_5_5_0.47538483954324245,5.0,0.47538483954324245,5,10,126.38386978032172,89.45932298337272,18
out_debug_unity_adh5_D_11_3_6_5_5_5_0.47538483954324245,5.0,0.47538483954324245,5,11,139.2558069915465,66.36860458124603,18
out_debug_unity_adh5_D_11_3_6_5_5_5_0.47538483954324245,5.0,0.47538483954324245,5,12,31.64924125678183,51.87516477460647,18
out_debug_unity_adh5_D_11_3_6_5_5_5_0.47538483954324245,5.0,0.47538483954324245,5,13,41.408807632247886,29.130900091834608,18
out_debug_unity_adh5_D_11_3_6_5_5_5_0.47538483954324245,5.0,0.47538483954324245,5,14,72.1498114533148,49.32440513901317,18
out_debug_unity_adh5_D_11_3_6_5_5_5_0.47538483954324245,5.0,0.47538483954324245,5,15,83.05259379746889,25.446394709063497,18
out_debug_unity_adh5_D_11_3_6_5_5_5_0.47538483954324245,5.0,0.47538483954324245,5,16,112.49020693136201,45.761932222810174,18
out_debug_unity_adh5_D_11_3_6_5_5_5_0.47538483954324245,5.0,0.47538483954324245,5,17,123.2150957983405,19.015554732495954,18
out_debug_unity_adh5_D_12_3_6_5_5_5_1.469370680508597,5.0,1.469370680508597,5,0,22.977562682865578,137.515815005753,18
out_debug_unity_adh5_D_12_3_6_5_5_5_1.469370680508597,5.0,1.469370680508597,5,1,36.84317769328403,113.65660218041562,18
out_debug_unity_adh5_D_12_3_6_5_5_5_1.469370680508597,5.0,1.469370680508597,5,2,64.28385191376064,135.08806838855978,18
out_debug_unity_adh5_D_12_3_6_5_5_5_1.469370680508597,5.0,1.469370680508597,5,3,76.00258530825448,112.7653937449442,18
out_debug_unity_adh5_D_12_3_6_5_5_5_1.469370680508597,5.0,1.469370680508597,5,4,102.29010890891625,134.9847546898138,18
out_debug_unity_adh5_D_12_3_6_5_5_5_1.469370680508597,5.0,1.469370680508597,5,5,113.98075569020723,112.47496348293089,18
out_debug_unity_adh5_D_12_3_6_5_5_5_1.469370680508597,5.0,1.469370680508597,5,6,48.37446325732998,91.05303892922923,18
out_debug_unity_adh5_D_12_3_6_5_5_5_1.469370680508597,5.0,1.469370680508597,5,7,58.349255200122705,68.90994603028805,18
out_debug_unity_adh5_D_12_3_6_5_5_5_1.469370680508597,5.0,1.469370680508597,5,8,87.34636848646865,89.55324868431967,18
out_debug_unity_adh5_D_12_3_6_5_5_5_1.469370680508597,5.0,1.469370680508597,5,9,99.94642084764986,67.61588561492779,18
out_debug_unity_adh5_D_12_3_6_5_5_5_1.469370680508597,5.0,1.469370680508597,5,10,126.38390546205262,89.45933672474293,18
out_debug_unity_adh5_D_12_3_6_5_5_5_1.469370680508597,5.0,1.469370680508597,5,11,139.25581548178562,66.36861105286164,18
out_debug_unity_adh5_D_12_3_6_5_5_5_1.469370680508597,5.0,1.469370680508597,5,12,31.649215570607904,51.87514940253745,18
out_debug_unity_adh5_D_12_3_6_5_5_5_1.469370680508597,5.0,1.469370680508597,5,13,41.40883940045728,29.130875002838504,18
out_debug_unity_adh5_D_12_3_6_5_5_5_1.469370680508597,5.0,1.469370680508597,5,14,72.14970992748107,49.32449574569796,18
out_debug_unity_adh5_D_12_3_6_5_5_5_1.469370680508597,5.0,1.469370680508597,5,15,83.05260494586027,25.446381044345188,18
out_debug_unity_adh5_D_12_3_6_5_5_5_1.469370680508597,5.0,1.469370680508597,5,16,112.49020973266983,45.76198295813591,18
out_debug_unity_adh5_D_12_3_6_5_5_5_1.469370680508597,5.0,1.469370680508597,5,17,123.21509242076746,19.015742951255895,18
out_debug_unity_adh5_D_13_3_6_5_5_5_0.5309700739485943,5.0,0.5309700739485943,5,0,22.97757590813474,137.5157785775419,18
out_debug_unity_adh5_D_13_3_6_5_5_5_0.5309700739485943,5.0,0.5309700739485943,5,1,36.843187345301786,113.65662813981608,18
out_debug_unity_adh5_D_13_3_6_5_5_5_0.5309700739485943,5.0,0.5309700739485943,5,2,64.28388597878444,135.08805806904616,18
out_debug_unity_adh5_D_13_3_6_5_5_5_0.5309700739485943,5.0,0.5309700739485943,5,3,76.00255413353726,112.76536341038043,18
out_debug_unity_adh5_D_13_3_6_5_5_5_0.5309700739485943,5.0,0.5309700739485943,5,4,102.29010582013605,134.98473732960846,18
out_debug_unity_adh5_D_13_3_6_5_5_5_0.5309700739485943,5.0,0.5309700739485943,5,5,113.98075298033133,112.4749291132897,18
out_debug_unity_adh5_D_13_3_6_5_5_5_0.5309700739485943,5.0,0.5309700739485943,5,6,48.37450613097443,91.05302137262565,18
out_debug_unity_adh5_D_13_3_6_5_5_5_0.5309700739485943,5.0,0.5309700739485943,5,7,58.349171026563916,68.9100010653497,18
out_debug_unity_adh5_D_13_3_6_5_5_5_0.5309700739485943,5.0,0.5309700739485943,5,8,87.34636204307328,89.55330156746419,18
out_debug_unity_adh5_D_13_3_6_5_5_5_0.5309700739485943,5.0,0.5309700739485943,5,9,99.94648207741857,67.61587773893889,18
out_debug_unity_adh5_D_13_3_6_5_5_5_0.5309700739485943,5.0,0.5309700739485943,5,10,126.38388050306321,89.45932932998174,18
out_debug_unity_adh5_D_13_3_6_5_5_5_0.5309700739485943,5.0,0.5309700739485943,5,11,139.25581034423996,66.36859240864977,18
out_debug_unity_adh5_D_13_3_6_5_5_5_0.5309700739485943,5.0,0.5309700739485943,5,12,31.64923885834918,51.8751514059812,18
out_debug_unity_adh5_D_13_3_6_5_5_5_0.5309700739485943,5.0,0.5309700739485943,5,13,41.408815985668284,29.130902230095547,18
out_debug_unity_adh5_D_13_3_6_5_5_5_0.5309700739485943,5.0,0.5309700739485943,5,14,72.14978535504544,49.3244075623335,18
out_debug_unity_adh5_D_13_3_6_5_5_5_0.5309700739485943,5.0,0.5309700739485943,5,15,83.05260616742329,25.446393546735408,18
out_debug_unity_adh5_D_13_3_6_5_5_5_0.5309700739485943,5.0,0.5309700739485943,5,16,112.49020813402778,45.76194211828358,18
out_debug_unity_adh5_D_13_3_6_5_5_5_0.5309700739485943,5.0,0.5309700739485943,5,17,123.21509685790288,19.015547738718233,18
out_debug_unity_adh5_D_14_3_6_5_5_5_1.3106322130526427,5.0,1.3106322130526427,5,0,22.97756473447843,137.5158029128486,18
out_debug_unity_adh5_D_14_3_6_5_5_5_1.3106322130526427,5.0,1.3106322130526427,5,1,36.8431746147665,113.65660689944453,18
out_debug_unity_adh5_D_14_3_6_5_5_5_1.3106322130526427,5.0,1.3106322130526427,5,2,64.28386229521685,135.08808166318966,18
out_debug_unity_adh5_D_14_3_6_5_5_5_1.3106322130526427,5.0,1.3106322130526427,5,3,76.0025958964987,112.76540184779496,18
out_debug_unity_adh5_D_14_3_6_5_5_5_1.3106322130526427,5.0,1.3106322130526427,5,4,102.29010799837333,134.98475516679727,18
out_debug_unity_adh5_D_14_3_6_5_5_5_1.3106322130526427,5.0,1.3106322130526427,5,5,113.98077045210454,112.47497370563144,18
out_debug_unity_adh5_D_14_3_6_5_5_5_1.3106322130526427,5.0,1.3106322130526427,5,6,48.374451712378765,91.05303583654552,18
out_debug_unity_adh5_D_14_3_6_5_5_5_1.3106322130526427,5.0,1.3106322130526427,5,7,58.34927030788513,68.9099530627559,18
out_debug_unity_adh5_D_14_3_6_5_5_5_1.3106322130526427,5.0,1.3106322130526427,5,8,87.3463826332976,89.5532460338787,18
out_debug_unity_adh5_D_14_3_6_5_5_5_1.3106322130526427,5.0,1.3106322130526427,5,9,99.94641667279588,67.61588063091507,18
out_debug_unity_adh5_D_14_3_6_5_5_5_1.3106322130526427,5.0,1.3106322130526427,5,10,126.38390529237624,89.45934446018146,18
out_debug_unity_adh5_D_14_3_6_5_5_5_1.3106322130526427,5.0,1.3106322130526427,5,11,139.25582601386347,66.36861235744529,18
out_debug_unity_adh5_D_14_3_6_5_5_5_1.3106322130526427,5.0,1.3106322130526427,5,12,31.64922610456975,51.8751452738957,18
out_debug_unity_adh5_D_14_3_6_5_5_5_1.3106322130526427,5.0,1.3106322130526427,5,13,41.40883531704219,29.13086814314332,18
out_debug_unity_adh5_D_14_3_6_5_5_5_1.3106322130526427,5.0,1.3106322130526427,5,14,72.14972525864593,49.32449541933172,18
out_debug_unity_adh5_D_14_3_6_5_5_5_1.3106322130526427,5.0,1.3106322130526427,5,15,83.05262254533669,25.446380044112825,18
out_debug_unity_adh5_D_14_3_6_5_5_5_1.3106322130526427,5.0,1.3106322130526427,5,16,112.49021589697365,45.76197982538508,18
out_debug_unity_adh5_D_14_3_6_5_5_5_1.3106322130526427,5.0,1.3106322130526427,5,17,123.21510806349941,19.01561822559361,18
out_debug_unity_adh5_D_15_3_6_5_5_5_1.1943795344279908,5.0,1.1943795344279908,5,0,22.977578985337427,137.5158192396549,18
out_debug_unity_adh5_D_15_3_6_5_5_5_1.1943795344279908,5.0,1.1943795344279908,5,1,36.84316863639614,113.6565793176382,18
out_debug_unity_adh5_D_15_3_6_5_5_5_1.1943795344279908,5.0,1.1943795344279908,5,2,64.28386812069449,135.08807840796538,18
out_debug_unity_adh5_D_15_3_6_5_5_5_1.1943795344279908,5.0,1.1943795344279908,5,3,76.0025805737125,112.76538107703095,18
out_debug_unity_adh5_D_15_3_6_5_5_5_1.1943795344279908,5.0,1.1943795344279908,5,4,102.29012082138041,134.9847706795663,18
out_debug_unity_adh5_D_15_3_6_5_5_5_1.1943795344279908,5.0,1.1943795344279908,5,5,113.98076452558185,112.47494942048816,18
out_debug_unity_adh5_D_15_3_6_5_5_5_1.1943795344279908,5.0,1.1943795344279908,5,6,48.374494028660585,91.05301986885716,18
out_debug_unity_adh5_D_15_3_6_5_5_5_1.1943795344279908,5.0,1.1943795344279908,5,7,58.34923337994888,68.90996079007958,18
out_debug_unity_adh5_D_15_3_6_5_5_5_1.1943795344279908,5.0,1.1943795344279908,5,8,87.34637774694625,89.55328332147764,18
out_debug_unity_adh5_D_15_3_6_5_5_5_1.1943795344279908,5.0,1.1943795344279908,5,9,99.94647926809274,67.61587139535828,18
out_debug_unity_adh5_D_15_3_6_5_5_5_1.1943795344279908,5.0,1.1943795344279908,5,10,126.38388259969526,89.45932611068737,18
out_debug_unity_adh5_D_15_3_6_5_5_5_1.1943795344279908,5.0,1.1943795344279908,5,11,139.2558260951823,66.36856113482233,18
out_debug_unity_adh5_D_15_3_6_5_5_5_1.1943795344279908,5.0,1.1943795344279908,5,12,31.649234523346973,51.875134190023566,18
out_debug_unity_adh5_D_15_3_6_5_5_5_1.1943795344279908,5.0,1.1943795344279908,5,13,41.40883372707491,29.13087527260856,18
out_debug_unity_adh5_D_15_3_6_5_5_5_1.1943795344279908,5.0,1.1943795344279908,5,14,72.14971590957498,49.32447302838572,18
out_debug_unity_adh5_D_15_3_6_5_5_5_1.1943795344279908,5.0,1.1943795344279908,5,15,83.05261216380381,25.44638357925604,18
out_debug_unity_adh5_D_15_3_6_5_5_5_1.1943795344279908,5.0,1.1943795344279908,5,16,112.49023666132302,45.76198060428617,18
out_debug_unity_adh5_D_15_3_6_5_5_5_1.1943795344279908,5.0,1.1943795344279908,5,17,123.21510690521814,19.015566685044437,18
out_debug_unity_adh5_D_16_3_6_5_5_5_0.21899544273840021,5.0,0.21899544273840021,5,0,22.977580456049782,137.5157661465966,18
out_debug_unity_adh5_D_16_3_6_5_5_5_0.21899544273840021,5.0,0.21899544273840021,5,1,36.843219578489254,113.65668386101294,18
out_debug_unity_adh5_D_16_3_6_5_5_5_0.21899544273840021,5.0,0.21899544273840021,5,2,64.28388864267954,135.08805503218016,18
out_debug_unity_adh5_D_16_3_6_5_5_5_0.21899544273840021,5.0,0.21899544273840021,5,3,76.00254694556189,112.76536075296417,18
out_debug_unity_adh5_D_16_3_6_5_5_5_0.21899544273840021,5.0,0.21899544273840021,5,4,102.2901047014974,134.98471852988402,18
out_debug_unity_adh5_D_16_3_6_5_5_5_0.21899544273840021,5.0,0.21899544273840021,5,5,113.98074816182456,112.47492143029973,18
out_debug_unity_adh5_D_16_3_6_5_5_5_0.21899544273840021,5.0,0.21899544273840021,5,6,48.37451827630243,91.05304438578433,18
out_debug_unity_adh5_D_16_3_6_5_5_5_0.21899544273840021,5.0,0.21899544273840021,5,7,58.34914088915033,68.91004005659143,18
out_debug_unity_adh5_D_16_3_6_5_5_5_0.21899544273840021,5.0,0.21899544273840021,5,8,87.34635441030254,89.55333821054914,18
out_debug_unity_adh5_D_16_3_6_5_5_5_0.21899544273840021,5.0,0.21899544273840021,5,9,99.9465143284162,67.61588922586735,18
out_debug_unity_adh5_D_16_3_6_5_5_5_0.21899544273840021,5.0,0.21899544273840021,5,10,126.38384096748867,89.45931756057519,18
out_debug_unity_adh5_D_16_3_6_5_5_5_0.21899544273840021,5.0,0.21899544273840021,5,11,139.25578915254178,66.36858250546736,18
out_debug_unity_adh5_D_16_3_6_5_5_5_0.21899544273840021,5.0,0.21899544273840021,5,12,31.649242699492888,51.87516806121915,18
out_debug_unity_adh5_D_16_3_6_5_5_5_0.21899544273840021,5.0,0.21899544273840021,5,13,41.40879627171975,29.130893160909498,18
out_debug_unity_adh5_D_16_3_6_5_5_5_0.21899544273840021,5.0,0.21899544273840021,5,14,72.14981928985908,49.32435974678514,18
out_debug_unity_adh5_D_16_3_6_5_5_5_0.21899544273840021,5.0,0.21899544273840021,5,15,83.05260169075687,25.446388505922453,18
out_debug_unity_adh5_D_16_3_6_5_5_5_0.21899544273840021,5.0,0.21899544273840021,5,16,112.49018888773814,45.76191437242787,18
out_debug_unity_adh5_D_16_3_6_5_5_5_0.21899544273840021,5.0,0.21899544273840021,5,17,123.21509960073223,19.015580686673303,18
out_debug_unity_adh5_D_17_3_6_5_5_5_0.24817904243134165,5.0,0.24817904243134165,5,0,22.977594008585083,137.51576639894748,18
out_debug_unity_adh5_D_17_3_6_5_5_5_0.24817904243134165,5.0,0.24817904243134165,5,1,36.84320227278623,113.65667934114559,18
out_debug_unity_adh5_D_17_3_6_5_5_5_0.24817904243134165,5.0,0.24817904243134165,5,2,64.28389293545081,135.08805871251113,18
out_debug_unity_adh5_D_17_3_6_5_5_5_0.24817904243134165,5.0,0.24817904243134165,5,3,76.00255216477073,112.76535771589464,18
out_debug_unity_adh5_D_17_3_6_5_5_5_0.24817904243134165,5.0,0.24817904243134165,5,4,102.29010896445307,134.98472455004165,18
out_debug_unity_adh5_D_17_3_6_5_5_5_0.24817904243134165,5.0,0.24817904243134165,5,5,113.9807455084186,112.4749145416149,18
out_debug_unity_adh5_D_17_3_6_5_5_5_0.24817904243134165,5.0,0.24817904243134165,5,6,48.37452880411632,91.05303195756944,18
out_debug_unity_adh5_D_17_3_6_5_5_5_0.24817904243134165,5.0,0.24817904243134165,5,7,58.349136480958784,68.91003364584562,18
out_debug_unity_adh5_D_17_3_6_5_5_5_0.24817904243134165,5.0,0.24817904243134165,5,8,87.34635634044878,89.55333189268862,18
out_debug_unity_adh5_D_17_3_6_5_5_5_0.24817904243134165,5.0,0.24817904243134165,5,9,99.94650754513496,67.61589973188522,18
out_debug_unity_adh5_D_17_3_6_5_5_5_0.24817904243134165,5.0,0.24817904243134165,5,10,126.38385232817656,89.45931370015369,18
out_debug_unity_adh5_D_17_3_6_5_5_5_0.24817904243134165,5.0,0.24817904243134165,5,11,139.2557900973579,66.36859657391632,18
out_debug_unity_adh5_D_17_3_6_5_5_5_0.24817904243134165,5.0,0.24817904243134165,5,12,31.649244113827233,51.875164391953525,18
out_debug_unity_adh5_D_17_3_6_5_5_5_0.24817904243134165,5.0,0.24817904243134165,5,13,41.40879757572961,29.130897902638768,18
out_debug_unity_adh5_D_17_3_6_5_5_5_0.24817904243134165,5.0,0.24817904243134165,5,14,72.14981528664813,49.32436595640444,18
out_debug_unity_adh5_D_17_3_6_5_5_5_0.24817904243134165,5.0,0.24817904243134165,5,15,83.05261463200685,25.446383437640776,18
out_debug_unity_adh5_D_17_3_6_5_5_5_0.24817904243134165,5.0,0.24817904243134165,5,16,112.4902023566652,45.761916817999996,18
out_debug_unity_adh5_D_17_3_6_5_5_5_0.24817904243134165,5.0,0.24817904243134165,5,17,123.21510197654402,19.01557206720565,18
out_debug_unity_adh5_D_18_3_6_5_5_5_1.1374855373063457,5.0,1.1374855373063457,5,0,22.977549227188657,137.51580701483553,18
out_debug_unity_adh5_D_18_3_6_5_5_5_1.1374855373063457,5.0,1.1374855373063457,5,1,36.84318429206095,113.65659602002002,18
out_debug_unity_adh5_D_18_3_6_5_5_5_1.1374855373063457,5.0,1.1374855373063457,5,2,64.28387007233943,135.08805686509405,18
out_debug_unity_adh5_D_18_3_6_5_5_5_1.1374855373063457,5.0,1.1374855373063457,5,3,76.0025813691418,112.76538184696311,18
out_debug_unity_adh5_D_18_3_6_5_5_5_1.1374855373063457,5.0,1.1374855373063457,5,4,102.29010471267249,134.98476152678975,18
out_debug_unity_adh5_D_18_3_6_5_5_5_1.1374855373063457,5.0,1.1374855373063457,5,5,113.98075059276636,112.47493640224236,18
out_debug_unity_adh5_D_18_3_6_5_5_5_1.1374855373063457,5.0,1.1374855373063457,5,6,48.37444822426445,91.05303463487473,18
out_debug_unity_adh5_D_18_3_6_5_5_5_1.1374855373063457,5.0,1.1374855373063457,5,7,58.34924273878039,68.9099511026017,18
out_debug_unity_adh5_D_18_3_6_5_5_5_1.1374855373063457,5.0,1.1374855373063457,5,8,87.34636912975257,89.55326074828872,18
out_debug_unity_adh5_D_18_3_6_5_5_5_1.1374855373063457,5.0,1.1374855373063457,5,9,99.94644479688577,67.6158693876243,18
out_debug_unity_adh5_D_18_3_6_5_5_5_1.1374855373063457,5.0,1.1374855373063457,5,10,126.38389132274564,89.45933615388027,18
out_debug_unity_adh5_D_18_3_6_5_5_5_1.1374855373063457,5.0,1.1374855373063457,5,11,139.25582651788264,66.36859094343802,18
out_debug_unity_adh5_D_18_3_6_5_5_5_1.1374855373063457,5.0,1.1374855373063457,5,12,31.649225651529253,51.87515331690372,18
out_debug_unity_adh5_D_18_3_6_5_5_5_1.1374855373063457,5.0,1.1374855373063457,5,13,41.40882251494226,29.13087020702585,18
out_debug_unity_adh5_D_18_3_6_5_5_5_1.1374855373063457,5.0,1.1374855373063457,5,14,72.14974995200207,49.32447815278132,18
out_debug_unity_adh5_D_18_3_6_5_5_5_1.1374855373063457,5.0,1.1374855373063457,5,15,83.0525919705184,25.44637370040459,18
out_debug_unity_adh5_D_18_3_6_5_5_5_1.1374855373063457,5.0,1.1374855373063457,5,16,112.49021377339723,45.76197683220405,18
out_debug_unity_adh5_D_18_3_6_5_5_5_1.1374855373063457,5.0,1.1374855373063457,5,17,123.21510180317898,19.015536626226844,18
out_debug_unity_adh5_D_19_3_6_5_5_5_0.3327033321612797,5.0,0.3327033321612797,5,0,22.977575696881342,137.51577252626853,18
out_debug_unity_adh5_D_19_3_6_5_5_5_0.3327033321612797,5.0,0.3327033321612797,5,1,36.843206507854674,113.65665783682124,18
out_debug_unity_adh5_D_19_3_6_5_5_5_0.3327033321612797,5.0,0.3327033321612797,5,2,64.2838935965503,135.0880521815052,18
out_debug_unity_adh5_D_19_3_6_5_5_5_0.3327033321612797,5.0,0.3327033321612797,5,3,76.00256399999103,112.7653589232335,18
out_debug_unity_adh5_D_19_3_6_5_5_5_0.3327033321612797,5.0,0.3327033321612797,5,4,102.2901037289484,134.98471834857256,18
out_debug_unity_adh5_D_19_3_6_5_5_5_0.3327033321612797,5.0,0.3327033321612797,5,5,113.9807533388262,112.47493752907171,18
out_debug_unity_adh5_D_19_3_6_5_5_5_0.3327033321612797,5.0,0.3327033321612797,5,6,48.374501363703,91.05303968442536,18
out_debug_unity_adh5_D_19_3_6_5_5_5_0.3327033321612797,5.0,0.3327033321612797,5,7,58.34916006267732,68.91002264613125,18
out_debug_unity_adh5_D_19_3_6_5_5_5_0.3327033321612797,5.0,0.3327033321612797,5,8,87.34636635494759,89.55331772250622,18
out_debug_unity_adh5_D_19_3_6_5_5_5_0.3327033321612797,5.0,0.3327033321612797,5,9,99.94647682535985,67.61588871126722,18
out_debug_unity_adh5_D_19_3_6_5_5_5_0.3327033321612797,5.0,0.3327033321612797,5,10,126.38385436496866,89.45931852895882,18
out_debug_unity_adh5_D_19_3_6_5_5_5_0.3327033321612797,5.0,0.3327033321612797,5,11,139.25580060282513,66.3686067279309,18
out_debug_unity_adh5_D_19_3_6_5_5_5_0.3327033321612797,5.0,0.3327033321612797,5,12,31.649245773348834,51.875163404120435,18
out_debug_unity_adh5_D_19_3_6_5_5_5_0.3327033321612797,5.0,0.3327033321612797,5,13,41.40881239868734,29.130894675269687,18
out_debug_unity_adh5_D_19_3_6_5_5_5_0.3327033321612797,5.0,0.3327033321612797,5,14,72.14981552465477,49.32438342778779,18
out_debug_unity_adh5_D_19_3_6_5_5_5_0.3327033321612797,5.0,0.3327033321612797,5,15,83.05259538062839,25.446398097525357,18
out_debug_unity_adh5_D_19_3_6_5_5_5_0.3327033321612797,5.0,0.3327033321612797,5,16,112.49019630905057,45.76191945236218,18
out_debug_unity_adh5_D_19_3_6_5_5_5_0.3327033321612797,5.0,0.3327033321612797,5,17,123.21510243754227,19.015567906052173,18
out_debug_unity_adh5_D_1_3_6_5_5_5_1.3555484762962557,5.0,1.3555484762962557,5,0,22.977578375183185,137.5158104131804,18
out_debug_unity_adh5_D_1_3_6_5_5_5_1.3555484762962557,5.0,1.3555484762962557,5,1,36.84316344847053,113.65656264518584,18
out_debug_unity_adh5_D_1_3_6_5_5_5_1.3555484762962557,5.0,1.3555484762962557,5,2,64.28385873226004,135.08806540245118,18
out_debug_unity_adh5_D_1_3_6_5_5_5_1.3555484762962557,5.0,1.3555484762962557,5,3,76.00257796555366,112.76536721145301,18
out_debug_unity_adh5_D_1_3_6_5_5_5_1.3555484762962557,5.0,1.3555484762962557,5,4,102.29012833213967,134.98477575501522,18
out_debug_unity_adh5_D_1_3_6_5_5_5_1.3555484762962557,5.0,1.3555484762962557,5,5,113.98076389181875,112.47493914044843,18
out_debug_unity_adh5_D_1_3_6_5_5_5_1.3555484762962557,5.0,1.3555484762962557,5,6,48.37448894371398,91.05302360331429,18
out_debug_unity_adh5_D_1_3_6_5_5_5_1.3555484762962557,5.0,1.3555484762962557,5,7,58.349263812087564,68.90996306901286,18
out_debug_unity_adh5_D_1_3_6_5_5_5_1.3555484762962557,5.0,1.3555484762962557,5,8,87.34637021362546,89.55327395227242,18
out_debug_unity_adh5_D_1_3_6_5_5_5_1.3555484762962557,5.0,1.3555484762962557,5,9,99.94647836706967,67.6158707591272,18
out_debug_unity_adh5_D_1_3_6_5_5_5_1.3555484762962557,5.0,1.3555484762962557,5,10,126.38388275668007,89.45932981844278,18
out_debug_unity_adh5_D_1_3_6_5_5_5_1.3555484762962557,5.0,1.3555484762962557,5,11,139.25583069100642,66.36855145967263,18
out_debug_unity_adh5_D_1_3_6_5_5_5_1.3555484762962557,5.0,1.3555484762962557,5,12,31.649239123512128,51.87514876849738,18
out_debug_unity_adh5_D_1_3_6_5_5_5_1.3555484762962557,5.0,1.3555484762962557,5,13,41.40884243693131,29.130879396453583,18
out_debug_unity_adh5_D_1_3_6_5_5_5_1.3555484762962557,5.0,1.3555484762962557,5,14,72.14969398998737,49.324467856713,18
out_debug_unity_adh5_D_1_3_6_5_5_5_1.3555484762962557,5.0,1.3555484762962557,5,15,83.05261839404089,25.446368013759805,18
out_debug_unity_adh5_D_1_3_6_5_5_5_1.3555484762962557,5.0,1.3555484762962557,5,16,112.4902379247926,45.761983328566316,18
out_debug_unity_adh5_D_1_3_6_5_5_5_1.3555484762962557,5.0,1.3555484762962557,5,17,123.21509281216788,19.015650787806084,18
out_debug_unity_adh5_D_20_3_6_5_5_5_1.4843450557691142,5.0,1.4843450557691142,5,0,22.977555736915033,137.51580622836752,18
out_debug_unity_adh5_D_20_3_6_5_5_5_1.4843450557691142,5.0,1.4843450557691142,5,1,36.843186942191146,113.65659616850037,18
out_debug_unity_adh5_D_20_3_6_5_5_5_1.4843450557691142,5.0,1.4843450557691142,5,2,64.28386122025907,135.088066857173,18
out_debug_unity_adh5_D_20_3_6_5_5_5_1.4843450557691142,5.0,1.4843450557691142,5,3,76.00260509028037,112.76538885978295,18
out_debug_unity_adh5_D_20_3_6_5_5_5_1.4843450557691142,5.0,1.4843450557691142,5,4,102.29011517480154,134.98475647827382,18
out_debug_unity_adh5_D_20_3_6_5_5_5_1.4843450557691142,5.0,1.4843450557691142,5,5,113.98076611945764,112.47497439013667,18
out_debug_unity_adh5_D_20_3_6_5_5_5_1.4843450557691142,5.0,1.4843450557691142,5,6,48.37443991802851,91.05304269316105,18
out_debug_unity_adh5_D_20_3_6_5_5_5_1.4843450557691142,5.0,1.4843450557691142,5,7,58.34928145774381,68.90994775721082,18
out_debug_unity_adh5_D_20_3_6_5_5_5_1.4843450557691142,5.0,1.4843450557691142,5,8,87.3463672703377,89.5532429479296,18
out_debug_unity_adh5_D_20_3_6_5_5_5_1.4843450557691142,5.0,1.4843450557691142,5,9,99.94641883618213,67.61587421313206,18
out_debug_unity_adh5_D_20_3_6_5_5_5_1.4843450557691142,5.0,1.4843450557691142,5,10,126.38389919629492,89.45933377828123,18
out_debug_unity_adh5_D_20_3_6_5_5_5_1.4843450557691142,5.0,1.4843450557691142,5,11,139.25581267645333,66.36860829506996,18
out_debug_unity_adh5_D_20_3_6_5_5_5_1.4843450557691142,5.0,1.4843450557691142,5,12,31.649219184137394,51.87516104454565,18
out_debug_unity_adh5_D_20_3_6_5_5_5_1.4843450557691142,5.0,1.4843450557691142,5,13,41.40882920957765,29.13088192595546,18
out_debug_unity_adh5_D_20_3_6_5_5_5_1.4843450557691142,5.0,1.4843450557691142,5,14,72.14972220501001,49.32450222653122,18
out_debug_unity_adh5_D_20_3_6_5_5_5_1.4843450557691142,5.0,1.4843450557691142,5,15,83.05260611441302,25.446390461598735,18
out_debug_unity_adh5_D_20_3_6_5_5_5_1.4843450557691142,5.0,1.4843450557691142,5,16,112.49021105150466,45.761982406863574,18
out_debug_unity_adh5_D_20_3_6_5_5_5_1.4843450557691142,5.0,1.4843450557691142,5,17,123.21510380868379,19.01576749705642,18
out_debug_unity_adh5_D_21_3_6_5_5_5_1.4196793083861061,5.0,1.4196793083861061,5,0,22.977564559785908,137.51581213661788,18
out_debug_unity_adh5_D_21_3_6_5_5_5_1.4196793083861061,5.0,1.4196793083861061,5,1,36.84317368698885,113.65659101072634,18
out_debug_unity_adh5_D_21_3_6_5_5_5_1.4196793083861061,5.0,1.4196793083861061,5,2,64.28386271288726,135.0880710054032,18
out_debug_unity_adh5_D_21_3_6_5_5_5_1.4196793083861061,5.0,1.4196793083861061,5,3,76.00259534813767,112.76538415402297,18
out_debug_unity_adh5_D_21_3_6_5_5_5_1.4196793083861061,5.0,1.4196793083861061,5,4,102.29011264525478,134.9847715247748,18
out_debug_unity_adh5_D_21_3_6_5_5_5_1.4196793083861061,5.0,1.4196793083861061,5,5,113.9807667644717,112.4749566554695,18
out_debug_unity_adh5_D_21_3_6_5_5_5_1.4196793083861061,5.0,1.4196793083861061,5,6,48.374462643282875,91.05303230024315,18
out_debug_unity_adh5_D_21_3_6_5_5_5_1.4196793083861061,5.0,1.4196793083861061,5,7,58.349255520296225,68.9099453674006,18
out_debug_unity_adh5_D_21_3_6_5_5_5_1.4196793083861061,5.0,1.4196793083861061,5,8,87.34636968671875,89.55325105962665,18
out_debug_unity_adh5_D_21_3_6_5_5_5_1.4196793083861061,5.0,1.4196793083861061,5,9,99.94643962323005,67.61587250091405,18
out_debug_unity_adh5_D_21_3_6_5_5_5_1.4196793083861061,5.0,1.4196793083861061,5,10,126.3838926899157,89.45934461711063,18
out_debug_unity_adh5_D_21_3_6_5_5_5_1.4196793083861061,5.0,1.4196793083861061,5,11,139.2558218989158,66.36859780906839,18
out_debug_unity_adh5_D_21_3_6_5_5_5_1.4196793083861061,5.0,1.4196793083861061,5,12,31.649225809834515,51.875153175162176,18
out_debug_unity_adh5_D_21_3_6_5_5_5_1.4196793083861061,5.0,1.4196793083861061,5,13,41.40882732825753,29.130871749656976,18
out_debug_unity_adh5_D_21_3_6_5_5_5_1.4196793083861061,5.0,1.4196793083861061,5,14,72.14972461896302,49.324492038691226,18
out_debug_unity_adh5_D_21_3_6_5_5_5_1.4196793083861061,5.0,1.4196793083861061,5,15,83.05259634109383,25.446389986022677,18
out_debug_unity_adh5_D_21_3_6_5_5_5_1.4196793083861061,5.0,1.4196793083861061,5,16,112.49020988650709,45.761984054149195,18
out_debug_unity_adh5_D_21_3_6_5_5_5_1.4196793083861061,5.0,1.4196793083861061,5,17,123.21511260378118,19.015688635094158,18
out_debug_unity_adh5_D_22_3_6_5_5_5_0.3831805151729437,5.0,0.3831805151729437,5,0,22.977576862712983,137.51577298460552,18
out_debug_unity_adh5_D_22_3_6_5_5_5_0.3831805151729437,5.0,0.3831805151729437,5,1,36.84318938846985,113.65665450745023,18
out_debug_unity_adh5_D_22_3_6_5_5_5_0.3831805151729437,5.0,0.3831805151729437,5,2,64.28389144748915,135.0880596918058,18
out_debug_unity_adh5_D_22_3_6_5_5_5_0.3831805151729437,5.0,0.3831805151729437,5,3,76.00255845087382,112.76536726087733,18
out_debug_unity_adh5_D_22_3_6_5_5_5_0.3831805151729437,5.0,0.3831805151729437,5,4,102.2901110594682,134.98472749367932,18
out_debug_unity_adh5_D_22_3_6_5_5_5_0.3831805151729437,5.0,0.3831805151729437,5,5,113.98075082974911,112.47492904634016,18
out_debug_unity_adh5_D_22_3_6_5_5_5_0.3831805151729437,5.0,0.3831805151729437,5,6,48.3745096984245,91.05302941861761,18
out_debug_unity_adh5_D_22_3_6_5_5_5_0.3831805151729437,5.0,0.3831805151729437,5,7,58.34916144762033,68.91001628047952,18
out_debug_unity_adh5_D_22_3_6_5_5_5_0.3831805151729437,5.0,0.3831805151729437,5,8,87.3463621431463,89.55332232990905,18
out_debug_unity_adh5_D_22_3_6_5_5_5_0.3831805151729437,5.0,0.3831805151729437,5,9,99.94648875397098,67.61588270695957,18
out_debug_unity_adh5_D_22_3_6_5_5_5_0.3831805151729437,5.0,0.3831805151729437,5,10,126.38386706463139,89.45932446599527,18
out_debug_unity_adh5_D_22_3_6_5_5_5_0.3831805151729437,5.0,0.3831805151729437,5,11,139.25579663995845,66.36860301126927,18
out_debug_unity_adh5_D_22_3_6_5_5_5_0.3831805151729437,5.0,0.3831805151729437,5,12,31.64924227306148,51.87515629873379,18
out_debug_unity_adh5_D_22_3_6_5_5_5_0.3831805151729437,5.0,0.3831805151729437,5,13,41.40881173720285,29.13090027860025,18
out_debug_unity_adh5_D_22_3_6_5_5_5_0.3831805151729437,5.0,0.3831805151729437,5,14,72.14981095735098,49.324392549148634,18
out_debug_unity_adh5_D_22_3_6_5_5_5_0.3831805151729437,5.0,0.3831805151729437,5,15,83.05261200605553,25.446394716058524,18
out_debug_unity_adh5_D_22_3_6_5_5_5_0.3831805151729437,5.0,0.3831805151729437,5,16,112.49020529465821,45.76192936902061,18
out_debug_unity_adh5_D_22_3_6_5_5_5_0.3831805151729437,5.0,0.3831805151729437,5,17,123.2151053783677,19.015569365359507,18
out_debug_unity_adh5_D_23_3_6_5_5_5_1.3781978882493757,5.0,1.3781978882493757,5,0,22.977569312467523,137.51581800309376,18
out_debug_unity_adh5_D_23_3_6_5_5_5_1.3781978882493757,5.0,1.3781978882493757,5,1,36.84317782704567,113.6565580057047,18
out_debug_unity_adh5_D_23_3_6_5_5_5_1.3781978882493757,5.0,1.3781978882493757,5,2,64.28385467892615,135.0880581061528,18
out_debug_unity_adh5_D_23_3_6_5_5_5_1.3781978882493757,5.0,1.3781978882493757,5,3,76.00258842124295,112.76537751580638,18
out_debug_unity_adh5_D_23_3_6_5_5_5_1.3781978882493757,5.0,1.3781978882493757,5,4,102.29010046041215,134.9847739610862,18
out_debug_unity_adh5_D_23_3_6_5_5_5_1.3781978882493757,5.0,1.3781978882493757,5,5,113.98076566193966,112.47495548681415,18
out_debug_unity_adh5_D_23_3_6_5_5_5_1.3781978882493757,5.0,1.3781978882493757,5,6,48.37446200349104,91.05304284908307,18
out_debug_unity_adh5_D_23_3_6_5_5_5_1.3781978882493757,5.0,1.3781978882493757,5,7,58.34926661011489,68.90994004204482,18
out_debug_unity_adh5_D_23_3_6_5_5_5_1.3781978882493757,5.0,1.3781978882493757,5,8,87.34637564463753,89.55328434184533,18
out_debug_unity_adh5_D_23_3_6_5_5_5_1.3781978882493757,5.0,1.3781978882493757,5,9,99.94647398496967,67.61585636653723,18
out_debug_unity_adh5_D_23_3_6_5_5_5_1.3781978882493757,5.0,1.3781978882493757,5,10,126.38388349816385,89.45931272161486,18
out_debug_unity_adh5_D_23_3_6_5_5_5_1.3781978882493757,5.0,1.3781978882493757,5,11,139.25583456517126,66.36855002414131,18
out_debug_unity_adh5_D_23_3_6_5_5_5_1.3781978882493757,5.0,1.3781978882493757,5,12,31.649231525187517,51.87514839332085,18
out_debug_unity_adh5_D_23_3_6_5_5_5_1.3781978882493757,5.0,1.3781978882493757,5,13,41.408849527084,29.130887871649197,18
out_debug_unity_adh5_D_23_3_6_5_5_5_1.3781978882493757,5.0,1.3781978882493757,5,14,72.14969622944483,49.324469708775915,18
out_debug_unity_adh5_D_23_3_6_5_5_5_1.3781978882493757,5.0,1.3781978882493757,5,15,83.0525960807757,25.44637831266873,18
out_debug_unity_adh5_D_23_3_6_5_5_5_1.3781978882493757,5.0,1.3781978882493757,5,16,112.4902293793,45.76198268028341,18
out_debug_unity_adh5_D_23_3_6_5_5_5_1.3781978882493757,5.0,1.3781978882493757,5,17,123.21509844231304,19.015673988387594,18
out_debug_unity_adh5_D_24_3_6_5_5_5_0.3197455095164391,5.0,0.3197455095164391,5,0,22.97758609697499,137.51577182209687,18
out_debug_unity_adh5_D_24_3_6_5_5_5_0.3197455095164391,5.0,0.3197455095164391,5,1,36.84319210236786,113.65666128540586,18
out_debug_unity_adh5_D_24_3_6_5_5_5_0.3197455095164391,5.0,0.3197455095164391,5,2,64.28388423528827,135.0880647541156,18
out_debug_unity_adh5_D_24_3_6_5_5_5_0.3197455095164391,5.0,0.3197455095164391,5,3,76.00254824584451,112.7653542339519,18
out_debug_unity_adh5_D_24_3_6_5_5_5_0.3197455095164391,5.0,0.3197455095164391,5,4,102.29010342962131,134.98472567747842,18
out_debug_unity_adh5_D_24_3_6_5_5_5_0.3197455095164391,5.0,0.3197455095164391,5,5,113.98075326876237,112.47492045912264,18
out_debug_unity_adh5_D_24_3_6_5_5_5_0.3197455095164391,5.0,0.3197455095164391,5,6,48.37452318362791,91.05302872575264,18
out_debug_unity_adh5_D_24_3_6_5_5_5_0.3197455095164391,5.0,0.3197455095164391,5,7,58.34915335102935,68.91002721525633,18
out_debug_unity_adh5_D_24_3_6_5_5_5_0.3197455095164391,5.0,0.3197455095164391,5,8,87.34637286232005,89.5533302427965,18
out_debug_unity_adh5_D_24_3_6_5_5_5_0.3197455095164391,5.0,0.3197455095164391,5,9,99.94651214713645,67.61587667861728,18
out_debug_unity_adh5_D_24_3_6_5_5_5_0.3197455095164391,5.0,0.3197455095164391,5,10,126.38386106564293,89.45931733518353,18
out_debug_unity_adh5_D_24_3_6_5_5_5_0.3197455095164391,5.0,0.3197455095164391,5,11,139.2557989636185,66.3685742121107,18
out_debug_unity_adh5_D_24_3_6_5_5_5_0.3197455095164391,5.0,0.3197455095164391,5,12,31.649249637706713,51.87515139147116,18
out_debug_unity_adh5_D_24_3_6_5_5_5_0.3197455095164391,5.0,0.3197455095164391,5,13,41.40881023045092,29.130903334437843,18
out_debug_unity_adh5_D_24_3_6_5_5_5_0.3197455095164391,5.0,0.3197455095164391,5,14,72.1498010158175,49.3243687990857,18
out_debug_unity_adh5_D_24_3_6_5_5_5_0.3197455095164391,5.0,0.3197455095164391,5,15,83.0526216216386,25.446381255142853,18
out_debug_unity_adh5_D_24_3_6_5_5_5_0.3197455095164391,5.0,0.3197455095164391,5,16,112.49021115106461,45.761921684276636,18
out_debug_unity_adh5_D_24_3_6_5_5_5_0.3197455095164391,5.0,0.3197455095164391,5,17,123.21510141894312,19.01557014438638,18
out_debug_unity_adh5_D_25_3_6_5_5_5_1.203299489956901,5.0,1.203299489956901,5,0,22.97757863674479,137.51581842967892,18
out_debug_unity_adh5_D_25_3_6_5_5_5_1.203299489956901,5.0,1.203299489956901,5,1,36.84316053040293,113.65658052991147,18
out_debug_unity_adh5_D_25_3_6_5_5_5_1.203299489956901,5.0,1.203299489956901,5,2,64.28387139837889,135.0880970344611,18
out_debug_unity_adh5_D_25_3_6_5_5_5_1.203299489956901,5.0,1.203299489956901,5,3,76.00258321838587,112.76537569679004,18
out_debug_unity_adh5_D_25_3_6_5_5_5_1.203299489956901,5.0,1.203299489956901,5,4,102.29012450283726,134.98475938700986,18
out_debug_unity_adh5_D_25_3_6_5_5_5_1.203299489956901,5.0,1.203299489956901,5,5,113.98076332334709,112.47494639486483,18
out_debug_unity_adh5_D_25_3_6_5_5_5_1.203299489956901,5.0,1.203299489956901,5,6,48.374494327712746,91.05303551663941,18
out_debug_unity_adh5_D_25_3_6_5_5_5_1.203299489956901,5.0,1.203299489956901,5,7,58.349248404024415,68.90996131681301,18
out_debug_unity_adh5_D_25_3_6_5_5_5_1.203299489956901,5.0,1.203299489956901,5,8,87.34637466672837,89.55328630036398,18
out_debug_unity_adh5_D_25_3_6_5_5_5_1.203299489956901,5.0,1.203299489956901,5,9,99.94647875207039,67.61587142133637,18
out_debug_unity_adh5_D_25_3_6_5_5_5_1.203299489956901,5.0,1.203299489956901,5,10,126.38389932254552,89.4593385990678,18
out_debug_unity_adh5_D_25_3_6_5_5_5_1.203299489956901,5.0,1.203299489956901,5,11,139.25583750397047,66.36856401207864,18
out_debug_unity_adh5_D_25_3_6_5_5_5_1.203299489956901,5.0,1.203299489956901,5,12,31.649240400929617,51.875127222569695,18
out_debug_unity_adh5_D_25_3_6_5_5_5_1.203299489956901,5.0,1.203299489956901,5,13,41.40883402815525,29.130887454964725,18
out_debug_unity_adh5_D_25_3_6_5_5_5_1.203299489956901,5.0,1.203299489956901,5,14,72.14970955570323,49.32446917952526,18
out_debug_unity_adh5_D_25_3_6_5_5_5_1.203299489956901,5.0,1.203299489956901,5,15,83.05262562132923,25.446381118794317,18
out_debug_unity_adh5_D_25_3_6_5_5_5_1.203299489956901,5.0,1.203299489956901,5,16,112.4902554198538,45.76198256035605,18
out_debug_unity_adh5_D_25_3_6_5_5_5_1.203299489956901,5.0,1.203299489956901,5,17,123.21510047933168,19.015568257097488,18
out_debug_unity_adh5_D_26_3_6_5_5_5_0.298843546487125,5.0,0.298843546487125,5,0,22.977584741263314,137.51576394368013,18
out_debug_unity_adh5_D_26_3_6_5_5_5_0.298843546487125,5.0,0.298843546487125,5,1,36.84320042175238,113.6566725192962,18
out_debug_unity_adh5_D_26_3_6_5_5_5_0.298843546487125,5.0,0.298843546487125,5,2,64.28388597504022,135.08805598886644,18
out_debug_unity_adh5_D_26_3_6_5_5_5_0.298843546487125,5.0,0.298843546487125,5,3,76.00256036696848,112.76536005795288,18
out_debug_unity_adh5_D_26_3_6_5_5_5_0.298843546487125,5.0,0.298843546487125,5,4,102.29010696202857,134.98472297824398,18
out_debug_unity_adh5_D_26_3_6_5_5_5_0.298843546487125,5.0,0.298843546487125,5,5,113.98076093929892,112.47493747759647,18
out_debug_unity_adh5_D_26_3_6_5_5_5_0.298843546487125,5.0,0.298843546487125,5,6,48.37450732426593,91.05303910378358,18
out_debug_unity_adh5_D_26_3_6_5_5_5_0.298843546487125,5.0,0.298843546487125,5,7,58.34915086149332,68.91003206849688,18
out_debug_unity_adh5_D_26_3_6_5_5_5_0.298843546487125,5.0,0.298843546487125,5,8,87.34636494396182,89.55332506910338,18
out_debug_unity_adh5_D_26_3_6_5_5_5_0.298843546487125,5.0,0.298843546487125,5,9,99.94648584808346,67.61588437775013,18
out_debug_unity_adh5_D_26_3_6_5_5_5_0.298843546487125,5.0,0.298843546487125,5,10,126.38386130555193,89.45930794591867,18
out_debug_unity_adh5_D_26_3_6_5_5_5_0.298843546487125,5.0,0.298843546487125,5,11,139.25579317284868,66.36860214221029,18
out_debug_unity_adh5_D_26_3_6_5_5_5_0.298843546487125,5.0,0.298843546487125,5,12,31.649244160747475,51.87516541125612,18
out_debug_unity_adh5_D_26_3_6_5_5_5_0.298843546487125,5.0,0.298843546487125,5,13,41.40880430705341,29.130908700410206,18
out_debug_unity_adh5_D_26_3_6_5_5_5_0.298843546487125,5.0,0.298843546487125,5,14,72.14981026453329,49.32438430387455,18
out_debug_unity_adh5_D_26_3_6_5_5_5_0.298843546487125,5.0,0.298843546487125,5,15,83.05260752552252,25.446397565184352,18
out_debug_unity_adh5_D_26_3_6_5_5_5_0.298843546487125,5.0,0.298843546487125,5,16,112.49020085485178,45.761924197508826,18
out_debug_unity_adh5_D_26_3_6_5_5_5_0.298843546487125,5.0,0.298843546487125,5,17,123.21510998903813,19.015567444664008,18
out_debug_unity_adh5_D_27_3_6_5_5_5_0.8569633285019598,5.0,0.8569633285019598,5,0,22.977563944591193,137.51579469054872,18
out_debug_unity_adh5_D_27_3_6_5_5_5_0.8569633285019598,5.0,0.8569633285019598,5,1,36.843169785604296,113.65660911091855,18
out_debug_unity_adh5_D_27_3_6_5_5_5_0.8569633285019598,5.0,0.8569633285019598,5,2,64.28386709808258,135.08807487361082,18
out_debug_unity_adh5_D_27_3_6_5_5_5_0.8569633285019598,5.0,0.8569633285019598,5,3,76.00257197519811,112.76538365136928,18
out_debug_unity_adh5_D_27_3_6_5_5_5_0.8569633285019598,5.0,0.8569633285019598,5,4,102.29012592784171,134.98474712049017,18
out_debug_unity_adh5_D_27_3_6_5_5_5_0.8569633285019598,5.0,0.8569633285019598,5,5,113.98075348133143,112.47495541596989,18
out_debug_unity_adh5_D_27_3_6_5_5_5_0.8569633285019598,5.0,0.8569633285019598,5,6,48.37448233166008,91.05302137841734,18
out_debug_unity_adh5_D_27_3_6_5_5_5_0.8569633285019598,5.0,0.8569633285019598,5,7,58.34921694760779,68.90997235666835,18
out_debug_unity_adh5_D_27_3_6_5_5_5_0.8569633285019598,5.0,0.8569633285019598,5,8,87.34636811453571,89.55328475388114,18
out_debug_unity_adh5_D_27_3_6_5_5_5_0.8569633285019598,5.0,0.8569633285019598,5,9,99.94647105593987,67.61587218726801,18
out_debug_unity_adh5_D_27_3_6_5_5_5_0.8569633285019598,5.0,0.8569633285019598,5,10,126.38388746928196,89.4593374342525,18
out_debug_unity_adh5_D_27_3_6_5_5_5_0.8569633285019598,5.0,0.8569633285019598,5,11,139.25582478622192,66.36858856521164,18
out_debug_unity_adh5_D_27_3_6_5_5_5_0.8569633285019598,5.0,0.8569633285019598,5,12,31.64922874452496,51.87515215653388,18
out_debug_unity_adh5_D_27_3_6_5_5_5_0.8569633285019598,5.0,0.8569633285019598,5,13,41.408817206023905,29.130884935665023,18
out_debug_unity_adh5_D_27_3_6_5_5_5_0.8569633285019598,5.0,0.8569633285019598,5,14,72.14975392709995,49.32444967924588,18
out_debug_unity_adh5_D_27_3_6_5_5_5_0.8569633285019598,5.0,0.8569633285019598,5,15,83.05260895852712,25.446397739366404,18
out_debug_unity_adh5_D_27_3_6_5_5_5_0.8569633285019598,5.0,0.8569633285019598,5,16,112.49022704023484,45.76196584111053,18
out_debug_unity_adh5_D_27_3_6_5_5_5_0.8569633285019598,5.0,0.8569633285019598,5,17,123.21509976928928,19.015542765991594,18
out_debug_unity_adh5_D_28_3_6_5_5_5_0.6448748824000496,5.0,0.6448748824000496,5,0,22.97756880397539,137.51578770415475,18
out_debug_unity_adh5_D_28_3_6_5_5_5_0.6448748824000496,5.0,0.6448748824000496,5,1,36.843188909443874,113.6566242811553,18
out_debug_unity_adh5_D_28_3_6_5_5_5_0.6448748824000496,5.0,0.6448748824000496,5,2,64.28387517346357,135.08805030379915,18
out_debug_unity_adh5_D_28_3_6_5_5_5_0.6448748824000496,5.0,0.6448748824000496,5,3,76.00255873607212,112.76536996355935,18
out_debug_unity_adh5_D_28_3_6_5_5_5_0.6448748824000496,5.0,0.6448748824000496,5,4,102.2901081361128,134.98473343320086,18
out_debug_unity_adh5_D_28_3_6_5_5_5_0.6448748824000496,5.0,0.6448748824000496,5,5,113.98075885843737,112.47493226056882,18
out_debug_unity_adh5_D_28_3_6_5_5_5_0.6448748824000496,5.0,0.6448748824000496,5,6,48.37448629529879,91.0530262849607,18
out_debug_unity_adh5_D_28_3_6_5_5_5_0.6448748824000496,5.0,0.6448748824000496,5,7,58.34918838800664,68.90998825138789,18
out_debug_unity_adh5_D_28_3_6_5_5_5_0.6448748824000496,5.0,0.6448748824000496,5,8,87.3463645291839,89.5532949646888,18
out_debug_unity_adh5_D_28_3_6_5_5_5_0.6448748824000496,5.0,0.6448748824000496,5,9,99.94647119566696,67.61587630801925,18
out_debug_unity_adh5_D_28_3_6_5_5_5_0.6448748824000496,5.0,0.6448748824000496,5,10,126.38387529550965,89.45932337348428,18
out_debug_unity_adh5_D_28_3_6_5_5_5_0.6448748824000496,5.0,0.6448748824000496,5,11,139.2558156037512,66.36858822153023,18
out_debug_unity_adh5_D_28_3_6_5_5_5_0.6448748824000496,5.0,0.6448748824000496,5,12,31.64923068291246,51.87515803506681,18
out_debug_unity_adh5_D_28_3_6_5_5_5_0.6448748824000496,5.0,0.6448748824000496,5,13,41.40882184012269,29.130893854920775,18
out_debug_unity_adh5_D_28_3_6_5_5_5_0.6448748824000496,5.0,0.6448748824000496,5,14,72.1497871447509,49.324417789148754,18
out_debug_unity_adh5_D_28_3_6_5_5_5_0.6448748824000496,5.0,0.6448748824000496,5,15,83.05259397377348,25.446396253056772,18
out_debug_unity_adh5_D_28_3_6_5_5_5_0.6448748824000496,5.0,0.6448748824000496,5,16,112.49021189134118,45.76194769290199,18
out_debug_unity_adh5_D_28_3_6_5_5_5_0.6448748824000496,5.0,0.6448748824000496,5,17,123.21510101507575,19.01554280355239,18
out_debug_unity_adh5_D_29_3_6_5_5_5_0.6174084576534971,5.0,0.6174084576534971,5,0,22.977580030991447,137.51578670748066,18
out_debug_unity_adh5_D_29_3_6_5_5_5_0.6174084576534971,5.0,0.6174084576534971,5,1,36.84317234836448,113.65661418780185,18
out_debug_unity_adh5_D_29_3_6_5_5_5_0.6174084576534971,5.0,0.6174084576534971,5,2,64.28388161778618,135.0880528425656,18
out_debug_unity_adh5_D_29_3_6_5_5_5_0.6174084576534971,5.0,0.6174084576534971,5,3,76.00257320092466,112.76536063889581,18
out_debug_unity_adh5_D_29_3_6_5_5_5_0.6174084576534971,5.0,0.6174084576534971,5,4,102.29011032559083,134.9847530609992,18
out_debug_unity_adh5_D_29_3_6_5_5_5_0.6174084576534971,5.0,0.6174084576534971,5,5,113.98076792536106,112.47493594362436,18
out_debug_unity_adh5_D_29_3_6_5_5_5_0.6174084576534971,5.0,0.6174084576534971,5,6,48.37450483877442,91.0530191798466,18
out_debug_unity_adh5_D_29_3_6_5_5_5_0.6174084576534971,5.0,0.6174084576534971,5,7,58.349185245107286,68.90999831888446,18
out_debug_unity_adh5_D_29_3_6_5_5_5_0.6174084576534971,5.0,0.6174084576534971,5,8,87.34637505494959,89.55330323801672,18
out_debug_unity_adh5_D_29_3_6_5_5_5_0.6174084576534971,5.0,0.6174084576534971,5,9,99.94647736917786,67.61586916924209,18
out_debug_unity_adh5_D_29_3_6_5_5_5_0.6174084576534971,5.0,0.6174084576534971,5,10,126.38387014684106,89.45932583988764,18
out_debug_unity_adh5_D_29_3_6_5_5_5_0.6174084576534971,5.0,0.6174084576534971,5,11,139.255813476055,66.36859096626578,18
out_debug_unity_adh5_D_29_3_6_5_5_5_0.6174084576534971,5.0,0.6174084576534971,5,12,31.64924684725933,51.875152074994894,18
out_debug_unity_adh5_D_29_3_6_5_5_5_0.6174084576534971,5.0,0.6174084576534971,5,13,41.40883176465122,29.130891069284733,18
out_debug_unity_adh5_D_29_3_6_5_5_5_0.6174084576534971,5.0,0.6174084576534971,5,14,72.14976624895067,49.32442134299206,18
out_debug_unity_adh5_D_29_3_6_5_5_5_0.6174084576534971,5.0,0.6174084576534971,5,15,83.05260814796584,25.446393609313418,18
out_debug_unity_adh5_D_29_3_6_5_5_5_0.6174084576534971,5.0,0.6174084576534971,5,16,112.4902305637662,45.761944756687335,18
out_debug_unity_adh5_D_29_3_6_5_5_5_0.6174084576534971,5.0,0.6174084576534971,5,17,123.21510778485623,19.015550727282,18
out_debug_unity_adh5_D_2_3_6_5_5_5_0.8927300116523647,5.0,0.8927300116523647,5,0,22.977579914474635,137.51580439163342,18
out_debug_unity_adh5_D_2_3_6_5_5_5_0.8927300116523647,5.0,0.8927300116523647,5,1,36.84317586198913,113.65658831154842,18
out_debug_unity_adh5_D_2_3_6_5_5_5_0.8927300116523647,5.0,0.8927300116523647,5,2,64.2838645834503,135.08807324803578,18
out_debug_unity_adh5_D_2_3_6_5_5_5_0.8927300116523647,5.0,0.8927300116523647,5,3,76.00257143441029,112.76537369803965,18
out_debug_unity_adh5_D_2_3_6_5_5_5_0.8927300116523647,5.0,0.8927300116523647,5,4,102.2901073717321,134.98475376027798,18
out_debug_unity_adh5_D_2_3_6_5_5_5_0.8927300116523647,5.0,0.8927300116523647,5,5,113.98077200394805,112.47497577616316,18
out_debug_unity_adh5_D_2_3_6_5_5_5_0.8927300116523647,5.0,0.8927300116523647,5,6,48.37447458396006,91.05303039449622,18
out_debug_unity_adh5_D_2_3_6_5_5_5_0.8927300116523647,5.0,0.8927300116523647,5,7,58.34923400878546,68.90997771066226,18
out_debug_unity_adh5_D_2_3_6_5_5_5_0.8927300116523647,5.0,0.8927300116523647,5,8,87.34638832682704,89.55328567496781,18
out_debug_unity_adh5_D_2_3_6_5_5_5_0.8927300116523647,5.0,0.8927300116523647,5,9,99.94646198760906,67.61586578249727,18
out_debug_unity_adh5_D_2_3_6_5_5_5_0.8927300116523647,5.0,0.8927300116523647,5,10,126.38388893222277,89.4593244769746,18
out_debug_unity_adh5_D_2_3_6_5_5_5_0.8927300116523647,5.0,0.8927300116523647,5,11,139.25583620556293,66.36857232905247,18
out_debug_unity_adh5_D_2_3_6_5_5_5_0.8927300116523647,5.0,0.8927300116523647,5,12,31.649235172674835,51.87514141855336,18
out_debug_unity_adh5_D_2_3_6_5_5_5_0.8927300116523647,5.0,0.8927300116523647,5,13,41.4088334296981,29.130902148199624,18
out_debug_unity_adh5_D_2_3_6_5_5_5_0.8927300116523647,5.0,0.8927300116523647,5,14,72.14973463573106,49.324448814063345,18
out_debug_unity_adh5_D_2_3_6_5_5_5_0.8927300116523647,5.0,0.8927300116523647,5,15,83.0526195279851,25.44638487241217,18
out_debug_unity_adh5_D_2_3_6_5_5_5_0.8927300116523647,5.0,0.8927300116523647,5,16,112.49021875932188,45.76197220254619,18
out_debug_unity_adh5_D_2_3_6_5_5_5_0.8927300116523647,5.0,0.8927300116523647,5,17,123.21509614819878,19.015544931372286,18
out_debug_unity_adh5_D_30_3_6_5_5_5_0.8962753995916808,5.0,0.8962753995916808,5,0,22.977565379950196,137.51580178660814,18
out_debug_unity_adh5_D_30_3_6_5_5_5_0.8962753995916808,5.0,0.8962753995916808,5,1,36.84316887678013,113.65658345898491,18
out_debug_unity_adh5_D_30_3_6_5_5_5_0.8962753995916808,5.0,0.8962753995916808,5,2,64.28386703315284,135.0880682638922,18
out_debug_unity_adh5_D_30_3_6_5_5_5_0.8962753995916808,5.0,0.8962753995916808,5,3,76.00258003128246,112.76536362319717,18
out_debug_unity_adh5_D_30_3_6_5_5_5_0.8962753995916808,5.0,0.8962753995916808,5,4,102.29010970610427,134.98475229354418,18
out_debug_unity_adh5_D_30_3_6_5_5_5_0.8962753995916808,5.0,0.8962753995916808,5,5,113.98076434083451,112.47496990537557,18
out_debug_unity_adh5_D_30_3_6_5_5_5_0.8962753995916808,5.0,0.8962753995916808,5,6,48.374469216793365,91.05302751682063,18
out_debug_unity_adh5_D_30_3_6_5_5_5_0.8962753995916808,5.0,0.8962753995916808,5,7,58.349225884274425,68.90997768695298,18
out_debug_unity_adh5_D_30_3_6_5_5_5_0.8962753995916808,5.0,0.8962753995916808,5,8,87.34637595787207,89.55328124741874,18
out_debug_unity_adh5_D_30_3_6_5_5_5_0.8962753995916808,5.0,0.8962753995916808,5,9,99.9464646756834,67.61586856669099,18
out_debug_unity_adh5_D_30_3_6_5_5_5_0.8962753995916808,5.0,0.8962753995916808,5,10,126.38388905104405,89.45931963537747,18
out_debug_unity_adh5_D_30_3_6_5_5_5_0.8962753995916808,5.0,0.8962753995916808,5,11,139.25583702809894,66.3685751310871,18
out_debug_unity_adh5_D_30_3_6_5_5_5_0.8962753995916808,5.0,0.8962753995916808,5,12,31.649241474106788,51.8751463808159,18
out_debug_unity_adh5_D_30_3_6_5_5_5_0.8962753995916808,5.0,0.8962753995916808,5,13,41.408836804504,29.130895423296607,18
out_debug_unity_adh5_D_30_3_6_5_5_5_0.8962753995916808,5.0,0.8962753995916808,5,14,72.14974299552809,49.324444093870945,18
out_debug_unity_adh5_D_30_3_6_5_5_5_0.8962753995916808,5.0,0.8962753995916808,5,15,83.0526081723962,25.44638793445763,18
out_debug_unity_adh5_D_30_3_6_5_5_5_0.8962753995916808,5.0,0.8962753995916808,5,16,112.49022882555418,45.761969282085914,18
out_debug_unity_adh5_D_30_3_6_5_5_5_0.8962753995916808,5.0,0.8962753995916808,5,17,123.21510343417388,19.015537350990517,18
out_debug_unity_adh5_D_31_3_6_5_5_5_0.8140214510347925,5.0,0.8140214510347925,5,0,22.9775656493719,137.51579739058676,18
out_debug_unity_adh5_D_31_3_6_5_5_5_0.8140214510347925,5.0,0.8140214510347925,5,1,36.84318860176527,113.65662470875863,18
out_debug_unity_adh5_D_31_3_6_5_5_5_0.8140214510347925,5.0,0.8140214510347925,5,2,64.28386915555993,135.08805065182023,18
out_debug_unity_adh5_D_31_3_6_5_5_5_0.8140214510347925,5.0,0.8140214510347925,5,3,76.00257680928458,112.76538520340199,18
out_debug_unity_adh5_D_31_3_6_5_5_5_0.8140214510347925,5.0,0.8140214510347925,5,4,102.29011237875027,134.98473876476055,18
out_debug_unity_adh5_D_31_3_6_5_5_5_0.8140214510347925,5.0,0.8140214510347925,5,5,113.98074874355603,112.47494149711906,18
out_debug_unity_adh5_D_31_3_6_5_5_5_0.8140214510347925,5.0,0.8140214510347925,5,6,48.37446296067632,91.05303486707042,18
out_debug_unity_adh5_D_31_3_6_5_5_5_0.8140214510347925,5.0,0.8140214510347925,5,7,58.34919775703096,68.90997087411131,18
out_debug_unity_adh5_D_31_3_6_5_5_5_0.8140214510347925,5.0,0.8140214510347925,5,8,87.34635779630419,89.55328063547591,18
out_debug_unity_adh5_D_31_3_6_5_5_5_0.8140214510347925,5.0,0.8140214510347925,5,9,99.94644133835101,67.61588047013024,18
out_debug_unity_adh5_D_31_3_6_5_5_5_0.8140214510347925,5.0,0.8140214510347925,5,10,126.38387568165024,89.45933619281925,18
out_debug_unity_adh5_D_31_3_6_5_5_5_0.8140214510347925,5.0,0.8140214510347925,5,11,139.25581991987076,66.36860551645783,18
out_debug_unity_adh5_D_31_3_6_5_5_5_0.8140214510347925,5.0,0.8140214510347925,5,12,31.649213028463844,51.875162686839126,18
out_debug_unity_adh5_D_31_3_6_5_5_5_0.8140214510347925,5.0,0.8140214510347925,5,13,41.40881524803722,29.130888995507007,18
out_debug_unity_adh5_D_31_3_6_5_5_5_0.8140214510347925,5.0,0.8140214510347925,5,14,72.14977149311166,49.32444959931963,18
out_debug_unity_adh5_D_31_3_6_5_5_5_0.8140214510347925,5.0,0.8140214510347925,5,15,83.05258461500571,25.446386259268547,18
out_debug_unity_adh5_D_31_3_6_5_5_5_0.8140214510347925,5.0,0.8140214510347925,5,16,112.490200351084,45.761961169580466,18
out_debug_unity_adh5_D_31_3_6_5_5_5_0.8140214510347925,5.0,0.8140214510347925,5,17,123.21509298430362,19.01552477617199,18
out_debug_unity_adh5_D_32_3_6_5_5_5_0.5868584354979942,5.0,0.5868584354979942,5,0,22.97757351546031,137.51577959517354,18
out_debug_unity_adh5_D_32_3_6_5_5_5_0.5868584354979942,5.0,0.5868584354979942,5,1,36.84317940975128,113.65664008597462,18
out_debug_unity_adh5_D_32_3_6_5_5_5_0.5868584354979942,5.0,0.5868584354979942,5,2,64.28387882616157,135.08806536510306,18
out_debug_unity_adh5_D_32_3_6_5_5_5_0.5868584354979942,5.0,0.5868584354979942,5,3,76.00257277304561,112.76539211791982,18
out_debug_unity_adh5_D_32_3_6_5_5_5_0.5868584354979942,5.0,0.5868584354979942,5,4,102.2901073678662,134.9847322700372,18
out_debug_unity_adh5_D_32_3_6_5_5_5_0.5868584354979942,5.0,0.5868584354979942,5,5,113.98075590964636,112.47494652486468,18
out_debug_unity_adh5_D_32_3_6_5_5_5_0.5868584354979942,5.0,0.5868584354979942,5,6,48.37448609893,91.05303131057735,18
out_debug_unity_adh5_D_32_3_6_5_5_5_0.5868584354979942,5.0,0.5868584354979942,5,7,58.349184151952784,68.90998859777953,18
out_debug_unity_adh5_D_32_3_6_5_5_5_0.5868584354979942,5.0,0.5868584354979942,5,8,87.34636329026777,89.55329223221132,18
out_debug_unity_adh5_D_32_3_6_5_5_5_0.5868584354979942,5.0,0.5868584354979942,5,9,99.94646501470457,67.61587816948423,18
out_debug_unity_adh5_D_32_3_6_5_5_5_0.5868584354979942,5.0,0.5868584354979942,5,10,126.38388486830961,89.45933486071942,18
out_debug_unity_adh5_D_32_3_6_5_5_5_0.5868584354979942,5.0,0.5868584354979942,5,11,139.25580760012167,66.3686069705722,18
out_debug_unity_adh5_D_32_3_6_5_5_5_0.5868584354979942,5.0,0.5868584354979942,5,12,31.649237258010384,51.87514947670082,18
out_debug_unity_adh5_D_32_3_6_5_5_5_0.5868584354979942,5.0,0.5868584354979942,5,13,41.40881235380723,29.130892776814054,18
out_debug_unity_adh5_D_32_3_6_5_5_5_0.5868584354979942,5.0,0.5868584354979942,5,14,72.14978884963263,49.324416326604045,18
out_debug_unity_adh5_D_32_3_6_5_5_5_0.5868584354979942,5.0,0.5868584354979942,5,15,83.05261228861923,25.446393388818795,18
out_debug_unity_adh5_D_32_3_6_5_5_5_0.5868584354979942,5.0,0.5868584354979942,5,16,112.49021363325114,45.7619413801954,18
out_debug_unity_adh5_D_32_3_6_5_5_5_0.5868584354979942,5.0,0.5868584354979942,5,17,123.21509914598438,19.01554677708407,18
out_debug_unity_adh5_D_33_3_6_5_5_5_0.49040414012168415,5.0,0.49040414012168415,5,0,22.977573573920793,137.51578241410172,18
out_debug_unity_adh5_D_33_3_6_5_5_5_0.49040414012168415,5.0,0.49040414012168415,5,1,36.84319094267564,113.65663148650627,18
out_debug_unity_adh5_D_33_3_6_5_5_5_0.49040414012168415,5.0,0.49040414012168415,5,2,64.28387693404362,135.08805244314982,18
out_debug_unity_adh5_D_33_3_6_5_5_5_0.49040414012168415,5.0,0.49040414012168415,5,3,76.00256471674832,112.76536756167333,18
out_debug_unity_adh5_D_33_3_6_5_5_5_0.49040414012168415,5.0,0.49040414012168415,5,4,102.29010758248836,134.9847350325981,18
out_debug_unity_adh5_D_33_3_6_5_5_5_0.49040414012168415,5.0,0.49040414012168415,5,5,113.98075383218311,112.47493384745975,18
out_debug_unity_adh5_D_33_3_6_5_5_5_0.49040414012168415,5.0,0.49040414012168415,5,6,48.37449470444167,91.05302896454059,18
out_debug_unity_adh5_D_33_3_6_5_5_5_0.49040414012168415,5.0,0.49040414012168415,5,7,58.34916351945819,68.90999902020266,18
out_debug_unity_adh5_D_33_3_6_5_5_5_0.49040414012168415,5.0,0.49040414012168415,5,8,87.34636885886646,89.5533059775211,18
out_debug_unity_adh5_D_33_3_6_5_5_5_0.49040414012168415,5.0,0.49040414012168415,5,9,99.94648535120757,67.6158687264785,18
out_debug_unity_adh5_D_33_3_6_5_5_5_0.49040414012168415,5.0,0.49040414012168415,5,10,126.3838663591382,89.45932321853853,18
out_debug_unity_adh5_D_33_3_6_5_5_5_0.49040414012168415,5.0,0.49040414012168415,5,11,139.25581106166132,66.36858540478995,18
out_debug_unity_adh5_D_33_3_6_5_5_5_0.49040414012168415,5.0,0.49040414012168415,5,12,31.649235043695573,51.875154701434525,18
out_debug_unity_adh5_D_33_3_6_5_5_5_0.49040414012168415,5.0,0.49040414012168415,5,13,41.408813667764775,29.13090992063779,18
out_debug_unity_adh5_D_33_3_6_5_5_5_0.49040414012168415,5.0,0.49040414012168415,5,14,72.1497879780279,49.3243982690722,18
out_debug_unity_adh5_D_33_3_6_5_5_5_0.49040414012168415,5.0,0.49040414012168415,5,15,83.05259563169703,25.446394254119724,18
out_debug_unity_adh5_D_33_3_6_5_5_5_0.49040414012168415,5.0,0.49040414012168415,5,16,112.49021220254296,45.76193492724127,18
out_debug_unity_adh5_D_33_3_6_5_5_5_0.49040414012168415,5.0,0.49040414012168415,5,17,123.21508857703095,19.015557016635036,18
out_debug_unity_adh5_D_34_3_6_5_5_5_0.7277855757414504,5.0,0.7277855757414504,5,0,22.97756209253321,137.51579082211097,18
out_debug_unity_adh5_D_34_3_6_5_5_5_0.7277855757414504,5.0,0.7277855757414504,5,1,36.84318891141884,113.65660172040236,18
out_debug_unity_adh5_D_34_3_6_5_5_5_0.7277855757414504,5.0,0.7277855757414504,5,2,64.28386906924277,135.08804513118596,18
out_debug_unity_adh5_D_34_3_6_5_5_5_0.7277855757414504,5.0,0.7277855757414504,5,3,76.00258432627824,112.76537276609571,18
out_debug_unity_adh5_D_34_3_6_5_5_5_0.7277855757414504,5.0,0.7277855757414504,5,4,102.290097373454,134.98475922829286,18
out_debug_unity_adh5_D_34_3_6_5_5_5_0.7277855757414504,5.0,0.7277855757414504,5,5,113.98076381103573,112.47493941523946,18
out_debug_unity_adh5_D_34_3_6_5_5_5_0.7277855757414504,5.0,0.7277855757414504,5,6,48.374474356920054,91.05303061997283,18
out_debug_unity_adh5_D_34_3_6_5_5_5_0.7277855757414504,5.0,0.7277855757414504,5,7,58.349199931338696,68.90998074374104,18
out_debug_unity_adh5_D_34_3_6_5_5_5_0.7277855757414504,5.0,0.7277855757414504,5,8,87.34636952182787,89.55329044645298,18
out_debug_unity_adh5_D_34_3_6_5_5_5_0.7277855757414504,5.0,0.7277855757414504,5,9,99.94646140509086,67.61586699640192,18
out_debug_unity_adh5_D_34_3_6_5_5_5_0.7277855757414504,5.0,0.7277855757414504,5,10,126.38387185910295,89.45932488657532,18
out_debug_unity_adh5_D_34_3_6_5_5_5_0.7277855757414504,5.0,0.7277855757414504,5,11,139.25582665001878,66.36859013713912,18
out_debug_unity_adh5_D_34_3_6_5_5_5_0.7277855757414504,5.0,0.7277855757414504,5,12,31.649236584485127,51.875162499555834,18
out_debug_unity_adh5_D_34_3_6_5_5_5_0.7277855757414504,5.0,0.7277855757414504,5,13,41.40882484324954,29.130896278520837,18
out_debug_unity_adh5_D_34_3_6_5_5_5_0.7277855757414504,5.0,0.7277855757414504,5,14,72.14977022726394,49.32443265708918,18
out_debug_unity_adh5_D_34_3_6_5_5_5_0.7277855757414504,5.0,0.7277855757414504,5,15,83.05258929014384,25.44639174087261,18
out_debug_unity_adh5_D_34_3_6_5_5_5_0.7277855757414504,5.0,0.7277855757414504,5,16,112.49021470373962,45.76194977905549,18
out_debug_unity_adh5_D_34_3_6_5_5_5_0.7277855757414504,5.0,0.7277855757414504,5,17,123.2151051331425,19.015543503321634,18
out_debug_unity_adh5_D_35_3_6_5_5_5_0.985993287528691,5.0,0.985993287528691,5,0,22.97755733251509,137.51579418227598,18
out_debug_unity_adh5_D_35_3_6_5_5_5_0.985993287528691,5.0,0.985993287528691,5,1,36.84317289107277,113.65660725934409,18
out_debug_unity_adh5_D_35_3_6_5_5_5_0.985993287528691,5.0,0.985993287528691,5,2,64.28388266297898,135.08808364418553,18
out_debug_unity_adh5_D_35_3_6_5_5_5_0.985993287528691,5.0,0.985993287528691,5,3,76.00258294333857,112.76539652432116,18
out_debug_unity_adh5_D_35_3_6_5_5_5_0.985993287528691,5.0,0.985993287528691,5,4,102.29011464539072,134.98474426947118,18
out_debug_unity_adh5_D_35_3_6_5_5_5_0.985993287528691,5.0,0.985993287528691,5,5,113.98075056167058,112.47494987317437,18
out_debug_unity_adh5_D_35_3_6_5_5_5_0.985993287528691,5.0,0.985993287528691,5,6,48.374474210606415,91.05302398789279,18
out_debug_unity_adh5_D_35_3_6_5_5_5_0.985993287528691,5.0,0.985993287528691,5,7,58.349229923117775,68.90996631090188,18
out_debug_unity_adh5_D_35_3_6_5_5_5_0.985993287528691,5.0,0.985993287528691,5,8,87.34637357787408,89.55327343416322,18
out_debug_unity_adh5_D_35_3_6_5_5_5_0.985993287528691,5.0,0.985993287528691,5,9,99.94645471730807,67.61587669468213,18
out_debug_unity_adh5_D_35_3_6_5_5_5_0.985993287528691,5.0,0.985993287528691,5,10,126.38390054071589,89.4593408278932,18
out_debug_unity_adh5_D_35_3_6_5_5_5_0.985993287528691,5.0,0.985993287528691,5,11,139.25581980657924,66.36859577433296,18
out_debug_unity_adh5_D_35_3_6_5_5_5_0.985993287528691,5.0,0.985993287528691,5,12,31.649230474664474,51.87515192926772,18
out_debug_unity_adh5_D_35_3_6_5_5_5_0.985993287528691,5.0,0.985993287528691,5,13,41.40881856942092,29.13088560907356,18
out_debug_unity_adh5_D_35_3_6_5_5_5_0.985993287528691,5.0,0.985993287528691,5,14,72.14975844169687,49.324459206180926,18
out_debug_unity_adh5_D_35_3_6_5_5_5_0.985993287528691,5.0,0.985993287528691,5,15,83.0526138309986,25.44638190520011,18
out_debug_unity_adh5_D_35_3_6_5_5_5_0.985993287528691,5.0,0.985993287528691,5,16,112.49022306649395,45.761962789333865,18
out_debug_unity_adh5_D_35_3_6_5_5_5_0.985993287528691,5.0,0.985993287528691,5,17,123.21509538591063,19.015541182124622,18
out_debug_unity_adh5_D_36_3_6_5_5_5_1.110881824959817,5.0,1.110881824959817,5,0,22.977561478405367,137.51580612350912,18
out_debug_unity_adh5_D_36_3_6_5_5_5_1.110881824959817,5.0,1.110881824959817,5,1,36.8431828041986,113.65661024906565,18
out_debug_unity_adh5_D_36_3_6_5_5_5_1.110881824959817,5.0,1.110881824959817,5,2,64.28387713011207,135.08807362765526,18
out_debug_unity_adh5_D_36_3_6_5_5_5_1.110881824959817,5.0,1.110881824959817,5,3,76.00257957457741,112.76538848360535,18
out_debug_unity_adh5_D_36_3_6_5_5_5_1.110881824959817,5.0,1.110881824959817,5,4,102.29011756180768,134.98474197526585,18
out_debug_unity_adh5_D_36_3_6_5_5_5_1.110881824959817,5.0,1.110881824959817,5,5,113.98075506224995,112.4749649123837,18
out_debug_unity_adh5_D_36_3_6_5_5_5_1.110881824959817,5.0,1.110881824959817,5,6,48.37445349718823,91.05301963486784,18
out_debug_unity_adh5_D_36_3_6_5_5_5_1.110881824959817,5.0,1.110881824959817,5,7,58.34923126661039,68.90995212870722,18
out_debug_unity_adh5_D_36_3_6_5_5_5_1.110881824959817,5.0,1.110881824959817,5,8,87.34635119815096,89.55326369086164,18
out_debug_unity_adh5_D_36_3_6_5_5_5_1.110881824959817,5.0,1.110881824959817,5,9,99.94642715834037,67.61588263161944,18
out_debug_unity_adh5_D_36_3_6_5_5_5_1.110881824959817,5.0,1.110881824959817,5,10,126.3838885239926,89.45933533399771,18
out_debug_unity_adh5_D_36_3_6_5_5_5_1.110881824959817,5.0,1.110881824959817,5,11,139.25581775358557,66.36861035328607,18
out_debug_unity_adh5_D_36_3_6_5_5_5_1.110881824959817,5.0,1.110881824959817,5,12,31.649217047344703,51.875161352295315,18
out_debug_unity_adh5_D_36_3_6_5_5_5_1.110881824959817,5.0,1.110881824959817,5,13,41.40882992020601,29.130886000753794,18
out_debug_unity_adh5_D_36_3_6_5_5_5_1.110881824959817,5.0,1.110881824959817,5,14,72.14974509668114,49.32447275040649,18
out_debug_unity_adh5_D_36_3_6_5_5_5_1.110881824959817,5.0,1.110881824959817,5,15,83.05259962995954,25.446387089297207,18
out_debug_unity_adh5_D_36_3_6_5_5_5_1.110881824959817,5.0,1.110881824959817,5,16,112.49020596583665,45.761976224993795,18
out_debug_unity_adh5_D_36_3_6_5_5_5_1.110881824959817,5.0,1.110881824959817,5,17,123.21509654809667,19.015530555605803,18
out_debug_unity_adh5_D_37_3_6_5_5_5_0.4465864796865203,5.0,0.4465864796865203,5,0,22.9775817877908,137.5157729522391,18
out_debug_unity_adh5_D_37_3_6_5_5_5_0.4465864796865203,5.0,0.4465864796865203,5,1,36.843188603134934,113.65666522100379,18
out_debug_unity_adh5_D_37_3_6_5_5_5_0.4465864796865203,5.0,0.4465864796865203,5,2,64.28388704133586,135.08807273503467,18
out_debug_unity_adh5_D_37_3_6_5_5_5_0.4465864796865203,5.0,0.4465864796865203,5,3,76.00256526129363,112.76537365278654,18
out_debug_unity_adh5_D_37_3_6_5_5_5_0.4465864796865203,5.0,0.4465864796865203,5,4,102.29011911233937,134.98472592189293,18
out_debug_unity_adh5_D_37_3_6_5_5_5_0.4465864796865203,5.0,0.4465864796865203,5,5,113.98075787841167,112.4749315777438,18
out_debug_unity_adh5_D_37_3_6_5_5_5_0.4465864796865203,5.0,0.4465864796865203,5,6,48.37450760598343,91.0530272776105,18
out_debug_unity_adh5_D_37_3_6_5_5_5_0.4465864796865203,5.0,0.4465864796865203,5,7,58.34916617511764,68.9100044823069,18
out_debug_unity_adh5_D_37_3_6_5_5_5_0.4465864796865203,5.0,0.4465864796865203,5,8,87.34635355144981,89.55330370385518,18
out_debug_unity_adh5_D_37_3_6_5_5_5_0.4465864796865203,5.0,0.4465864796865203,5,9,99.94647196135658,67.61588983936596,18
out_debug_unity_adh5_D_37_3_6_5_5_5_0.4465864796865203,5.0,0.4465864796865203,5,10,126.38387632389886,89.45933843963768,18
out_debug_unity_adh5_D_37_3_6_5_5_5_0.4465864796865203,5.0,0.4465864796865203,5,11,139.25580234154603,66.36861195137347,18
out_debug_unity_adh5_D_37_3_6_5_5_5_0.4465864796865203,5.0,0.4465864796865203,5,12,31.64922962159456,51.87514437677631,18
out_debug_unity_adh5_D_37_3_6_5_5_5_0.4465864796865203,5.0,0.4465864796865203,5,13,41.408802856161024,29.13090281280678,18
out_debug_unity_adh5_D_37_3_6_5_5_5_0.4465864796865203,5.0,0.4465864796865203,5,14,72.14979213831238,49.32440487221577,18
out_debug_unity_adh5_D_37_3_6_5_5_5_0.4465864796865203,5.0,0.4465864796865203,5,15,83.052608070224,25.446386703161853,18
out_debug_unity_adh5_D_37_3_6_5_5_5_0.4465864796865203,5.0,0.4465864796865203,5,16,112.49019560937843,45.76193532398005,18
out_debug_unity_adh5_D_37_3_6_5_5_5_0.4465864796865203,5.0,0.4465864796865203,5,17,123.21510095070614,19.01555776838029,18
out_debug_unity_adh5_D_38_3_6_5_5_5_1.106100942538518,5.0,1.106100942538518,5,0,22.977561960828154,137.51580084247576,18
out_debug_unity_adh5_D_38_3_6_5_5_5_1.106100942538518,5.0,1.106100942538518,5,1,36.84317881428436,113.65660729315734,18
out_debug_unity_adh5_D_38_3_6_5_5_5_1.106100942538518,5.0,1.106100942538518,5,2,64.28386825472077,135.08807828138288,18
out_debug_unity_adh5_D_38_3_6_5_5_5_1.106100942538518,5.0,1.106100942538518,5,3,76.00259014790778,112.76539223119124,18
out_debug_unity_adh5_D_38_3_6_5_5_5_1.106100942538518,5.0,1.106100942538518,5,4,102.29011834733238,134.98473878781436,18
out_debug_unity_adh5_D_38_3_6_5_5_5_1.106100942538518,5.0,1.106100942538518,5,5,113.98076007707374,112.47497873947827,18
out_debug_unity_adh5_D_38_3_6_5_5_5_1.106100942538518,5.0,1.106100942538518,5,6,48.37446219391499,91.0530281574483,18
out_debug_unity_adh5_D_38_3_6_5_5_5_1.106100942538518,5.0,1.106100942538518,5,7,58.34923414836428,68.90995971742917,18
out_debug_unity_adh5_D_38_3_6_5_5_5_1.106100942538518,5.0,1.106100942538518,5,8,87.34635759988275,89.55325707388324,18
out_debug_unity_adh5_D_38_3_6_5_5_5_1.106100942538518,5.0,1.106100942538518,5,9,99.94642256190991,67.61587535234746,18
out_debug_unity_adh5_D_38_3_6_5_5_5_1.106100942538518,5.0,1.106100942538518,5,10,126.38389009892036,89.45934479243158,18
out_debug_unity_adh5_D_38_3_6_5_5_5_1.106100942538518,5.0,1.106100942538518,5,11,139.25581637776844,66.36861521826977,18
out_debug_unity_adh5_D_38_3_6_5_5_5_1.106100942538518,5.0,1.106100942538518,5,12,31.64921071983369,51.87516251977268,18
out_debug_unity_adh5_D_38_3_6_5_5_5_1.106100942538518,5.0,1.106100942538518,5,13,41.40881872225753,29.130883252873815,18
out_debug_unity_adh5_D_38_3_6_5_5_5_1.106100942538518,5.0,1.106100942538518,5,14,72.14973924461788,49.324470016297084,18
out_debug_unity_adh5_D_38_3_6_5_5_5_1.106100942538518,5.0,1.106100942538518,5,15,83.0525975198325,25.446392863226848,18
out_debug_unity_adh5_D_38_3_6_5_5_5_1.106100942538518,5.0,1.106100942538518,5,16,112.49020735433875,45.76196784382942,18
out_debug_unity_adh5_D_38_3_6_5_5_5_1.106100942538518,5.0,1.106100942538518,5,17,123.21509313504309,19.015527068711407,18
out_debug_unity_adh5_D_39_3_6_5_5_5_1.163775420827241,5.0,1.163775420827241,5,0,22.977551549920275,137.51581140551028,18
out_debug_unity_adh5_D_39_3_6_5_5_5_1.163775420827241,5.0,1.163775420827241,5,1,36.84318417348822,113.65657531095381,18
out_debug_unity_adh5_D_39_3_6_5_5_5_1.163775420827241,5.0,1.163775420827241,5,2,64.28385773183771,135.08806594575472,18
out_debug_unity_adh5_D_39_3_6_5_5_5_1.163775420827241,5.0,1.163775420827241,5,3,76.00259048621568,112.76538091415205,18
out_debug_unity_adh5_D_39_3_6_5_5_5_1.163775420827241,5.0,1.163775420827241,5,4,102.29009624603951,134.98475501773592,18
out_debug_unity_adh5_D_39_3_6_5_5_5_1.163775420827241,5.0,1.163775420827241,5,5,113.98075757362427,112.47497134659373,18
out_debug_unity_adh5_D_39_3_6_5_5_5_1.163775420827241,5.0,1.163775420827241,5,6,48.37445415211493,91.05302930443959,18
out_debug_unity_adh5_D_39_3_6_5_5_5_1.163775420827241,5.0,1.163775420827241,5,7,58.349238995622954,68.90996759464117,18
out_debug_unity_adh5_D_39_3_6_5_5_5_1.163775420827241,5.0,1.163775420827241,5,8,87.34637526952115,89.55327102056354,18
out_debug_unity_adh5_D_39_3_6_5_5_5_1.163775420827241,5.0,1.163775420827241,5,9,99.94645286685797,67.61585856843548,18
out_debug_unity_adh5_D_39_3_6_5_5_5_1.163775420827241,5.0,1.163775420827241,5,10,126.38389008196593,89.45931792899984,18
out_debug_unity_adh5_D_39_3_6_5_5_5_1.163775420827241,5.0,1.163775420827241,5,11,139.2558269033491,66.36858779003916,18
out_debug_unity_adh5_D_39_3_6_5_5_5_1.163775420827241,5.0,1.163775420827241,5,12,31.649234063709766,51.87515695294449,18
out_debug_unity_adh5_D_39_3_6_5_5_5_1.163775420827241,5.0,1.163775420827241,5,13,41.40884320912534,29.130896243704303,18
out_debug_unity_adh5_D_39_3_6_5_5_5_1.163775420827241,5.0,1.163775420827241,5,14,72.14972788214057,49.32445903284434,18
out_debug_unity_adh5_D_39_3_6_5_5_5_1.163775420827241,5.0,1.163775420827241,5,15,83.05259607839902,25.446397477713088,18
out_debug_unity_adh5_D_39_3_6_5_5_5_1.163775420827241,5.0,1.163775420827241,5,16,112.49022331722917,45.761973955707425,18
out_debug_unity_adh5_D_39_3_6_5_5_5_1.163775420827241,5.0,1.163775420827241,5,17,123.21509512298606,19.015546726994685,18
out_debug_unity_adh5_D_3_3_6_5_5_5_1.4119797824064197,5.0,1.4119797824064197,5,0,22.977557404322567,137.51581830856193,18
out_debug_unity_adh5_D_3_3_6_5_5_5_1.4119797824064197,5.0,1.4119797824064197,5,1,36.84318618156954,113.65657821596473,18
out_debug_unity_adh5_D_3_3_6_5_5_5_1.4119797824064197,5.0,1.4119797824064197,5,2,64.28385894916245,135.0880456116234,18
out_debug_unity_adh5_D_3_3_6_5_5_5_1.4119797824064197,5.0,1.4119797824064197,5,3,76.0025919869716,112.765383624151,18
out_debug_unity_adh5_D_3_3_6_5_5_5_1.4119797824064197,5.0,1.4119797824064197,5,4,102.29009419418678,134.98477277836955,18
out_debug_unity_adh5_D_3_3_6_5_5_5_1.4119797824064197,5.0,1.4119797824064197,5,5,113.9807554362664,112.47495523538352,18
out_debug_unity_adh5_D_3_3_6_5_5_5_1.4119797824064197,5.0,1.4119797824064197,5,6,48.374448749135155,91.05304422082524,18
out_debug_unity_adh5_D_3_3_6_5_5_5_1.4119797824064197,5.0,1.4119797824064197,5,7,58.34926684959666,68.90994420253286,18
out_debug_unity_adh5_D_3_3_6_5_5_5_1.4119797824064197,5.0,1.4119797824064197,5,8,87.34636644828203,89.55326681593698,18
out_debug_unity_adh5_D_3_3_6_5_5_5_1.4119797824064197,5.0,1.4119797824064197,5,9,99.94643697376527,67.61587716062657,18
out_debug_unity_adh5_D_3_3_6_5_5_5_1.4119797824064197,5.0,1.4119797824064197,5,10,126.38389425905036,89.45932845981382,18
out_debug_unity_adh5_D_3_3_6_5_5_5_1.4119797824064197,5.0,1.4119797824064197,5,11,139.25582353531638,66.36860396351432,18
out_debug_unity_adh5_D_3_3_6_5_5_5_1.4119797824064197,5.0,1.4119797824064197,5,12,31.649225056690643,51.875164595130165,18
out_debug_unity_adh5_D_3_3_6_5_5_5_1.4119797824064197,5.0,1.4119797824064197,5,13,41.40885695239785,29.130882075971765,18
out_debug_unity_adh5_D_3_3_6_5_5_5_1.4119797824064197,5.0,1.4119797824064197,5,14,72.14971288675468,49.32449363635899,18
out_debug_unity_adh5_D_3_3_6_5_5_5_1.4119797824064197,5.0,1.4119797824064197,5,15,83.05260349817995,25.4463875661833,18
out_debug_unity_adh5_D_3_3_6_5_5_5_1.4119797824064197,5.0,1.4119797824064197,5,16,112.49022573772054,45.76197922037628,18
out_debug_unity_adh5_D_3_3_6_5_5_5_1.4119797824064197,5.0,1.4119797824064197,5,17,123.21509436393633,19.01568600831604,18
out_debug_unity_adh5_D_40_3_6_5_5_5_1.0183154002210189,5.0,1.0183154002210189,5,0,22.977560733069893,137.5158147874786,18
out_debug_unity_adh5_D_40_3_6_5_5_5_1.0183154002210189,5.0,1.0183154002210189,5,1,36.84318847097827,113.6565802003633,18
out_debug_unity_adh5_D_40_3_6_5_5_5_1.0183154002210189,5.0,1.0183154002210189,5,2,64.2838642029247,135.08805306288676,18
out_debug_unity_adh5_D_40_3_6_5_5_5_1.0183154002210189,5.0,1.0183154002210189,5,3,76.00257734527548,112.7653595137869,18
out_debug_unity_adh5_D_40_3_6_5_5_5_1.0183154002210189,5.0,1.0183154002210189,5,4,102.2901008339819,134.98474868609352,18
out_debug_unity_adh5_D_40_3_6_5_5_5_1.0183154002210189,5.0,1.0183154002210189,5,5,113.98076412776543,112.47496166315598,18
out_debug_unity_adh5_D_40_3_6_5_5_5_1.0183154002210189,5.0,1.0183154002210189,5,6,48.37447291520511,91.0530320448765,18
out_debug_unity_adh5_D_40_3_6_5_5_5_1.0183154002210189,5.0,1.0183154002210189,5,7,58.34922566502496,68.90996432143125,18
out_debug_unity_adh5_D_40_3_6_5_5_5_1.0183154002210189,5.0,1.0183154002210189,5,8,87.34637203281136,89.55328291233145,18
out_debug_unity_adh5_D_40_3_6_5_5_5_1.0183154002210189,5.0,1.0183154002210189,5,9,99.94646289922635,67.61586514017567,18
out_debug_unity_adh5_D_40_3_6_5_5_5_1.0183154002210189,5.0,1.0183154002210189,5,10,126.38388012546416,89.4593106853132,18
out_debug_unity_adh5_D_40_3_6_5_5_5_1.0183154002210189,5.0,1.0183154002210189,5,11,139.2558358107834,66.36857308891541,18
out_debug_unity_adh5_D_40_3_6_5_5_5_1.0183154002210189,5.0,1.0183154002210189,5,12,31.64923174896104,51.87515290717465,18
out_debug_unity_adh5_D_40_3_6_5_5_5_1.0183154002210189,5.0,1.0183154002210189,5,13,41.40883505311019,29.13088843481061,18
out_debug_unity_adh5_D_40_3_6_5_5_5_1.0183154002210189,5.0,1.0183154002210189,5,14,72.14973788803667,49.32445236528704,18
out_debug_unity_adh5_D_40_3_6_5_5_5_1.0183154002210189,5.0,1.0183154002210189,5,15,83.05259666984898,25.446393968431366,18
out_debug_unity_adh5_D_40_3_6_5_5_5_1.0183154002210189,5.0,1.0183154002210189,5,16,112.49022082294721,45.761974121738895,18
out_debug_unity_adh5_D_40_3_6_5_5_5_1.0183154002210189,5.0,1.0183154002210189,5,17,123.21510615399472,19.015528224297803,18
out_debug_unity_adh5_D_41_3_6_5_5_5_0.7608084654294047,5.0,0.7608084654294047,5,0,22.977572617674426,137.5157889338026,18
out_debug_unity_adh5_D_41_3_6_5_5_5_0.7608084654294047,5.0,0.7608084654294047,5,1,36.84317370894434,113.65660315988366,18
out_debug_unity_adh5_D_41_3_6_5_5_5_0.7608084654294047,5.0,0.7608084654294047,5,2,64.28387370818474,135.08806828134882,18
out_debug_unity_adh5_D_41_3_6_5_5_5_0.7608084654294047,5.0,0.7608084654294047,5,3,76.00256650181653,112.76536997728385,18
out_debug_unity_adh5_D_41_3_6_5_5_5_0.7608084654294047,5.0,0.7608084654294047,5,4,102.29009747143539,134.98473984471482,18
out_debug_unity_adh5_D_41_3_6_5_5_5_0.7608084654294047,5.0,0.7608084654294047,5,5,113.9807721877158,112.47495551863527,18
out_debug_unity_adh5_D_41_3_6_5_5_5_0.7608084654294047,5.0,0.7608084654294047,5,6,48.374491091940364,91.0530228791136,18
out_debug_unity_adh5_D_41_3_6_5_5_5_0.7608084654294047,5.0,0.7608084654294047,5,7,58.349213584662,68.9099835730351,18
out_debug_unity_adh5_D_41_3_6_5_5_5_0.7608084654294047,5.0,0.7608084654294047,5,8,87.34637928895769,89.55329587271144,18
out_debug_unity_adh5_D_41_3_6_5_5_5_0.7608084654294047,5.0,0.7608084654294047,5,9,99.94646776259314,67.61586581553841,18
out_debug_unity_adh5_D_41_3_6_5_5_5_0.7608084654294047,5.0,0.7608084654294047,5,10,126.3838904457625,89.45933412340798,18
out_debug_unity_adh5_D_41_3_6_5_5_5_0.7608084654294047,5.0,0.7608084654294047,5,11,139.25582018139107,66.36858878218277,18
out_debug_unity_adh5_D_41_3_6_5_5_5_0.7608084654294047,5.0,0.7608084654294047,5,12,31.649237611603287,51.87513636303118,18
out_debug_unity_adh5_D_41_3_6_5_5_5_0.7608084654294047,5.0,0.7608084654294047,5,13,41.408833582474365,29.130894115230163,18
out_debug_unity_adh5_D_41_3_6_5_5_5_0.7608084654294047,5.0,0.7608084654294047,5,14,72.14975246512678,49.32443355857589,18
out_debug_unity_adh5_D_41_3_6_5_5_5_0.7608084654294047,5.0,0.7608084654294047,5,15,83.05262646466952,25.44639337872033,18
out_debug_unity_adh5_D_41_3_6_5_5_5_0.7608084654294047,5.0,0.7608084654294047,5,16,112.49021823998311,45.76196483167036,18
out_debug_unity_adh5_D_41_3_6_5_5_5_0.7608084654294047,5.0,0.7608084654294047,5,17,123.21511148579566,19.01554649569339,18
out_debug_unity_adh5_D_42_3_6_5_5_5_1.3431670775973343,5.0,1.3431670775973343,5,0,22.977574062544438,137.51581053846382,18
out_debug_unity_adh5_D_42_3_6_5_5_5_1.3431670775973343,5.0,1.3431670775973343,5,1,36.8431691196996,113.65657462848817,18
out_debug_unity_adh5_D_42_3_6_5_5_5_1.3431670775973343,5.0,1.3431670775973343,5,2,64.28386222534454,135.08807602341923,18
out_debug_unity_adh5_D_42_3_6_5_5_5_1.3431670775973343,5.0,1.3431670775973343,5,3,76.00257558054146,112.76538529079876,18
out_debug_unity_adh5_D_42_3_6_5_5_5_1.3431670775973343,5.0,1.3431670775973343,5,4,102.29010577026112,134.9847580250799,18
out_debug_unity_adh5_D_42_3_6_5_5_5_1.3431670775973343,5.0,1.3431670775973343,5,5,113.98076031423909,112.47495321905923,18
out_debug_unity_adh5_D_42_3_6_5_5_5_1.3431670775973343,5.0,1.3431670775973343,5,6,48.3744765630033,91.05302344017589,18
out_debug_unity_adh5_D_42_3_6_5_5_5_1.3431670775973343,5.0,1.3431670775973343,5,7,58.349253470646495,68.90994794306326,18
out_debug_unity_adh5_D_42_3_6_5_5_5_1.3431670775973343,5.0,1.3431670775973343,5,8,87.34636391185848,89.5532725336861,18
out_debug_unity_adh5_D_42_3_6_5_5_5_1.3431670775973343,5.0,1.3431670775973343,5,9,99.94645950129495,67.61587232622706,18
out_debug_unity_adh5_D_42_3_6_5_5_5_1.3431670775973343,5.0,1.3431670775973343,5,10,126.38388825841048,89.45932707917204,18
out_debug_unity_adh5_D_42_3_6_5_5_5_1.3431670775973343,5.0,1.3431670775973343,5,11,139.25582233054243,66.36856921202508,18
out_debug_unity_adh5_D_42_3_6_5_5_5_1.3431670775973343,5.0,1.3431670775973343,5,12,31.649229315675075,51.87514363822598,18
out_debug_unity_adh5_D_42_3_6_5_5_5_1.3431670775973343,5.0,1.3431670775973343,5,13,41.40883722880716,29.130885786630973,18
out_debug_unity_adh5_D_42_3_6_5_5_5_1.3431670775973343,5.0,1.3431670775973343,5,14,72.14970601367025,49.32448556921771,18
out_debug_unity_adh5_D_42_3_6_5_5_5_1.3431670775973343,5.0,1.3431670775973343,5,15,83.05261193062827,25.446375033052167,18
out_debug_unity_adh5_D_42_3_6_5_5_5_1.3431670775973343,5.0,1.3431670775973343,5,16,112.49023210316385,45.7619739403323,18
out_debug_unity_adh5_D_42_3_6_5_5_5_1.3431670775973343,5.0,1.3431670775973343,5,17,123.21509015356605,19.015651202753087,18
out_debug_unity_adh5_D_43_3_6_5_5_5_1.2406416016786277,5.0,1.2406416016786277,5,0,22.97756027940196,137.51582188439502,18
out_debug_unity_adh5_D_43_3_6_5_5_5_1.2406416016786277,5.0,1.2406416016786277,5,1,36.8431865990622,113.65658782196509,18
out_debug_unity_adh5_D_43_3_6_5_5_5_1.2406416016786277,5.0,1.2406416016786277,5,2,64.28385887648598,135.0880666046622,18
out_debug_unity_adh5_D_43_3_6_5_5_5_1.2406416016786277,5.0,1.2406416016786277,5,3,76.00258734831893,112.7653803749904,18
out_debug_unity_adh5_D_43_3_6_5_5_5_1.2406416016786277,5.0,1.2406416016786277,5,4,102.29010664545389,134.98475505987764,18
out_debug_unity_adh5_D_43_3_6_5_5_5_1.2406416016786277,5.0,1.2406416016786277,5,5,113.98075868259808,112.47497536704849,18
out_debug_unity_adh5_D_43_3_6_5_5_5_1.2406416016786277,5.0,1.2406416016786277,5,6,48.37444969811863,91.05303869641291,18
out_debug_unity_adh5_D_43_3_6_5_5_5_1.2406416016786277,5.0,1.2406416016786277,5,7,58.349244835585274,68.90995043037024,18
out_debug_unity_adh5_D_43_3_6_5_5_5_1.2406416016786277,5.0,1.2406416016786277,5,8,87.34637469784438,89.55325637614781,18
out_debug_unity_adh5_D_43_3_6_5_5_5_1.2406416016786277,5.0,1.2406416016786277,5,9,99.94643992537908,67.6158727552853,18
out_debug_unity_adh5_D_43_3_6_5_5_5_1.2406416016786277,5.0,1.2406416016786277,5,10,126.38388591687112,89.45931811151286,18
out_debug_unity_adh5_D_43_3_6_5_5_5_1.2406416016786277,5.0,1.2406416016786277,5,11,139.2558357109631,66.36858997334524,18
out_debug_unity_adh5_D_43_3_6_5_5_5_1.2406416016786277,5.0,1.2406416016786277,5,12,31.649220059871325,51.875152182039926,18
out_debug_unity_adh5_D_43_3_6_5_5_5_1.2406416016786277,5.0,1.2406416016786277,5,13,41.40883360704777,29.130875702949186,18
out_debug_unity_adh5_D_43_3_6_5_5_5_1.2406416016786277,5.0,1.2406416016786277,5,14,72.14972998024018,49.324477736651374,18
out_debug_unity_adh5_D_43_3_6_5_5_5_1.2406416016786277,5.0,1.2406416016786277,5,15,83.05259725051633,25.44638768936038,18
out_debug_unity_adh5_D_43_3_6_5_5_5_1.2406416016786277,5.0,1.2406416016786277,5,16,112.49021927679587,45.76196981712169,18
out_debug_unity_adh5_D_43_3_6_5_5_5_1.2406416016786277,5.0,1.2406416016786277,5,17,123.21509648461631,19.01557598903597,18
out_debug_unity_adh5_D_44_3_6_5_5_5_0.9491715999683648,5.0,0.9491715999683648,5,0,22.977556842781357,137.51579980627454,18
out_debug_unity_adh5_D_44_3_6_5_5_5_0.9491715999683648,5.0,0.9491715999683648,5,1,36.84318486758284,113.65661613822958,18
out_debug_unity_adh5_D_44_3_6_5_5_5_0.9491715999683648,5.0,0.9491715999683648,5,2,64.28387322419333,135.08806180458956,18
out_debug_unity_adh5_D_44_3_6_5_5_5_0.9491715999683648,5.0,0.9491715999683648,5,3,76.0025899363783,112.76538718708514,18
out_debug_unity_adh5_D_44_3_6_5_5_5_0.9491715999683648,5.0,0.9491715999683648,5,4,102.29010857447103,134.9847390131122,18
out_debug_unity_adh5_D_44_3_6_5_5_5_0.9491715999683648,5.0,0.9491715999683648,5,5,113.98076029142699,112.47496335380401,18
out_debug_unity_adh5_D_44_3_6_5_5_5_0.9491715999683648,5.0,0.9491715999683648,5,6,48.37446517845573,91.05302764715736,18
out_debug_unity_adh5_D_44_3_6_5_5_5_0.9491715999683648,5.0,0.9491715999683648,5,7,58.349213468880066,68.9099726995338,18
out_debug_unity_adh5_D_44_3_6_5_5_5_0.9491715999683648,5.0,0.9491715999683648,5,8,87.34635458118139,89.55327000630983,18
out_debug_unity_adh5_D_44_3_6_5_5_5_0.9491715999683648,5.0,0.9491715999683648,5,9,99.94643166699767,67.61587697384265,18
out_debug_unity_adh5_D_44_3_6_5_5_5_0.9491715999683648,5.0,0.9491715999683648,5,10,126.38388960660812,89.45934158990053,18
out_debug_unity_adh5_D_44_3_6_5_5_5_0.9491715999683648,5.0,0.9491715999683648,5,11,139.25582035631427,66.36861507566779,18
out_debug_unity_adh5_D_44_3_6_5_5_5_0.9491715999683648,5.0,0.9491715999683648,5,12,31.64921998662187,51.87515471173865,18
out_debug_unity_adh5_D_44_3_6_5_5_5_0.9491715999683648,5.0,0.9491715999683648,5,13,41.40881508438651,29.13089558473113,18
out_debug_unity_adh5_D_44_3_6_5_5_5_0.9491715999683648,5.0,0.9491715999683648,5,14,72.14975317280368,49.324461011999766,18
out_debug_unity_adh5_D_44_3_6_5_5_5_0.9491715999683648,5.0,0.9491715999683648,5,15,83.05259777921141,25.44638558208077,18
out_debug_unity_adh5_D_44_3_6_5_5_5_0.9491715999683648,5.0,0.9491715999683648,5,16,112.49020127054183,45.76195918657351,18
out_debug_unity_adh5_D_44_3_6_5_5_5_0.9491715999683648,5.0,0.9491715999683648,5,17,123.2150946122485,19.015534774305806,18
out_debug_unity_adh5_D_45_3_6_5_5_5_1.2832257009605688,5.0,1.2832257009605688,5,0,22.977549984389963,137.51581862161234,18
out_debug_unity_adh5_D_45_3_6_5_5_5_1.2832257009605688,5.0,1.2832257009605688,5,1,36.84318684706279,113.65658957497591,18
out_debug_unity_adh5_D_45_3_6_5_5_5_1.2832257009605688,5.0,1.2832257009605688,5,2,64.28385666902064,135.0880634588763,18
out_debug_unity_adh5_D_45_3_6_5_5_5_1.2832257009605688,5.0,1.2832257009605688,5,3,76.00256876151921,112.76538264597885,18
out_debug_unity_adh5_D_45_3_6_5_5_5_1.2832257009605688,5.0,1.2832257009605688,5,4,102.29011037618382,134.98474513516172,18
out_debug_unity_adh5_D_45_3_6_5_5_5_1.2832257009605688,5.0,1.2832257009605688,5,5,113.98074714685596,112.47494642454167,18
out_debug_unity_adh5_D_45_3_6_5_5_5_1.2832257009605688,5.0,1.2832257009605688,5,6,48.3744600314274,91.05302110821464,18
out_debug_unity_adh5_D_45_3_6_5_5_5_1.2832257009605688,5.0,1.2832257009605688,5,7,58.3492370690176,68.90994598150645,18
out_debug_unity_adh5_D_45_3_6_5_5_5_1.2832257009605688,5.0,1.2832257009605688,5,8,87.34635829507897,89.55325607081944,18
out_debug_unity_adh5_D_45_3_6_5_5_5_1.2832257009605688,5.0,1.2832257009605688,5,9,99.94643301097817,67.61587606112876,18
out_debug_unity_adh5_D_45_3_6_5_5_5_1.2832257009605688,5.0,1.2832257009605688,5,10,126.38389029540029,89.45933169453834,18
out_debug_unity_adh5_D_45_3_6_5_5_5_1.2832257009605688,5.0,1.2832257009605688,5,11,139.25582383067754,66.36858368059421,18
out_debug_unity_adh5_D_45_3_6_5_5_5_1.2832257009605688,5.0,1.2832257009605688,5,12,31.649214905720708,51.87515673892883,18
out_debug_unity_adh5_D_45_3_6_5_5_5_1.2832257009605688,5.0,1.2832257009605688,5,13,41.40882822898258,29.13087767907415,18
out_debug_unity_adh5_D_45_3_6_5_5_5_1.2832257009605688,5.0,1.2832257009605688,5,14,72.14972801643671,49.32447334755883,18
out_debug_unity_adh5_D_45_3_6_5_5_5_1.2832257009605688,5.0,1.2832257009605688,5,15,83.0525924305262,25.446374676405867,18
out_debug_unity_adh5_D_45_3_6_5_5_5_1.2832257009605688,5.0,1.2832257009605688,5,16,112.49019292682017,45.76198149068068,18
out_debug_unity_adh5_D_45_3_6_5_5_5_1.2832257009605688,5.0,1.2832257009605688,5,17,123.21509059010522,19.015587241580217,18
out_debug_unity_adh5_D_46_3_6_5_5_5_0.684977337408167,5.0,0.684977337408167,5,0,22.97757075136774,137.51579212287282,18
out_debug_unity_adh5_D_46_3_6_5_5_5_0.684977337408167,5.0,0.684977337408167,5,1,36.843182653156354,113.6566360824769,18
out_debug_unity_adh5_D_46_3_6_5_5_5_0.684977337408167,5.0,0.684977337408167,5,2,64.28388564595515,135.08806321067556,18
out_debug_unity_adh5_D_46_3_6_5_5_5_0.684977337408167,5.0,0.684977337408167,5,3,76.00256498359343,112.76539246448998,18
out_debug_unity_adh5_D_46_3_6_5_5_5_0.684977337408167,5.0,0.684977337408167,5,4,102.29012320098714,134.98472887577194,18
out_debug_unity_adh5_D_46_3_6_5_5_5_0.684977337408167,5.0,0.684977337408167,5,5,113.98074839748331,112.47494219303657,18
out_debug_unity_adh5_D_46_3_6_5_5_5_0.684977337408167,5.0,0.684977337408167,5,6,48.37449397967262,91.05302467626677,18
out_debug_unity_adh5_D_46_3_6_5_5_5_0.684977337408167,5.0,0.684977337408167,5,7,58.34918564112056,68.90998245889257,18
out_debug_unity_adh5_D_46_3_6_5_5_5_0.684977337408167,5.0,0.684977337408167,5,8,87.34636066414618,89.5532811962395,18
out_debug_unity_adh5_D_46_3_6_5_5_5_0.684977337408167,5.0,0.684977337408167,5,9,99.94644361735472,67.61588015404729,18
out_debug_unity_adh5_D_46_3_6_5_5_5_0.684977337408167,5.0,0.684977337408167,5,10,126.38388582272735,89.45934414516724,18
out_debug_unity_adh5_D_46_3_6_5_5_5_0.684977337408167,5.0,0.684977337408167,5,11,139.25581113520286,66.36860742461165,18
out_debug_unity_adh5_D_46_3_6_5_5_5_0.684977337408167,5.0,0.684977337408167,5,12,31.649224584602724,51.87514764939079,18
out_debug_unity_adh5_D_46_3_6_5_5_5_0.684977337408167,5.0,0.684977337408167,5,13,41.408811320094024,29.130894600804947,18
out_debug_unity_adh5_D_46_3_6_5_5_5_0.684977337408167,5.0,0.684977337408167,5,14,72.14977610235418,49.3244364768585,18
out_debug_unity_adh5_D_46_3_6_5_5_5_0.684977337408167,5.0,0.684977337408167,5,15,83.05259946751987,25.44638354528826,18
out_debug_unity_adh5_D_46_3_6_5_5_5_0.684977337408167,5.0,0.684977337408167,5,16,112.49021335941978,45.76195074416475,18
out_debug_unity_adh5_D_46_3_6_5_5_5_0.684977337408167,5.0,0.684977337408167,5,17,123.2150925507997,19.01553689929528,18
out_debug_unity_adh5_D_47_3_6_5_5_5_1.295909193001669,5.0,1.295909193001669,5,0,22.977560654066178,137.5158143688445,18
out_debug_unity_adh5_D_47_3_6_5_5_5_1.295909193001669,5.0,1.295909193001669,5,1,36.84319187081928,113.65661137610577,18
out_debug_unity_adh5_D_47_3_6_5_5_5_1.295909193001669,5.0,1.295909193001669,5,2,64.28386973267519,135.08807387757233,18
out_debug_unity_adh5_D_47_3_6_5_5_5_1.295909193001669,5.0,1.295909193001669,5,3,76.00259036134129,112.76540054379217,18
out_debug_unity_adh5_D_47_3_6_5_5_5_1.295909193001669,5.0,1.295909193001669,5,4,102.29012255135018,134.98474514357312,18
out_debug_unity_adh5_D_47_3_6_5_5_5_1.295909193001669,5.0,1.295909193001669,5,5,113.98075508227144,112.47494843079744,18
out_debug_unity_adh5_D_47_3_6_5_5_5_1.295909193001669,5.0,1.295909193001669,5,6,48.37446728758665,91.05303198323084,18
out_debug_unity_adh5_D_47_3_6_5_5_5_1.295909193001669,5.0,1.295909193001669,5,7,58.34924415258399,68.90995063459106,18
out_debug_unity_adh5_D_47_3_6_5_5_5_1.295909193001669,5.0,1.295909193001669,5,8,87.34636216339341,89.5532559895172,18
out_debug_unity_adh5_D_47_3_6_5_5_5_1.295909193001669,5.0,1.295909193001669,5,9,99.94643621271905,67.61587169127468,18
out_debug_unity_adh5_D_47_3_6_5_5_5_1.295909193001669,5.0,1.295909193001669,5,10,126.38389535304178,89.45935470437497,18
out_debug_unity_adh5_D_47_3_6_5_5_5_1.295909193001669,5.0,1.295909193001669,5,11,139.2558195352244,66.36860657209935,18
out_debug_unity_adh5_D_47_3_6_5_5_5_1.295909193001669,5.0,1.295909193001669,5,12,31.649218665991025,51.875146055387766,18
out_debug_unity_adh5_D_47_3_6_5_5_5_1.295909193001669,5.0,1.295909193001669,5,13,41.408816633950785,29.130873150574683,18
out_debug_unity_adh5_D_47_3_6_5_5_5_1.295909193001669,5.0,1.295909193001669,5,14,72.14973623493333,49.32448299283791,18
out_debug_unity_adh5_D_47_3_6_5_5_5_1.295909193001669,5.0,1.295909193001669,5,15,83.05260471065613,25.44639247882712,18
out_debug_unity_adh5_D_47_3_6_5_5_5_1.295909193001669,5.0,1.295909193001669,5,16,112.49021541856939,45.76197803410687,18
out_debug_unity_adh5_D_47_3_6_5_5_5_1.295909193001669,5.0,1.295909193001669,5,17,123.21508585443773,19.01559914525319,18
out_debug_unity_adh5_D_48_3_6_5_5_5_0.5989698262131917,5.0,0.5989698262131917,5,0,22.977578844925215,137.5157848438856,18
out_debug_unity_adh5_D_48_3_6_5_5_5_0.5989698262131917,5.0,0.5989698262131917,5,1,36.84318317282787,113.6566312367179,18
out_debug_unity_adh5_D_48_3_6_5_5_5_0.5989698262131917,5.0,0.5989698262131917,5,2,64.2838736251639,135.08807017089762,18
out_debug_unity_adh5_D_48_3_6_5_5_5_0.5989698262131917,5.0,0.5989698262131917,5,3,76.00256274680555,112.76538163702634,18
out_debug_unity_adh5_D_48_3_6_5_5_5_0.5989698262131917,5.0,0.5989698262131917,5,4,102.2901070032903,134.98473055547197,18
out_debug_unity_adh5_D_48_3_6_5_5_5_0.5989698262131917,5.0,0.5989698262131917,5,5,113.98076329438565,112.47495928132345,18
out_debug_unity_adh5_D_48_3_6_5_5_5_0.5989698262131917,5.0,0.5989698262131917,5,6,48.37449383810658,91.05302398875305,18
out_debug_unity_adh5_D_48_3_6_5_5_5_0.5989698262131917,5.0,0.5989698262131917,5,7,58.34918606617642,68.91000039909679,18
out_debug_unity_adh5_D_48_3_6_5_5_5_0.5989698262131917,5.0,0.5989698262131917,5,8,87.34638107444539,89.55330328163012,18
out_debug_unity_adh5_D_48_3_6_5_5_5_0.5989698262131917,5.0,0.5989698262131917,5,9,99.94646716861017,67.61586927038651,18
out_debug_unity_adh5_D_48_3_6_5_5_5_0.5989698262131917,5.0,0.5989698262131917,5,10,126.3838889141778,89.45933249504968,18
out_debug_unity_adh5_D_48_3_6_5_5_5_0.5989698262131917,5.0,0.5989698262131917,5,11,139.2558175315503,66.36860011899536,18
out_debug_unity_adh5_D_48_3_6_5_5_5_0.5989698262131917,5.0,0.5989698262131917,5,12,31.649234882482073,51.87515043523195,18
out_debug_unity_adh5_D_48_3_6_5_5_5_0.5989698262131917,5.0,0.5989698262131917,5,13,41.40882498950983,29.130906861081204,18
out_debug_unity_adh5_D_48_3_6_5_5_5_0.5989698262131917,5.0,0.5989698262131917,5,14,72.14976506648411,49.32441921360218,18
out_debug_unity_adh5_D_48_3_6_5_5_5_0.5989698262131917,5.0,0.5989698262131917,5,15,83.05261130791048,25.44639322167292,18
out_debug_unity_adh5_D_48_3_6_5_5_5_0.5989698262131917,5.0,0.5989698262131917,5,16,112.49020784232708,45.7619540293835,18
out_debug_unity_adh5_D_48_3_6_5_5_5_0.5989698262131917,5.0,0.5989698262131917,5,17,123.21509977020133,19.015557578666712,18
out_debug_unity_adh5_D_49_3_6_5_5_5_0.9202565924845427,5.0,0.9202565924845427,5,0,22.977554791995235,137.51580354389696,18
out_debug_unity_adh5_D_49_3_6_5_5_5_0.9202565924845427,5.0,0.9202565924845427,5,1,36.84318561772732,113.656595281055,18
out_debug_unity_adh5_D_49_3_6_5_5_5_0.9202565924845427,5.0,0.9202565924845427,5,2,64.28386507191378,135.08804358699456,18
out_debug_unity_adh5_D_49_3_6_5_5_5_0.9202565924845427,5.0,0.9202565924845427,5,3,76.0025831122999,112.76538007179765,18
out_debug_unity_adh5_D_49_3_6_5_5_5_0.9202565924845427,5.0,0.9202565924845427,5,4,102.290093899417,134.98475039950608,18
out_debug_unity_adh5_D_49_3_6_5_5_5_0.9202565924845427,5.0,0.9202565924845427,5,5,113.98075296601104,112.47494292451739,18
out_debug_unity_adh5_D_49_3_6_5_5_5_0.9202565924845427,5.0,0.9202565924845427,5,6,48.374460565708794,91.05303099344566,18
out_debug_unity_adh5_D_49_3_6_5_5_5_0.9202565924845427,5.0,0.9202565924845427,5,7,58.349219093248216,68.90997202035742,18
out_debug_unity_adh5_D_49_3_6_5_5_5_0.9202565924845427,5.0,0.9202565924845427,5,8,87.34636705328057,89.55327607235829,18
out_debug_unity_adh5_D_49_3_6_5_5_5_0.9202565924845427,5.0,0.9202565924845427,5,9,99.9464422123487,67.61587976187106,18
out_debug_unity_adh5_D_49_3_6_5_5_5_0.9202565924845427,5.0,0.9202565924845427,5,10,126.38388358437764,89.4593184606915,18
out_debug_unity_adh5_D_49_3_6_5_5_5_0.9202565924845427,5.0,0.9202565924845427,5,11,139.25583446422073,66.36859050358747,18
out_debug_unity_adh5_D_49_3_6_5_5_5_0.9202565924845427,5.0,0.9202565924845427,5,12,31.6492304917543,51.87516422232755,18
out_debug_unity_adh5_D_49_3_6_5_5_5_0.9202565924845427,5.0,0.9202565924845427,5,13,41.40882346626758,29.130886795081278,18
out_debug_unity_adh5_D_49_3_6_5_5_5_0.9202565924845427,5.0,0.9202565924845427,5,14,72.14975746240829,49.32444449660866,18
out_debug_unity_adh5_D_49_3_6_5_5_5_0.9202565924845427,5.0,0.9202565924845427,5,15,83.05258710207531,25.44638494772045,18
out_debug_unity_adh5_D_49_3_6_5_5_5_0.9202565924845427,5.0,0.9202565924845427,5,16,112.49021365784664,45.76195943235609,18
out_debug_unity_adh5_D_49_3_6_5_5_5_0.9202565924845427,5.0,0.9202565924845427,5,17,123.21509511735974,19.01553716291048,18
out_debug_unity_adh5_D_4_3_6_5_5_5_0.9769888161839331,5.0,0.9769888161839331,5,0,22.977561948554314,137.5158008260653,18
out_debug_unity_adh5_D_4_3_6_5_5_5_0.9769888161839331,5.0,0.9769888161839331,5,1,36.843192530193086,113.6566120484472,18
out_debug_unity_adh5_D_4_3_6_5_5_5_0.9769888161839331,5.0,0.9769888161839331,5,2,64.28386754389976,135.08806702334383,18
out_debug_unity_adh5_D_4_3_6_5_5_5_0.9769888161839331,5.0,0.9769888161839331,5,3,76.00257866708674,112.76539468515345,18
out_debug_unity_adh5_D_4_3_6_5_5_5_0.9769888161839331,5.0,0.9769888161839331,5,4,102.29010133023719,134.984737497663,18
out_debug_unity_adh5_D_4_3_6_5_5_5_0.9769888161839331,5.0,0.9769888161839331,5,5,113.98076630462185,112.4749637759076,18
out_debug_unity_adh5_D_4_3_6_5_5_5_0.9769888161839331,5.0,0.9769888161839331,5,6,48.3744778608054,91.05302951889205,18
out_debug_unity_adh5_D_4_3_6_5_5_5_0.9769888161839331,5.0,0.9769888161839331,5,7,58.34922291539382,68.90995894990533,18
out_debug_unity_adh5_D_4_3_6_5_5_5_0.9769888161839331,5.0,0.9769888161839331,5,8,87.34637886541388,89.55326110305957,18
out_debug_unity_adh5_D_4_3_6_5_5_5_0.9769888161839331,5.0,0.9769888161839331,5,9,99.9464405909743,67.6158680270665,18
out_debug_unity_adh5_D_4_3_6_5_5_5_0.9769888161839331,5.0,0.9769888161839331,5,10,126.38389808767958,89.45935349639164,18
out_debug_unity_adh5_D_4_3_6_5_5_5_0.9769888161839331,5.0,0.9769888161839331,5,11,139.25582649652225,66.36860876926323,18
out_debug_unity_adh5_D_4_3_6_5_5_5_0.9769888161839331,5.0,0.9769888161839331,5,12,31.649225247138087,51.875143835017695,18
out_debug_unity_adh5_D_4_3_6_5_5_5_0.9769888161839331,5.0,0.9769888161839331,5,13,41.40882377040958,29.13088010138688,18
out_debug_unity_adh5_D_4_3_6_5_5_5_0.9769888161839331,5.0,0.9769888161839331,5,14,72.14975977931508,49.324462924770934,18
out_debug_unity_adh5_D_4_3_6_5_5_5_0.9769888161839331,5.0,0.9769888161839331,5,15,83.05261356245897,25.446390307910317,18
out_debug_unity_adh5_D_4_3_6_5_5_5_0.9769888161839331,5.0,0.9769888161839331,5,16,112.49020102910168,45.76196513303642,18
out_debug_unity_adh5_D_4_3_6_5_5_5_0.9769888161839331,5.0,0.9769888161839331,5,17,123.21509586318757,19.01552552869576,18
out_debug_unity_adh5_D_50_3_6_5_5_5_0.7113428206348664,5.0,0.7113428206348664,5,0,22.977553737059996,137.51578784531412,18
out_debug_unity_adh5_D_50_3_6_5_5_5_0.7113428206348664,5.0,0.7113428206348664,5,1,36.843193690859685,113.65661060311957,18
out_debug_unity_adh5_D_50_3_6_5_5_5_0.7113428206348664,5.0,0.7113428206348664,5,2,64.28387242880414,135.0880547934133,18
out_debug_unity_adh5_D_50_3_6_5_5_5_0.7113428206348664,5.0,0.7113428206348664,5,3,76.00257140913222,112.76538203787777,18
out_debug_unity_adh5_D_50_3_6_5_5_5_0.7113428206348664,5.0,0.7113428206348664,5,4,102.29009333511011,134.9847329238307,18
out_debug_unity_adh5_D_50_3_6_5_5_5_0.7113428206348664,5.0,0.7113428206348664,5,5,113.98076160729472,112.47497481283078,18
out_debug_unity_adh5_D_50_3_6_5_5_5_0.7113428206348664,5.0,0.7113428206348664,5,6,48.37446639265887,91.05303542951837,18
out_debug_unity_adh5_D_50_3_6_5_5_5_0.7113428206348664,5.0,0.7113428206348664,5,7,58.349202591231766,68.90998253438848,18
out_debug_unity_adh5_D_50_3_6_5_5_5_0.7113428206348664,5.0,0.7113428206348664,5,8,87.34637122526236,89.553282679164,18
out_debug_unity_adh5_D_50_3_6_5_5_5_0.7113428206348664,5.0,0.7113428206348664,5,9,99.94645729851304,67.6158691709051,18
out_debug_unity_adh5_D_50_3_6_5_5_5_0.7113428206348664,5.0,0.7113428206348664,5,10,126.38388937847333,89.45931993496306,18
out_debug_unity_adh5_D_50_3_6_5_5_5_0.7113428206348664,5.0,0.7113428206348664,5,11,139.25582260339388,66.36859828403601,18
out_debug_unity_adh5_D_50_3_6_5_5_5_0.7113428206348664,5.0,0.7113428206348664,5,12,31.649234592868044,51.875161045522496,18
out_debug_unity_adh5_D_50_3_6_5_5_5_0.7113428206348664,5.0,0.7113428206348664,5,13,41.4088215792625,29.130888711074842,18
out_debug_unity_adh5_D_50_3_6_5_5_5_0.7113428206348664,5.0,0.7113428206348664,5,14,72.14978311253667,49.32443535403332,18
out_debug_unity_adh5_D_50_3_6_5_5_5_0.7113428206348664,5.0,0.7113428206348664,5,15,83.05260505218574,25.44639354407546,18
out_debug_unity_adh5_D_50_3_6_5_5_5_0.7113428206348664,5.0,0.7113428206348664,5,16,112.4902075146609,45.761956528595896,18
out_debug_unity_adh5_D_50_3_6_5_5_5_0.7113428206348664,5.0,0.7113428206348664,5,17,123.21509569254563,19.015539498571187,18
out_debug_unity_adh5_D_51_3_6_5_5_5_1.237707529298568,5.0,1.237707529298568,5,0,22.977560804181334,137.51582079635787,18
out_debug_unity_adh5_D_51_3_6_5_5_5_1.237707529298568,5.0,1.237707529298568,5,1,36.84318668575553,113.65658179074974,18
out_debug_unity_adh5_D_51_3_6_5_5_5_1.237707529298568,5.0,1.237707529298568,5,2,64.28386340418025,135.08807119719597,18
out_debug_unity_adh5_D_51_3_6_5_5_5_1.237707529298568,5.0,1.237707529298568,5,3,76.00257717571513,112.76538342480337,18
out_debug_unity_adh5_D_51_3_6_5_5_5_1.237707529298568,5.0,1.237707529298568,5,4,102.2901060148879,134.98474747089946,18
out_debug_unity_adh5_D_51_3_6_5_5_5_1.237707529298568,5.0,1.237707529298568,5,5,113.98076635233402,112.47496681694251,18
out_debug_unity_adh5_D_51_3_6_5_5_5_1.237707529298568,5.0,1.237707529298568,5,6,48.374446614435975,91.05303596720925,18
out_debug_unity_adh5_D_51_3_6_5_5_5_1.237707529298568,5.0,1.237707529298568,5,7,58.34926022212017,68.90995391570272,18
out_debug_unity_adh5_D_51_3_6_5_5_5_1.237707529298568,5.0,1.237707529298568,5,8,87.34637953756832,89.55326144849522,18
out_debug_unity_adh5_D_51_3_6_5_5_5_1.237707529298568,5.0,1.237707529298568,5,9,99.9464297009237,67.61586768348424,18
out_debug_unity_adh5_D_51_3_6_5_5_5_1.237707529298568,5.0,1.237707529298568,5,10,126.38389185890243,89.45932675690818,18
out_debug_unity_adh5_D_51_3_6_5_5_5_1.237707529298568,5.0,1.237707529298568,5,11,139.25583634552035,66.36858576349222,18
out_debug_unity_adh5_D_51_3_6_5_5_5_1.237707529298568,5.0,1.237707529298568,5,12,31.649224340941885,51.875157237393104,18
out_debug_unity_adh5_D_51_3_6_5_5_5_1.237707529298568,5.0,1.237707529298568,5,13,41.40883866239985,29.130883535498246,18
out_debug_unity_adh5_D_51_3_6_5_5_5_1.237707529298568,5.0,1.237707529298568,5,14,72.14972547478533,49.32447716727088,18
out_debug_unity_adh5_D_51_3_6_5_5_5_1.237707529298568,5.0,1.237707529298568,5,15,83.05259767189487,25.446389715830534,18
out_debug_unity_adh5_D_51_3_6_5_5_5_1.237707529298568,5.0,1.237707529298568,5,16,112.49021582250596,45.76197126298856,18
out_debug_unity_adh5_D_51_3_6_5_5_5_1.237707529298568,5.0,1.237707529298568,5,17,123.21509122118096,19.015578154363112,18
out_debug_unity_adh5_D_52_3_6_5_5_5_0.4073163035297721,5.0,0.4073163035297721,5,0,22.977581989676892,137.5157761588027,18
out_debug_unity_adh5_D_52_3_6_5_5_5_0.4073163035297721,5.0,0.4073163035297721,5,1,36.84318657507442,113.65663729288548,18
out_debug_unity_adh5_D_52_3_6_5_5_5_0.4073163035297721,5.0,0.4073163035297721,5,2,64.2838831197441,135.08805631207662,18
out_debug_unity_adh5_D_52_3_6_5_5_5_0.4073163035297721,5.0,0.4073163035297721,5,3,76.0025608092054,112.76535477197412,18
out_debug_unity_adh5_D_52_3_6_5_5_5_0.4073163035297721,5.0,0.4073163035297721,5,4,102.2901112719416,134.9847306590679,18
out_debug_unity_adh5_D_52_3_6_5_5_5_0.4073163035297721,5.0,0.4073163035297721,5,5,113.98075762505778,112.47492797398213,18
out_debug_unity_adh5_D_52_3_6_5_5_5_0.4073163035297721,5.0,0.4073163035297721,5,6,48.374507462761414,91.05302870363248,18
out_debug_unity_adh5_D_52_3_6_5_5_5_0.4073163035297721,5.0,0.4073163035297721,5,7,58.349163454036216,68.91001230909895,18
out_debug_unity_adh5_D_52_3_6_5_5_5_0.4073163035297721,5.0,0.4073163035297721,5,8,87.34636745755893,89.553320552908,18
out_debug_unity_adh5_D_52_3_6_5_5_5_0.4073163035297721,5.0,0.4073163035297721,5,9,99.94650013105179,67.6158745439351,18
out_debug_unity_adh5_D_52_3_6_5_5_5_0.4073163035297721,5.0,0.4073163035297721,5,10,126.38385971637479,89.4593042481851,18
out_debug_unity_adh5_D_52_3_6_5_5_5_0.4073163035297721,5.0,0.4073163035297721,5,11,139.25581341058856,66.3685755630013,18
out_debug_unity_adh5_D_52_3_6_5_5_5_0.4073163035297721,5.0,0.4073163035297721,5,12,31.64924661801254,51.87515320742754,18
out_debug_unity_adh5_D_52_3_6_5_5_5_0.4073163035297721,5.0,0.4073163035297721,5,13,41.40881305784969,29.130901846014222,18
out_debug_unity_adh5_D_52_3_6_5_5_5_0.4073163035297721,5.0,0.4073163035297721,5,14,72.14979457917087,49.32438511876629,18
out_debug_unity_adh5_D_52_3_6_5_5_5_0.4073163035297721,5.0,0.4073163035297721,5,15,83.05260342840995,25.44639177108941,18
out_debug_unity_adh5_D_52_3_6_5_5_5_0.4073163035297721,5.0,0.4073163035297721,5,16,112.49020933253212,45.761931272914204,18
out_debug_unity_adh5_D_52_3_6_5_5_5_0.4073163035297721,5.0,0.4073163035297721,5,17,123.21509581235847,19.01556616313079,18
out_debug_unity_adh5_D_53_3_6_5_5_5_1.084285199945564,5.0,1.084285199945564,5,0,22.977571881181955,137.51580027019932,18
out_debug_unity_adh5_D_53_3_6_5_5_5_1.084285199945564,5.0,1.084285199945564,5,1,36.843180384485635,113.65660568403187,18
out_debug_unity_adh5_D_53_3_6_5_5_5_1.084285199945564,5.0,1.084285199945564,5,2,64.28386185296496,135.08808537347133,18
out_debug_unity_adh5_D_53_3_6_5_5_5_1.084285199945564,5.0,1.084285199945564,5,3,76.00257493756045,112.76538614502708,18
out_debug_unity_adh5_D_53_3_6_5_5_5_1.084285199945564,5.0,1.084285199945564,5,4,102.29011928856379,134.98474454480717,18
out_debug_unity_adh5_D_53_3_6_5_5_5_1.084285199945564,5.0,1.084285199945564,5,5,113.98076063468208,112.47497313258964,18
out_debug_unity_adh5_D_53_3_6_5_5_5_1.084285199945564,5.0,1.084285199945564,5,6,48.374475275305485,91.0530248909871,18
out_debug_unity_adh5_D_53_3_6_5_5_5_1.084285199945564,5.0,1.084285199945564,5,7,58.34922689319557,68.90996084379802,18
out_debug_unity_adh5_D_53_3_6_5_5_5_1.084285199945564,5.0,1.084285199945564,5,8,87.34637135863892,89.55327251566518,18
out_debug_unity_adh5_D_53_3_6_5_5_5_1.084285199945564,5.0,1.084285199945564,5,9,99.94645318800855,67.61586650852621,18
out_debug_unity_adh5_D_53_3_6_5_5_5_1.084285199945564,5.0,1.084285199945564,5,10,126.38390389787675,89.45932848958438,18
out_debug_unity_adh5_D_53_3_6_5_5_5_1.084285199945564,5.0,1.084285199945564,5,11,139.25581831741735,66.36859358389162,18
out_debug_unity_adh5_D_53_3_6_5_5_5_1.084285199945564,5.0,1.084285199945564,5,12,31.64921862631559,51.875147781859425,18
out_debug_unity_adh5_D_53_3_6_5_5_5_1.084285199945564,5.0,1.084285199945564,5,13,41.40882896157356,29.13089382775304,18
out_debug_unity_adh5_D_53_3_6_5_5_5_1.084285199945564,5.0,1.084285199945564,5,14,72.14973165213634,49.32446224239764,18
out_debug_unity_adh5_D_53_3_6_5_5_5_1.084285199945564,5.0,1.084285199945564,5,15,83.05261088007062,25.4463795548569,18
out_debug_unity_adh5_D_53_3_6_5_5_5_1.084285199945564,5.0,1.084285199945564,5,16,112.49020180436476,45.76198165393274,18
out_debug_unity_adh5_D_53_3_6_5_5_5_1.084285199945564,5.0,1.084285199945564,5,17,123.21511132861839,19.015534454537498,18
out_debug_unity_adh5_D_54_3_6_5_5_5_0.2827382593151664,5.0,0.2827382593151664,5,0,22.977569008000675,137.51576820317348,18
out_debug_unity_adh5_D_54_3_6_5_5_5_0.2827382593151664,5.0,0.2827382593151664,5,1,36.84321396672464,113.65667017601776,18
out_debug_unity_adh5_D_54_3_6_5_5_5_0.2827382593151664,5.0,0.2827382593151664,5,2,64.28388967688777,135.08804811772953,18
out_debug_unity_adh5_D_54_3_6_5_5_5_0.2827382593151664,5.0,0.2827382593151664,5,3,76.00256048496722,112.76535512460482,18
out_debug_unity_adh5_D_54_3_6_5_5_5_0.2827382593151664,5.0,0.2827382593151664,5,4,102.29010329243353,134.9847205360892,18
out_debug_unity_adh5_D_54_3_6_5_5_5_0.2827382593151664,5.0,0.2827382593151664,5,5,113.98074610368832,112.47492046224734,18
out_debug_unity_adh5_D_54_3_6_5_5_5_0.2827382593151664,5.0,0.2827382593151664,5,6,48.37450585809531,91.05303990904953,18
out_debug_unity_adh5_D_54_3_6_5_5_5_0.2827382593151664,5.0,0.2827382593151664,5,7,58.34914557716622,68.91002355960926,18
out_debug_unity_adh5_D_54_3_6_5_5_5_0.2827382593151664,5.0,0.2827382593151664,5,8,87.3463552381843,89.55331966254316,18
out_debug_unity_adh5_D_54_3_6_5_5_5_0.2827382593151664,5.0,0.2827382593151664,5,9,99.94649633583462,67.61588268205686,18
out_debug_unity_adh5_D_54_3_6_5_5_5_0.2827382593151664,5.0,0.2827382593151664,5,10,126.38385584833962,89.45931301644121,18
out_debug_unity_adh5_D_54_3_6_5_5_5_0.2827382593151664,5.0,0.2827382593151664,5,11,139.25579670038033,66.36858713502741,18
out_debug_unity_adh5_D_54_3_6_5_5_5_0.2827382593151664,5.0,0.2827382593151664,5,12,31.649249692113774,51.87516611238184,18
out_debug_unity_adh5_D_54_3_6_5_5_5_0.2827382593151664,5.0,0.2827382593151664,5,13,41.40879246148265,29.130894739585912,18
out_debug_unity_adh5_D_54_3_6_5_5_5_0.2827382593151664,5.0,0.2827382593151664,5,14,72.14982625957859,49.32436465272576,18
out_debug_unity_adh5_D_54_3_6_5_5_5_0.2827382593151664,5.0,0.2827382593151664,5,15,83.05259657468608,25.446388761104952,18
out_debug_unity_adh5_D_54_3_6_5_5_5_0.2827382593151664,5.0,0.2827382593151664,5,16,112.49018661257865,45.761912458407714,18
out_debug_unity_adh5_D_54_3_6_5_5_5_0.2827382593151664,5.0,0.2827382593151664,5,17,123.21509883625116,19.01556723531647,18
out_debug_unity_adh5_D_55_3_6_5_5_5_0.42427420891454914,5.0,0.42427420891454914,5,0,22.97757044528798,137.51577299433703,18
out_debug_unity_adh5_D_55_3_6_5_5_5_0.42427420891454914,5.0,0.42427420891454914,5,1,36.84319859828884,113.65664401486366,18
out_debug_unity_adh5_D_55_3_6_5_5_5_0.42427420891454914,5.0,0.42427420891454914,5,2,64.28388437738892,135.08804466918448,18
out_debug_unity_adh5_D_55_3_6_5_5_5_0.42427420891454914,5.0,0.42427420891454914,5,3,76.0025596628846,112.76536090574147,18
out_debug_unity_adh5_D_55_3_6_5_5_5_0.42427420891454914,5.0,0.42427420891454914,5,4,102.29009593804624,134.9847295530063,18
out_debug_unity_adh5_D_55_3_6_5_5_5_0.42427420891454914,5.0,0.42427420891454914,5,5,113.98075171779139,112.47494266763447,18
out_debug_unity_adh5_D_55_3_6_5_5_5_0.42427420891454914,5.0,0.42427420891454914,5,6,48.37448887626883,91.05303880413355,18
out_debug_unity_adh5_D_55_3_6_5_5_5_0.42427420891454914,5.0,0.42427420891454914,5,7,58.34916587518137,68.91001106271209,18
out_debug_unity_adh5_D_55_3_6_5_5_5_0.42427420891454914,5.0,0.42427420891454914,5,8,87.34637913289872,89.55330848311854,18
out_debug_unity_adh5_D_55_3_6_5_5_5_0.42427420891454914,5.0,0.42427420891454914,5,9,99.94646253759583,67.61589028784277,18
out_debug_unity_adh5_D_55_3_6_5_5_5_0.42427420891454914,5.0,0.42427420891454914,5,10,126.38386666525572,89.45931748052696,18
out_debug_unity_adh5_D_55_3_6_5_5_5_0.42427420891454914,5.0,0.42427420891454914,5,11,139.2558095837089,66.36860803627427,18
out_debug_unity_adh5_D_55_3_6_5_5_5_0.42427420891454914,5.0,0.42427420891454914,5,12,31.64924111684348,51.87516840012867,18
out_debug_unity_adh5_D_55_3_6_5_5_5_0.42427420891454914,5.0,0.42427420891454914,5,13,41.40881595224545,29.130895382910392,18
out_debug_unity_adh5_D_55_3_6_5_5_5_0.42427420891454914,5.0,0.42427420891454914,5,14,72.14979655270284,49.324398352570086,18
out_debug_unity_adh5_D_55_3_6_5_5_5_0.42427420891454914,5.0,0.42427420891454914,5,15,83.05259775635905,25.446393822479337,18
out_debug_unity_adh5_D_55_3_6_5_5_5_0.42427420891454914,5.0,0.42427420891454914,5,16,112.49020310788251,45.761927931680326,18
out_debug_unity_adh5_D_55_3_6_5_5_5_0.42427420891454914,5.0,0.42427420891454914,5,17,123.21510313891456,19.015556115106197,18
out_debug_unity_adh5_D_56_3_6_5_5_5_0.23647398730996474,5.0,0.23647398730996474,5,0,22.977585868674833,137.5157695185695,18
out_debug_unity_adh5_D_56_3_6_5_5_5_0.23647398730996474,5.0,0.23647398730996474,5,1,36.84320796185233,113.65666497299837,18
out_debug_unity_adh5_D_56_3_6_5_5_5_0.23647398730996474,5.0,0.23647398730996474,5,2,64.28389042359494,135.08804552850572,18
out_debug_unity_adh5_D_56_3_6_5_5_5_0.23647398730996474,5.0,0.23647398730996474,5,3,76.00256287009456,112.7653506089028,18
out_debug_unity_adh5_D_56_3_6_5_5_5_0.23647398730996474,5.0,0.23647398730996474,5,4,102.29009920734643,134.9847298541933,18
out_debug_unity_adh5_D_56_3_6_5_5_5_0.23647398730996474,5.0,0.23647398730996474,5,5,113.98075207271508,112.47493285907042,18
out_debug_unity_adh5_D_56_3_6_5_5_5_0.23647398730996474,5.0,0.23647398730996474,5,6,48.374508772097165,91.05305177227889,18
out_debug_unity_adh5_D_56_3_6_5_5_5_0.23647398730996474,5.0,0.23647398730996474,5,7,58.349140203018266,68.91003978974277,18
out_debug_unity_adh5_D_56_3_6_5_5_5_0.23647398730996474,5.0,0.23647398730996474,5,8,87.34636591325197,89.55333692490281,18
out_debug_unity_adh5_D_56_3_6_5_5_5_0.23647398730996474,5.0,0.23647398730996474,5,9,99.94650450497478,67.6158886045692,18
out_debug_unity_adh5_D_56_3_6_5_5_5_0.23647398730996474,5.0,0.23647398730996474,5,10,126.38384318188152,89.4593043564751,18
out_debug_unity_adh5_D_56_3_6_5_5_5_0.23647398730996474,5.0,0.23647398730996474,5,11,139.25579567033657,66.36858955479607,18
out_debug_unity_adh5_D_56_3_6_5_5_5_0.23647398730996474,5.0,0.23647398730996474,5,12,31.649251814414054,51.875166206101404,18
out_debug_unity_adh5_D_56_3_6_5_5_5_0.23647398730996474,5.0,0.23647398730996474,5,13,41.40880758095785,29.130898541659047,18
out_debug_unity_adh5_D_56_3_6_5_5_5_0.23647398730996474,5.0,0.23647398730996474,5,14,72.14981884362318,49.32435796935426,18
out_debug_unity_adh5_D_56_3_6_5_5_5_0.23647398730996474,5.0,0.23647398730996474,5,15,83.05259963434315,25.446388245003163,18
out_debug_unity_adh5_D_56_3_6_5_5_5_0.23647398730996474,5.0,0.23647398730996474,5,16,112.49019469197954,45.76191204088429,18
out_debug_unity_adh5_D_56_3_6_5_5_5_0.23647398730996474,5.0,0.23647398730996474,5,17,123.21510318764109,19.015572714089462,18
out_debug_unity_adh5_D_57_3_6_5_5_5_0.6553500535877138,5.0,0.6553500535877138,5,0,22.977566139683503,137.51578653214418,18
out_debug_unity_adh5_D_57_3_6_5_5_5_0.6553500535877138,5.0,0.6553500535877138,5,1,36.84318862165172,113.65662355584367,18
out_debug_unity_adh5_D_57_3_6_5_5_5_0.6553500535877138,5.0,0.6553500535877138,5,2,64.28388617473082,135.08804711096695,18
out_debug_unity_adh5_D_57_3_6_5_5_5_0.6553500535877138,5.0,0.6553500535877138,5,3,76.00257814744462,112.76538353612243,18
out_debug_unity_adh5_D_57_3_6_5_5_5_0.6553500535877138,5.0,0.6553500535877138,5,4,102.29010465469317,134.98473918655966,18
out_debug_unity_adh5_D_57_3_6_5_5_5_0.6553500535877138,5.0,0.6553500535877138,5,5,113.98075909350798,112.47496091659222,18
out_debug_unity_adh5_D_57_3_6_5_5_5_0.6553500535877138,5.0,0.6553500535877138,5,6,48.3744674584762,91.05303546639364,18
out_debug_unity_adh5_D_57_3_6_5_5_5_0.6553500535877138,5.0,0.6553500535877138,5,7,58.34919182510726,68.90999039809772,18
out_debug_unity_adh5_D_57_3_6_5_5_5_0.6553500535877138,5.0,0.6553500535877138,5,8,87.34636517385816,89.55328713462889,18
out_debug_unity_adh5_D_57_3_6_5_5_5_0.6553500535877138,5.0,0.6553500535877138,5,9,99.94643757302589,67.61587435961214,18
out_debug_unity_adh5_D_57_3_6_5_5_5_0.6553500535877138,5.0,0.6553500535877138,5,10,126.3838802679852,89.45932891678814,18
out_debug_unity_adh5_D_57_3_6_5_5_5_0.6553500535877138,5.0,0.6553500535877138,5,11,139.25581376343072,66.368614157837,18
out_debug_unity_adh5_D_57_3_6_5_5_5_0.6553500535877138,5.0,0.6553500535877138,5,12,31.64923431234912,51.875153560408926,18
out_debug_unity_adh5_D_57_3_6_5_5_5_0.6553500535877138,5.0,0.6553500535877138,5,13,41.408818796898494,29.130902284315287,18
out_debug_unity_adh5_D_57_3_6_5_5_5_0.6553500535877138,5.0,0.6553500535877138,5,14,72.14977202151321,49.32442177221341,18
out_debug_unity_adh5_D_57_3_6_5_5_5_0.6553500535877138,5.0,0.6553500535877138,5,15,83.05259588643167,25.44638990216394,18
out_debug_unity_adh5_D_57_3_6_5_5_5_0.6553500535877138,5.0,0.6553500535877138,5,16,112.49020516804529,45.761944262934946,18
out_debug_unity_adh5_D_57_3_6_5_5_5_0.6553500535877138,5.0,0.6553500535877138,5,17,123.21509839517825,19.015550372184006,18
out_debug_unity_adh5_D_58_3_6_5_5_5_1.06303015889928,5.0,1.06303015889928,5,0,22.977563527858134,137.51580389413644,18
out_debug_unity_adh5_D_58_3_6_5_5_5_1.06303015889928,5.0,1.06303015889928,5,1,36.84318062990011,113.65658628846016,18
out_debug_unity_adh5_D_58_3_6_5_5_5_1.06303015889928,5.0,1.06303015889928,5,2,64.2838626156201,135.0880694733701,18
out_debug_unity_adh5_D_58_3_6_5_5_5_1.06303015889928,5.0,1.06303015889928,5,3,76.00257041527428,112.76538001485854,18
out_debug_unity_adh5_D_58_3_6_5_5_5_1.06303015889928,5.0,1.06303015889928,5,4,102.29010979582057,134.98474812602683,18
out_debug_unity_adh5_D_58_3_6_5_5_5_1.06303015889928,5.0,1.06303015889928,5,5,113.98075463340842,112.47494526273802,18
out_debug_unity_adh5_D_58_3_6_5_5_5_1.06303015889928,5.0,1.06303015889928,5,6,48.37447689035503,91.05302551492711,18
out_debug_unity_adh5_D_58_3_6_5_5_5_1.06303015889928,5.0,1.06303015889928,5,7,58.349231270809774,68.90996785164573,18
out_debug_unity_adh5_D_58_3_6_5_5_5_1.06303015889928,5.0,1.06303015889928,5,8,87.34637878899785,89.55327232788204,18
out_debug_unity_adh5_D_58_3_6_5_5_5_1.06303015889928,5.0,1.06303015889928,5,9,99.94645799971329,67.61587453472055,18
out_debug_unity_adh5_D_58_3_6_5_5_5_1.06303015889928,5.0,1.06303015889928,5,10,126.38388965022604,89.45933236319273,18
out_debug_unity_adh5_D_58_3_6_5_5_5_1.06303015889928,5.0,1.06303015889928,5,11,139.25583124265674,66.36858685310334,18
out_debug_unity_adh5_D_58_3_6_5_5_5_1.06303015889928,5.0,1.06303015889928,5,12,31.6492294707873,51.87513811387185,18
out_debug_unity_adh5_D_58_3_6_5_5_5_1.06303015889928,5.0,1.06303015889928,5,13,41.40883206653438,29.130881030834797,18
out_debug_unity_adh5_D_58_3_6_5_5_5_1.06303015889928,5.0,1.06303015889928,5,14,72.14974490500346,49.324462595089834,18
out_debug_unity_adh5_D_58_3_6_5_5_5_1.06303015889928,5.0,1.06303015889928,5,15,83.0526012592954,25.446381988014423,18
out_debug_unity_adh5_D_58_3_6_5_5_5_1.06303015889928,5.0,1.06303015889928,5,16,112.49021478944887,45.76197838784387,18
out_debug_unity_adh5_D_58_3_6_5_5_5_1.06303015889928,5.0,1.06303015889928,5,17,123.21509363493307,19.015535828235887,18
out_debug_unity_adh5_D_59_3_6_5_5_5_0.556142820485277,5.0,0.556142820485277,5,0,22.977561726800158,137.5157775726422,18
out_debug_unity_adh5_D_59_3_6_5_5_5_0.556142820485277,5.0,0.556142820485277,5,1,36.84320002605245,113.65663606466579,18
out_debug_unity_adh5_D_59_3_6_5_5_5_0.556142820485277,5.0,0.556142820485277,5,2,64.28388048565363,135.0880541409229,18
out_debug_unity_adh5_D_59_3_6_5_5_5_0.556142820485277,5.0,0.556142820485277,5,3,76.00257360594681,112.76536946736773,18
out_debug_unity_adh5_D_59_3_6_5_5_5_0.556142820485277,5.0,0.556142820485277,5,4,102.29009932619853,134.984725399347,18
out_debug_unity_adh5_D_59_3_6_5_5_5_0.556142820485277,5.0,0.556142820485277,5,5,113.98076263050966,112.47495676569089,18
out_debug_unity_adh5_D_59_3_6_5_5_5_0.556142820485277,5.0,0.556142820485277,5,6,48.37447212755114,91.05302114176276,18
out_debug_unity_adh5_D_59_3_6_5_5_5_0.556142820485277,5.0,0.556142820485277,5,7,58.349177854658926,68.90999181928758,18
out_debug_unity_adh5_D_59_3_6_5_5_5_0.556142820485277,5.0,0.556142820485277,5,8,87.34635798472517,89.55328792203672,18
out_debug_unity_adh5_D_59_3_6_5_5_5_0.556142820485277,5.0,0.556142820485277,5,9,99.94643975195633,67.61587327968584,18
out_debug_unity_adh5_D_59_3_6_5_5_5_0.556142820485277,5.0,0.556142820485277,5,10,126.38387942053514,89.45932068988843,18
out_debug_unity_adh5_D_59_3_6_5_5_5_0.556142820485277,5.0,0.556142820485277,5,11,139.25580852212246,66.36861358380554,18
out_debug_unity_adh5_D_59_3_6_5_5_5_0.556142820485277,5.0,0.556142820485277,5,12,31.649232149433107,51.87516659017421,18
out_debug_unity_adh5_D_59_3_6_5_5_5_0.556142820485277,5.0,0.556142820485277,5,13,41.408812915565115,29.130904461860734,18
out_debug_unity_adh5_D_59_3_6_5_5_5_0.556142820485277,5.0,0.556142820485277,5,14,72.1497938109852,49.324416427256864,18
out_debug_unity_adh5_D_59_3_6_5_5_5_0.556142820485277,5.0,0.556142820485277,5,15,83.05258208896122,25.4463948814544,18
out_debug_unity_adh5_D_59_3_6_5_5_5_0.556142820485277,5.0,0.556142820485277,5,16,112.49018582700552,45.76193927344638,18
out_debug_unity_adh5_D_59_3_6_5_5_5_0.556142820485277,5.0,0.556142820485277,5,17,123.21510320875835,19.015549103496635,18
out_debug_unity_adh5_D_5_3_6_5_5_5_0.8025400775017721,5.0,0.8025400775017721,5,0,22.977562552745713,137.51578962983373,18
out_debug_unity_adh5_D_5_3_6_5_5_5_0.8025400775017721,5.0,0.8025400775017721,5,1,36.84318756685495,113.65661395218166,18
out_debug_unity_adh5_D_5_3_6_5_5_5_0.8025400775017721,5.0,0.8025400775017721,5,2,64.28387584445964,135.08805842435194,18
out_debug_unity_adh5_D_5_3_6_5_5_5_0.8025400775017721,5.0,0.8025400775017721,5,3,76.00257682307374,112.76538242673855,18
out_debug_unity_adh5_D_5_3_6_5_5_5_0.8025400775017721,5.0,0.8025400775017721,5,4,102.29011393354135,134.98473815485468,18
out_debug_unity_adh5_D_5_3_6_5_5_5_0.8025400775017721,5.0,0.8025400775017721,5,5,113.9807546273749,112.47494659998141,18
out_debug_unity_adh5_D_5_3_6_5_5_5_0.8025400775017721,5.0,0.8025400775017721,5,6,48.37447453207562,91.05302494414896,18
out_debug_unity_adh5_D_5_3_6_5_5_5_0.8025400775017721,5.0,0.8025400775017721,5,7,58.34919895427077,68.90997817829818,18
out_debug_unity_adh5_D_5_3_6_5_5_5_0.8025400775017721,5.0,0.8025400775017721,5,8,87.34635283159328,89.55327675743929,18
out_debug_unity_adh5_D_5_3_6_5_5_5_0.8025400775017721,5.0,0.8025400775017721,5,9,99.94645192864994,67.61587021811462,18
out_debug_unity_adh5_D_5_3_6_5_5_5_0.8025400775017721,5.0,0.8025400775017721,5,10,126.38389232984441,89.45932989137776,18
out_debug_unity_adh5_D_5_3_6_5_5_5_0.8025400775017721,5.0,0.8025400775017721,5,11,139.2558188806512,66.36859015053098,18
out_debug_unity_adh5_D_5_3_6_5_5_5_0.8025400775017721,5.0,0.8025400775017721,5,12,31.649218019540807,51.875151830037595,18
out_debug_unity_adh5_D_5_3_6_5_5_5_0.8025400775017721,5.0,0.8025400775017721,5,13,41.408808409379056,29.13090652974456,18
out_debug_unity_adh5_D_5_3_6_5_5_5_0.8025400775017721,5.0,0.8025400775017721,5,14,72.14976561000806,49.32442632236454,18
out_debug_unity_adh5_D_5_3_6_5_5_5_0.8025400775017721,5.0,0.8025400775017721,5,15,83.05259088432685,25.446381400836696,18
out_debug_unity_adh5_D_5_3_6_5_5_5_0.8025400775017721,5.0,0.8025400775017721,5,16,112.49019960664599,45.76196133511373,18
out_debug_unity_adh5_D_5_3_6_5_5_5_0.8025400775017721,5.0,0.8025400775017721,5,17,123.21509664286482,19.015540234328217,18
out_debug_unity_adh5_D_6_3_6_5_5_5_0.3694624337518133,5.0,0.3694624337518133,5,0,22.977575032003045,137.51576653488735,18
out_debug_unity_adh5_D_6_3_6_5_5_5_0.3694624337518133,5.0,0.3694624337518133,5,1,36.843202071583995,113.65666937033485,18
out_debug_unity_adh5_D_6_3_6_5_5_5_0.3694624337518133,5.0,0.3694624337518133,5,2,64.28388490556759,135.08805935734432,18
out_debug_unity_adh5_D_6_3_6_5_5_5_0.3694624337518133,5.0,0.3694624337518133,5,3,76.00256357355869,112.765373691967,18
out_debug_unity_adh5_D_6_3_6_5_5_5_0.3694624337518133,5.0,0.3694624337518133,5,4,102.29009908125612,134.98471546332925,18
out_debug_unity_adh5_D_6_3_6_5_5_5_0.3694624337518133,5.0,0.3694624337518133,5,5,113.98075877723745,112.47494615013034,18
out_debug_unity_adh5_D_6_3_6_5_5_5_0.3694624337518133,5.0,0.3694624337518133,5,6,48.37450067748998,91.0530361391438,18
out_debug_unity_adh5_D_6_3_6_5_5_5_0.3694624337518133,5.0,0.3694624337518133,5,7,58.349156593015174,68.91001614564529,18
out_debug_unity_adh5_D_6_3_6_5_5_5_0.3694624337518133,5.0,0.3694624337518133,5,8,87.34636927718036,89.5533087882262,18
out_debug_unity_adh5_D_6_3_6_5_5_5_0.3694624337518133,5.0,0.3694624337518133,5,9,99.94647208142642,67.61588526790489,18
out_debug_unity_adh5_D_6_3_6_5_5_5_0.3694624337518133,5.0,0.3694624337518133,5,10,126.38388112389096,89.45932657641679,18
out_debug_unity_adh5_D_6_3_6_5_5_5_0.3694624337518133,5.0,0.3694624337518133,5,11,139.25579814469347,66.3686146802188,18
out_debug_unity_adh5_D_6_3_6_5_5_5_0.3694624337518133,5.0,0.3694624337518133,5,12,31.64924295075083,51.87515846936691,18
out_debug_unity_adh5_D_6_3_6_5_5_5_0.3694624337518133,5.0,0.3694624337518133,5,13,41.40880607338777,29.130902259229014,18
out_debug_unity_adh5_D_6_3_6_5_5_5_0.3694624337518133,5.0,0.3694624337518133,5,14,72.14981006954689,49.32439269191616,18
out_debug_unity_adh5_D_6_3_6_5_5_5_0.3694624337518133,5.0,0.3694624337518133,5,15,83.05260604857077,25.446389696059175,18
out_debug_unity_adh5_D_6_3_6_5_5_5_0.3694624337518133,5.0,0.3694624337518133,5,16,112.49019090854848,45.76192555308439,18
out_debug_unity_adh5_D_6_3_6_5_5_5_0.3694624337518133,5.0,0.3694624337518133,5,17,123.21510074595301,19.01556033179491,18
out_debug_unity_adh5_D_7_3_6_5_5_5_1.456227186396982,5.0,1.456227186396982,5,0,22.97756934608944,137.51581443070071,18
out_debug_unity_adh5_D_7_3_6_5_5_5_1.456227186396982,5.0,1.456227186396982,5,1,36.84317498008425,113.65660462718448,18
out_debug_unity_adh5_D_7_3_6_5_5_5_1.456227186396982,5.0,1.456227186396982,5,2,64.28386474480527,135.08810066732994,18
out_debug_unity_adh5_D_7_3_6_5_5_5_1.456227186396982,5.0,1.456227186396982,5,3,76.0025757201556,112.76539429626634,18
out_debug_unity_adh5_D_7_3_6_5_5_5_1.456227186396982,5.0,1.456227186396982,5,4,102.29011926700979,134.98474327234644,18
out_debug_unity_adh5_D_7_3_6_5_5_5_1.456227186396982,5.0,1.456227186396982,5,5,113.98075455530648,112.474944561889,18
out_debug_unity_adh5_D_7_3_6_5_5_5_1.456227186396982,5.0,1.456227186396982,5,6,48.37447421380403,91.05301817531783,18
out_debug_unity_adh5_D_7_3_6_5_5_5_1.456227186396982,5.0,1.456227186396982,5,7,58.34926196322315,68.90994585992804,18
out_debug_unity_adh5_D_7_3_6_5_5_5_1.456227186396982,5.0,1.456227186396982,5,8,87.34635309919348,89.5532544295808,18
out_debug_unity_adh5_D_7_3_6_5_5_5_1.456227186396982,5.0,1.456227186396982,5,9,99.94643347022867,67.6158632492894,18
out_debug_unity_adh5_D_7_3_6_5_5_5_1.456227186396982,5.0,1.456227186396982,5,10,126.38390459364341,89.45935091990656,18
out_debug_unity_adh5_D_7_3_6_5_5_5_1.456227186396982,5.0,1.456227186396982,5,11,139.25581164588232,66.36859166658716,18
out_debug_unity_adh5_D_7_3_6_5_5_5_1.456227186396982,5.0,1.456227186396982,5,12,31.64920792076785,51.87513493366856,18
out_debug_unity_adh5_D_7_3_6_5_5_5_1.456227186396982,5.0,1.456227186396982,5,13,41.40882315240003,29.13088732438919,18
out_debug_unity_adh5_D_7_3_6_5_5_5_1.456227186396982,5.0,1.456227186396982,5,14,72.14970289955602,49.32448651421371,18
out_debug_unity_adh5_D_7_3_6_5_5_5_1.456227186396982,5.0,1.456227186396982,5,15,83.05260971813307,25.446376010294117,18
out_debug_unity_adh5_D_7_3_6_5_5_5_1.456227186396982,5.0,1.456227186396982,5,16,112.4902085516719,45.76198189516352,18
out_debug_unity_adh5_D_7_3_6_5_5_5_1.456227186396982,5.0,1.456227186396982,5,17,123.21509092654641,19.01572715097748,18
out_debug_unity_adh5_D_8_3_6_5_5_5_0.7672117779686058,5.0,0.7672117779686058,5,0,22.977578755972193,137.5157889097111,18
out_debug_unity_adh5_D_8_3_6_5_5_5_0.7672117779686058,5.0,0.7672117779686058,5,1,36.84317021434371,113.65661668939084,18
out_debug_unity_adh5_D_8_3_6_5_5_5_0.7672117779686058,5.0,0.7672117779686058,5,2,64.28387523276432,135.08806439770626,18
out_debug_unity_adh5_D_8_3_6_5_5_5_0.7672117779686058,5.0,0.7672117779686058,5,3,76.0025626003041,112.76538399684925,18
out_debug_unity_adh5_D_8_3_6_5_5_5_0.7672117779686058,5.0,0.7672117779686058,5,4,102.29010623288282,134.98474235815237,18
out_debug_unity_adh5_D_8_3_6_5_5_5_0.7672117779686058,5.0,0.7672117779686058,5,5,113.98076661014369,112.47496658155218,18
out_debug_unity_adh5_D_8_3_6_5_5_5_0.7672117779686058,5.0,0.7672117779686058,5,6,48.37448645077245,91.05303273962608,18
out_debug_unity_adh5_D_8_3_6_5_5_5_0.7672117779686058,5.0,0.7672117779686058,5,7,58.34920679608865,68.90998224150452,18
out_debug_unity_adh5_D_8_3_6_5_5_5_0.7672117779686058,5.0,0.7672117779686058,5,8,87.34639792221708,89.55328382874954,18
out_debug_unity_adh5_D_8_3_6_5_5_5_0.7672117779686058,5.0,0.7672117779686058,5,9,99.94645504323212,67.61587472487929,18
out_debug_unity_adh5_D_8_3_6_5_5_5_0.7672117779686058,5.0,0.7672117779686058,5,10,126.38388858027861,89.45932877026144,18
out_debug_unity_adh5_D_8_3_6_5_5_5_0.7672117779686058,5.0,0.7672117779686058,5,11,139.2558202819629,66.36860144715013,18
out_debug_unity_adh5_D_8_3_6_5_5_5_0.7672117779686058,5.0,0.7672117779686058,5,12,31.64923619683917,51.875149663343336,18
out_debug_unity_adh5_D_8_3_6_5_5_5_0.7672117779686058,5.0,0.7672117779686058,5,13,41.408836980065104,29.130892109847178,18
out_debug_unity_adh5_D_8_3_6_5_5_5_0.7672117779686058,5.0,0.7672117779686058,5,14,72.14975402176762,49.32443407002876,18
out_debug_unity_adh5_D_8_3_6_5_5_5_0.7672117779686058,5.0,0.7672117779686058,5,15,83.05261979287037,25.446388960204672,18
out_debug_unity_adh5_D_8_3_6_5_5_5_0.7672117779686058,5.0,0.7672117779686058,5,16,112.49022525014554,45.7619568975442,18
out_debug_unity_adh5_D_8_3_6_5_5_5_0.7672117779686058,5.0,0.7672117779686058,5,17,123.21511532638192,19.01554129564631,18
out_debug_unity_adh5_D_9_3_6_5_5_5_0.5071167595960393,5.0,0.5071167595960393,5,0,22.977590545804393,137.51578229176596,18
out_debug_unity_adh5_D_9_3_6_5_5_5_0.5071167595960393,5.0,0.5071167595960393,5,1,36.84318361199359,113.65663288047061,18
out_debug_unity_adh5_D_9_3_6_5_5_5_0.5071167595960393,5.0,0.5071167595960393,5,2,64.28388433249137,135.0880616295515,18
out_debug_unity_adh5_D_9_3_6_5_5_5_0.5071167595960393,5.0,0.5071167595960393,5,3,76.00256930394767,112.76536650659422,18
out_debug_unity_adh5_D_9_3_6_5_5_5_0.5071167595960393,5.0,0.5071167595960393,5,4,102.29011244872918,134.98473553328054,18
out_debug_unity_adh5_D_9_3_6_5_5_5_0.5071167595960393,5.0,0.5071167595960393,5,5,113.98076802073194,112.474954628229,18
out_debug_unity_adh5_D_9_3_6_5_5_5_0.5071167595960393,5.0,0.5071167595960393,5,6,48.37450271161697,91.05303463589108,18
out_debug_unity_adh5_D_9_3_6_5_5_5_0.5071167595960393,5.0,0.5071167595960393,5,7,58.34917253994583,68.91000914458617,18
out_debug_unity_adh5_D_9_3_6_5_5_5_0.5071167595960393,5.0,0.5071167595960393,5,8,87.34637758557493,89.55331204341847,18
out_debug_unity_adh5_D_9_3_6_5_5_5_0.5071167595960393,5.0,0.5071167595960393,5,9,99.9464809706058,67.61587596818723,18
out_debug_unity_adh5_D_9_3_6_5_5_5_0.5071167595960393,5.0,0.5071167595960393,5,10,126.38387570194693,89.45931025159611,18
out_debug_unity_adh5_D_9_3_6_5_5_5_0.5071167595960393,5.0,0.5071167595960393,5,11,139.2558075235868,66.36859598503268,18
out_debug_unity_adh5_D_9_3_6_5_5_5_0.5071167595960393,5.0,0.5071167595960393,5,12,31.64924485065696,51.87514907341975,18
out_debug_unity_adh5_D_9_3_6_5_5_5_0.5071167595960393,5.0,0.5071167595960393,5,13,41.408824364294226,29.130901183225916,18
out_debug_unity_adh5_D_9_3_6_5_5_5_0.5071167595960393,5.0,0.5071167595960393,5,14,72.14976347959075,49.32441045518135,18
out_debug_unity_adh5_D_9_3_6_5_5_5_0.5071167595960393,5.0,0.5071167595960393,5,15,83.05260972308419,25.44639890261199,18
out_debug_unity_adh5_D_9_3_6_5_5_5_0.5071167595960393,5.0,0.5071167595960393,5,16,112.49021918009862,45.761943588670626,18
out_debug_unity_adh5_D_9_3_6_5_5_5_0.5071167595960393,5.0,0.5071167595960393,5,17,123.21511494415115,19.01555181992026,18
