run,rep,dif,adh,bundle,x,y,n_bundles
out_debug_ver2b_adh5_D_0_3_6_5_5_5_0.8411106215679058,5.0,0.8411106215679058,5,0,25.20546480349101,151.72697201865114,18
out_debug_ver2b_adh5_D_0_3_6_5_5_5_0.8411106215679058,5.0,0.8411106215679058,5,1,36.22520934569415,127.10167490652064,18
out_debug_ver2b_adh5_D_0_3_6_5_5_5_0.8411106215679058,5.0,0.8411106215679058,5,2,63.67414931835706,156.79161800541428,18
out_debug_ver2b_adh5_D_0_3_6_5_5_5_0.8411106215679058,5.0,0.8411106215679058,5,3,76.42836632568472,130.63499150590727,18
out_debug_ver2b_adh5_D_0_3_6_5_5_5_0.8411106215679058,5.0,0.8411106215679058,5,4,101.75166747445103,155.66295983209284,18
out_debug_ver2b_adh5_D_0_3_6_5_5_5_0.8411106215679058,5.0,0.8411106215679058,5,5,118.50917096104338,132.28683306460948,18
out_debug_ver2b_adh5_D_0_3_6_5_5_5_0.8411106215679058,5.0,0.8411106215679058,5,6,45.25883698109484,104.49704336743405,18
out_debug_ver2b_adh5_D_0_3_6_5_5_5_0.8411106215679058,5.0,0.8411106215679058,5,7,59.51813248382866,85.54870755039019,18
out_debug_ver2b_adh5_D_0_3_6_5_5_5_0.8411106215679058,5.0,0.8411106215679058,5,8,88.83671275390986,107.68703669924376,18
out_debug_ver2b_adh5_D_0_3_6_5_5_5_0.8411106215679058,5.0,0.8411106215679058,5,9,102.48577289407228,85.30076355079143,18
out_debug_ver2b_adh5_D_0_3_6_5_5_5_0.8411106215679058,5.0,0.8411106215679058,5,10,130.58438006274588,109.63547935638464,18
out_debug_ver2b_adh5_D_0_3_6_5_5_5_0.8411106215679058,5.0,0.8411106215679058,5,11,143.5718393691328,85.55108371986013,18
out_debug_ver2b_adh5_D_0_3_6_5_5_5_0.8411106215679058,5.0,0.8411106215679058,5,12,34.65041513403346,65.27282107898719,18
out_debug_ver2b_adh5_D_0_3_6_5_5_5_0.8411106215679058,5.0,0.8411106215679058,5,13,50.938313824460124,39.46774235278375,18
out_debug_ver2b_adh5_D_0_3_6_5_5_5_0.8411106215679058,5.0,0.8411106215679058,5,14,75.72490124761354,62.19545615645581,18
out_debug_ver2b_adh5_D_0_3_6_5_5_5_0.8411106215679058,5.0,0.8411106215679058,5,15,89.20624019083156,36.59953412451078,18
out_debug_ver2b_adh5_D_0_3_6_5_5_5_0.8411106215679058,5.0,0.8411106215679058,5,16,116.43392440404587,62.32384675221567,18
out_debug_ver2b_adh5_D_0_3_6_5_5_5_0.8411106215679058,5.0,0.8411106215679058,5,17,128.95122139997423,41.1524472578938,18
out_debug_ver2b_adh5_D_10_3_6_5_5_5_1.032392751536074,5.0,1.032392751536074,5,0,25.01080609855646,152.0572437244617,18
out_debug_ver2b_adh5_D_10_3_6_5_5_5_1.032392751536074,5.0,1.032392751536074,5,1,35.9556588155939,127.09235186506021,18
out_debug_ver2b_adh5_D_10_3_6_5_5_5_1.032392751536074,5.0,1.032392751536074,5,2,63.62234528047333,157.21390074017827,18
out_debug_ver2b_adh5_D_10_3_6_5_5_5_1.032392751536074,5.0,1.032392751536074,5,3,76.4285118326375,130.74147011530957,18
out_debug_ver2b_adh5_D_10_3_6_5_5_5_1.032392751536074,5.0,1.032392751536074,5,4,101.9583199777904,156.1599004619271,18
out_debug_ver2b_adh5_D_10_3_6_5_5_5_1.032392751536074,5.0,1.032392751536074,5,5,118.90754254970403,132.50310926400027,18
out_debug_ver2b_adh5_D_10_3_6_5_5_5_1.032392751536074,5.0,1.032392751536074,5,6,44.97983396554195,104.48056386013177,18
out_debug_ver2b_adh5_D_10_3_6_5_5_5_1.032392751536074,5.0,1.032392751536074,5,7,59.37003112751432,85.43089985023516,18
out_debug_ver2b_adh5_D_10_3_6_5_5_5_1.032392751536074,5.0,1.032392751536074,5,8,88.95952109844295,107.77934922344024,18
out_debug_ver2b_adh5_D_10_3_6_5_5_5_1.032392751536074,5.0,1.032392751536074,5,9,102.63200032229345,85.2281625365218,18
out_debug_ver2b_adh5_D_10_3_6_5_5_5_1.032392751536074,5.0,1.032392751536074,5,10,131.03672678215057,109.74385367292206,18
out_debug_ver2b_adh5_D_10_3_6_5_5_5_1.032392751536074,5.0,1.032392751536074,5,11,144.0378769802269,85.38342584042067,18
out_debug_ver2b_adh5_D_10_3_6_5_5_5_1.032392751536074,5.0,1.032392751536074,5,12,34.286674978394764,65.16611506573021,18
out_debug_ver2b_adh5_D_10_3_6_5_5_5_1.032392751536074,5.0,1.032392751536074,5,13,50.79953985561815,39.040696852427246,18
out_debug_ver2b_adh5_D_10_3_6_5_5_5_1.032392751536074,5.0,1.032392751536074,5,14,75.72120906976214,62.00779896844949,18
out_debug_ver2b_adh5_D_10_3_6_5_5_5_1.032392751536074,5.0,1.032392751536074,5,15,89.2690580548054,36.10811987267751,18
out_debug_ver2b_adh5_D_10_3_6_5_5_5_1.032392751536074,5.0,1.032392751536074,5,16,116.67364008208254,62.14112622721924,18
out_debug_ver2b_adh5_D_10_3_6_5_5_5_1.032392751536074,5.0,1.032392751536074,5,17,129.2867221511493,40.700244973978904,18
out_debug_ver2b_adh5_D_11_3_6_5_5_5_0.47538483954324245,5.0,0.47538483954324245,5,0,26.03465218037199,150.75805648520927,18
out_debug_ver2b_adh5_D_11_3_6_5_5_5_0.47538483954324245,5.0,0.47538483954324245,5,1,37.30774140831588,127.15126916384848,18
out_debug_ver2b_adh5_D_11_3_6_5_5_5_0.47538483954324245,5.0,0.47538483954324245,5,2,63.69320907461617,155.16776977890282,18
out_debug_ver2b_adh5_D_11_3_6_5_5_5_0.47538483954324245,5.0,0.47538483954324245,5,3,76.65513825362412,130.14768982002397,18
out_debug_ver2b_adh5_D_11_3_6_5_5_5_0.47538483954324245,5.0,0.47538483954324245,5,4,101.16173687389733,154.15807160292718,18
out_debug_ver2b_adh5_D_11_3_6_5_5_5_0.47538483954324245,5.0,0.47538483954324245,5,5,117.58503805700549,131.7264693313835,18
out_debug_ver2b_adh5_D_11_3_6_5_5_5_0.47538483954324245,5.0,0.47538483954324245,5,6,46.59304725767482,104.77462127586737,18
out_debug_ver2b_adh5_D_11_3_6_5_5_5_0.47538483954324245,5.0,0.47538483954324245,5,7,60.37267884330195,85.88092654464276,18
out_debug_ver2b_adh5_D_11_3_6_5_5_5_0.47538483954324245,5.0,0.47538483954324245,5,8,88.74126288134123,107.54995204885552,18
out_debug_ver2b_adh5_D_11_3_6_5_5_5_0.47538483954324245,5.0,0.47538483954324245,5,9,102.1214362920249,85.66191124138412,18
out_debug_ver2b_adh5_D_11_3_6_5_5_5_0.47538483954324245,5.0,0.47538483954324245,5,10,129.2388062404524,109.2699308279147,18
out_debug_ver2b_adh5_D_11_3_6_5_5_5_0.47538483954324245,5.0,0.47538483954324245,5,11,141.85770895200548,85.9578081235145,18
out_debug_ver2b_adh5_D_11_3_6_5_5_5_0.47538483954324245,5.0,0.47538483954324245,5,12,35.73410516918721,65.6776488920536,18
out_debug_ver2b_adh5_D_11_3_6_5_5_5_0.47538483954324245,5.0,0.47538483954324245,5,13,51.37838015015024,40.950438463985414,18
out_debug_ver2b_adh5_D_11_3_6_5_5_5_0.47538483954324245,5.0,0.47538483954324245,5,14,75.67893856575192,62.881715007721574,18
out_debug_ver2b_adh5_D_11_3_6_5_5_5_0.47538483954324245,5.0,0.47538483954324245,5,15,89.04436522635531,38.33689898746641,18
out_debug_ver2b_adh5_D_11_3_6_5_5_5_0.47538483954324245,5.0,0.47538483954324245,5,16,115.78036634655253,63.084886314184,18
out_debug_ver2b_adh5_D_11_3_6_5_5_5_0.47538483954324245,5.0,0.47538483954324245,5,17,127.63238760908571,42.253220829701156,18
out_debug_ver2b_adh5_D_12_3_6_5_5_5_1.469370680508597,5.0,1.469370680508597,5,0,24.88306095983016,152.55587789459477,18
out_debug_ver2b_adh5_D_12_3_6_5_5_5_1.469370680508597,5.0,1.469370680508597,5,1,35.561773512714076,126.96646401863893,18
out_debug_ver2b_adh5_D_12_3_6_5_5_5_1.469370680508597,5.0,1.469370680508597,5,2,63.57544834072234,157.71891876450067,18
out_debug_ver2b_adh5_D_12_3_6_5_5_5_1.469370680508597,5.0,1.469370680508597,5,3,76.71104082351263,131.10942168666435,18
out_debug_ver2b_adh5_D_12_3_6_5_5_5_1.469370680508597,5.0,1.469370680508597,5,4,102.3463906668626,156.99418313365211,18
out_debug_ver2b_adh5_D_12_3_6_5_5_5_1.469370680508597,5.0,1.469370680508597,5,5,119.58360305736794,132.78979243900574,18
out_debug_ver2b_adh5_D_12_3_6_5_5_5_1.469370680508597,5.0,1.469370680508597,5,6,45.69013554413379,104.65477536596654,18
out_debug_ver2b_adh5_D_12_3_6_5_5_5_1.469370680508597,5.0,1.469370680508597,5,7,58.56819371670483,85.19658450809501,18
out_debug_ver2b_adh5_D_12_3_6_5_5_5_1.469370680508597,5.0,1.469370680508597,5,8,89.42399190395751,107.93546335424155,18
out_debug_ver2b_adh5_D_12_3_6_5_5_5_1.469370680508597,5.0,1.469370680508597,5,9,103.05597213216515,85.06056044379969,18
out_debug_ver2b_adh5_D_12_3_6_5_5_5_1.469370680508597,5.0,1.469370680508597,5,10,131.79195040481196,109.76910746300223,18
out_debug_ver2b_adh5_D_12_3_6_5_5_5_1.469370680508597,5.0,1.469370680508597,5,11,144.24637797036377,85.06218406014138,18
out_debug_ver2b_adh5_D_12_3_6_5_5_5_1.469370680508597,5.0,1.469370680508597,5,12,34.94939113007864,65.04843015588915,18
out_debug_ver2b_adh5_D_12_3_6_5_5_5_1.469370680508597,5.0,1.469370680508597,5,13,50.53401813472053,38.01785168569017,18
out_debug_ver2b_adh5_D_12_3_6_5_5_5_1.469370680508597,5.0,1.469370680508597,5,14,75.75018504950582,61.70407566801017,18
out_debug_ver2b_adh5_D_12_3_6_5_5_5_1.469370680508597,5.0,1.469370680508597,5,15,89.39283075589019,35.37126277527152,18
out_debug_ver2b_adh5_D_12_3_6_5_5_5_1.469370680508597,5.0,1.469370680508597,5,16,118.50731310204542,61.85946906124976,18
out_debug_ver2b_adh5_D_12_3_6_5_5_5_1.469370680508597,5.0,1.469370680508597,5,17,128.6739561715608,38.94683157566411,18
out_debug_ver2b_adh5_D_13_3_6_5_5_5_0.5309700739485943,5.0,0.5309700739485943,5,0,25.855263139429287,150.9387715841369,18
out_debug_ver2b_adh5_D_13_3_6_5_5_5_0.5309700739485943,5.0,0.5309700739485943,5,1,37.0884989313734,127.1473675574876,18
out_debug_ver2b_adh5_D_13_3_6_5_5_5_0.5309700739485943,5.0,0.5309700739485943,5,2,63.70178331458849,155.51384358166584,18
out_debug_ver2b_adh5_D_13_3_6_5_5_5_0.5309700739485943,5.0,0.5309700739485943,5,3,76.64883722566246,130.23468175397443,18
out_debug_ver2b_adh5_D_13_3_6_5_5_5_0.5309700739485943,5.0,0.5309700739485943,5,4,101.26278152406763,154.43940044290161,18
out_debug_ver2b_adh5_D_13_3_6_5_5_5_0.5309700739485943,5.0,0.5309700739485943,5,5,117.70126520289409,131.83361018083244,18
out_debug_ver2b_adh5_D_13_3_6_5_5_5_0.5309700739485943,5.0,0.5309700739485943,5,6,46.29911605299068,104.75012825336671,18
out_debug_ver2b_adh5_D_13_3_6_5_5_5_0.5309700739485943,5.0,0.5309700739485943,5,7,60.29428104295703,85.85933093568137,18
out_debug_ver2b_adh5_D_13_3_6_5_5_5_0.5309700739485943,5.0,0.5309700739485943,5,8,88.71073364375809,107.50417587562714,18
out_debug_ver2b_adh5_D_13_3_6_5_5_5_0.5309700739485943,5.0,0.5309700739485943,5,9,102.21530178238082,85.56232225977561,18
out_debug_ver2b_adh5_D_13_3_6_5_5_5_0.5309700739485943,5.0,0.5309700739485943,5,10,129.5072498201562,109.38791277727323,18
out_debug_ver2b_adh5_D_13_3_6_5_5_5_0.5309700739485943,5.0,0.5309700739485943,5,11,142.19699336321415,85.88332266974861,18
out_debug_ver2b_adh5_D_13_3_6_5_5_5_0.5309700739485943,5.0,0.5309700739485943,5,12,35.405707879711265,65.66419641019935,18
out_debug_ver2b_adh5_D_13_3_6_5_5_5_0.5309700739485943,5.0,0.5309700739485943,5,13,51.2697495546473,40.65634537438381,18
out_debug_ver2b_adh5_D_13_3_6_5_5_5_0.5309700739485943,5.0,0.5309700739485943,5,14,75.51192582619318,62.74509616039555,18
out_debug_ver2b_adh5_D_13_3_6_5_5_5_0.5309700739485943,5.0,0.5309700739485943,5,15,89.05572328121991,38.015169630851,18
out_debug_ver2b_adh5_D_13_3_6_5_5_5_0.5309700739485943,5.0,0.5309700739485943,5,16,115.80083929699458,62.93996728978285,18
out_debug_ver2b_adh5_D_13_3_6_5_5_5_0.5309700739485943,5.0,0.5309700739485943,5,17,127.86854146432945,42.08408680611995,18
out_debug_ver2b_adh5_D_14_3_6_5_5_5_1.3106322130526427,5.0,1.3106322130526427,5,0,24.859647592720176,152.50001381534233,18
out_debug_ver2b_adh5_D_14_3_6_5_5_5_1.3106322130526427,5.0,1.3106322130526427,5,1,35.69124711952519,127.06914554779318,18
out_debug_ver2b_adh5_D_14_3_6_5_5_5_1.3106322130526427,5.0,1.3106322130526427,5,2,63.59428016690955,157.63016604906335,18
out_debug_ver2b_adh5_D_14_3_6_5_5_5_1.3106322130526427,5.0,1.3106322130526427,5,3,76.52930818778155,130.95404523308812,18
out_debug_ver2b_adh5_D_14_3_6_5_5_5_1.3106322130526427,5.0,1.3106322130526427,5,4,102.23108033661946,156.73934711844979,18
out_debug_ver2b_adh5_D_14_3_6_5_5_5_1.3106322130526427,5.0,1.3106322130526427,5,5,119.41150913786493,132.69886862722348,18
out_debug_ver2b_adh5_D_14_3_6_5_5_5_1.3106322130526427,5.0,1.3106322130526427,5,6,45.077315404977334,104.51328239205363,18
out_debug_ver2b_adh5_D_14_3_6_5_5_5_1.3106322130526427,5.0,1.3106322130526427,5,7,58.944606651259356,85.15813056023241,18
out_debug_ver2b_adh5_D_14_3_6_5_5_5_1.3106322130526427,5.0,1.3106322130526427,5,8,89.15185879128562,107.93220192568634,18
out_debug_ver2b_adh5_D_14_3_6_5_5_5_1.3106322130526427,5.0,1.3106322130526427,5,9,103.02739802500973,85.15612027666808,18
out_debug_ver2b_adh5_D_14_3_6_5_5_5_1.3106322130526427,5.0,1.3106322130526427,5,10,131.52581177156907,109.74699584498853,18
out_debug_ver2b_adh5_D_14_3_6_5_5_5_1.3106322130526427,5.0,1.3106322130526427,5,11,144.44770308173304,85.25799272302523,18
out_debug_ver2b_adh5_D_14_3_6_5_5_5_1.3106322130526427,5.0,1.3106322130526427,5,12,34.20736883516586,64.94555282149433,18
out_debug_ver2b_adh5_D_14_3_6_5_5_5_1.3106322130526427,5.0,1.3106322130526427,5,13,50.70119539300822,38.4437037374851,18
out_debug_ver2b_adh5_D_14_3_6_5_5_5_1.3106322130526427,5.0,1.3106322130526427,5,14,75.92259519155265,61.99663037116679,18
out_debug_ver2b_adh5_D_14_3_6_5_5_5_1.3106322130526427,5.0,1.3106322130526427,5,15,89.35620481677546,35.65903420299212,18
out_debug_ver2b_adh5_D_14_3_6_5_5_5_1.3106322130526427,5.0,1.3106322130526427,5,16,117.37500203504248,61.8578848687647,18
out_debug_ver2b_adh5_D_14_3_6_5_5_5_1.3106322130526427,5.0,1.3106322130526427,5,17,129.5358187251248,39.85591720501078,18
out_debug_ver2b_adh5_D_15_3_6_5_5_5_1.1943795344279908,5.0,1.1943795344279908,5,0,24.961226827659356,152.3581500309956,18
out_debug_ver2b_adh5_D_15_3_6_5_5_5_1.1943795344279908,5.0,1.1943795344279908,5,1,35.83444744795608,127.1170758906062,18
out_debug_ver2b_adh5_D_15_3_6_5_5_5_1.1943795344279908,5.0,1.1943795344279908,5,2,63.60817273179216,157.46496000202947,18
out_debug_ver2b_adh5_D_15_3_6_5_5_5_1.1943795344279908,5.0,1.1943795344279908,5,3,76.49254269490756,130.86411522209752,18
out_debug_ver2b_adh5_D_15_3_6_5_5_5_1.1943795344279908,5.0,1.1943795344279908,5,4,102.10962409477752,156.50099904980755,18
out_debug_ver2b_adh5_D_15_3_6_5_5_5_1.1943795344279908,5.0,1.1943795344279908,5,5,119.15651846266137,132.59903714451428,18
out_debug_ver2b_adh5_D_15_3_6_5_5_5_1.1943795344279908,5.0,1.1943795344279908,5,6,45.047389881830526,104.54125324509437,18
out_debug_ver2b_adh5_D_15_3_6_5_5_5_1.1943795344279908,5.0,1.1943795344279908,5,7,59.20146213999738,85.31591689799392,18
out_debug_ver2b_adh5_D_15_3_6_5_5_5_1.1943795344279908,5.0,1.1943795344279908,5,8,89.08099570878939,107.8467432623879,18
out_debug_ver2b_adh5_D_15_3_6_5_5_5_1.1943795344279908,5.0,1.1943795344279908,5,9,102.79305672571081,85.15631606487763,18
out_debug_ver2b_adh5_D_15_3_6_5_5_5_1.1943795344279908,5.0,1.1943795344279908,5,10,131.31603527528702,109.75368148459246,18
out_debug_ver2b_adh5_D_15_3_6_5_5_5_1.1943795344279908,5.0,1.1943795344279908,5,11,144.33135550236545,85.25094434013818,18
out_debug_ver2b_adh5_D_15_3_6_5_5_5_1.1943795344279908,5.0,1.1943795344279908,5,12,34.17940978254088,65.10124771083066,18
out_debug_ver2b_adh5_D_15_3_6_5_5_5_1.1943795344279908,5.0,1.1943795344279908,5,13,50.755549879313016,38.730944630744396,18
out_debug_ver2b_adh5_D_15_3_6_5_5_5_1.1943795344279908,5.0,1.1943795344279908,5,14,75.75649233061503,61.95651535829992,18
out_debug_ver2b_adh5_D_15_3_6_5_5_5_1.1943795344279908,5.0,1.1943795344279908,5,15,89.31929896269902,35.84711834944323,18
out_debug_ver2b_adh5_D_15_3_6_5_5_5_1.1943795344279908,5.0,1.1943795344279908,5,16,116.91679996678918,62.00024578047161,18
out_debug_ver2b_adh5_D_15_3_6_5_5_5_1.1943795344279908,5.0,1.1943795344279908,5,17,129.5220471977176,40.32645861394543,18
out_debug_ver2b_adh5_D_16_3_6_5_5_5_0.21899544273840021,5.0,0.21899544273840021,5,0,27.02127941954538,149.48687923551262,18
out_debug_ver2b_adh5_D_16_3_6_5_5_5_0.21899544273840021,5.0,0.21899544273840021,5,1,38.83589423280579,127.32490960278972,18
out_debug_ver2b_adh5_D_16_3_6_5_5_5_0.21899544273840021,5.0,0.21899544273840021,5,2,63.5514480989501,153.16984514314922,18
out_debug_ver2b_adh5_D_16_3_6_5_5_5_0.21899544273840021,5.0,0.21899544273840021,5,3,76.85147044217862,129.70800398534567,18
out_debug_ver2b_adh5_D_16_3_6_5_5_5_0.21899544273840021,5.0,0.21899544273840021,5,4,100.44007577772506,152.5616297159721,18
out_debug_ver2b_adh5_D_16_3_6_5_5_5_0.21899544273840021,5.0,0.21899544273840021,5,5,116.55994639865736,130.87898361245078,18
out_debug_ver2b_adh5_D_16_3_6_5_5_5_0.21899544273840021,5.0,0.21899544273840021,5,6,48.384185620771405,105.13695371776625,18
out_debug_ver2b_adh5_D_16_3_6_5_5_5_0.21899544273840021,5.0,0.21899544273840021,5,7,61.384935220171606,86.0734515452906,18
out_debug_ver2b_adh5_D_16_3_6_5_5_5_0.21899544273840021,5.0,0.21899544273840021,5,8,88.5741641981861,107.40889312290511,18
out_debug_ver2b_adh5_D_16_3_6_5_5_5_0.21899544273840021,5.0,0.21899544273840021,5,9,101.79088344145013,85.99882635561924,18
out_debug_ver2b_adh5_D_16_3_6_5_5_5_0.21899544273840021,5.0,0.21899544273840021,5,10,127.38703772582336,108.61696020562242,18
out_debug_ver2b_adh5_D_16_3_6_5_5_5_0.21899544273840021,5.0,0.21899544273840021,5,11,139.73337943536572,86.20715580940804,18
out_debug_ver2b_adh5_D_16_3_6_5_5_5_0.21899544273840021,5.0,0.21899544273840021,5,12,37.36604344682494,66.04437833273485,18
out_debug_ver2b_adh5_D_16_3_6_5_5_5_0.21899544273840021,5.0,0.21899544273840021,5,13,52.02323960126273,42.55564534730499,18
out_debug_ver2b_adh5_D_16_3_6_5_5_5_0.21899544273840021,5.0,0.21899544273840021,5,14,75.75177203950929,63.659723919625996,18
out_debug_ver2b_adh5_D_16_3_6_5_5_5_0.21899544273840021,5.0,0.21899544273840021,5,15,88.9364236539812,40.39417474029466,18
out_debug_ver2b_adh5_D_16_3_6_5_5_5_0.21899544273840021,5.0,0.21899544273840021,5,16,114.98273005363001,63.83202451973528,18
out_debug_ver2b_adh5_D_16_3_6_5_5_5_0.21899544273840021,5.0,0.21899544273840021,5,17,126.2442522674462,43.454940210591765,18
out_debug_ver2b_adh5_D_17_3_6_5_5_5_0.24817904243134165,5.0,0.24817904243134165,5,0,26.87814923958535,149.65632570153068,18
out_debug_ver2b_adh5_D_17_3_6_5_5_5_0.24817904243134165,5.0,0.24817904243134165,5,1,38.620746497799985,127.30593785493221,18
out_debug_ver2b_adh5_D_17_3_6_5_5_5_0.24817904243134165,5.0,0.24817904243134165,5,2,63.5643073608297,153.46408056680642,18
out_debug_ver2b_adh5_D_17_3_6_5_5_5_0.24817904243134165,5.0,0.24817904243134165,5,3,76.83369085917154,129.78598542771292,18
out_debug_ver2b_adh5_D_17_3_6_5_5_5_0.24817904243134165,5.0,0.24817904243134165,5,4,100.56500569153162,152.79651031217097,18
out_debug_ver2b_adh5_D_17_3_6_5_5_5_0.24817904243134165,5.0,0.24817904243134165,5,5,116.77865472637995,131.03097851964165,18
out_debug_ver2b_adh5_D_17_3_6_5_5_5_0.24817904243134165,5.0,0.24817904243134165,5,6,48.171338607227746,105.0980445092323,18
out_debug_ver2b_adh5_D_17_3_6_5_5_5_0.24817904243134165,5.0,0.24817904243134165,5,7,61.21056465696878,86.04605188358539,18
out_debug_ver2b_adh5_D_17_3_6_5_5_5_0.24817904243134165,5.0,0.24817904243134165,5,8,88.61859000638782,107.44889551326924,18
out_debug_ver2b_adh5_D_17_3_6_5_5_5_0.24817904243134165,5.0,0.24817904243134165,5,9,101.84242431585487,85.9693538693898,18
out_debug_ver2b_adh5_D_17_3_6_5_5_5_0.24817904243134165,5.0,0.24817904243134165,5,10,127.63147523924282,108.72732277835989,18
out_debug_ver2b_adh5_D_17_3_6_5_5_5_0.24817904243134165,5.0,0.24817904243134165,5,11,140.01229356783458,86.19029592038491,18
out_debug_ver2b_adh5_D_17_3_6_5_5_5_0.24817904243134165,5.0,0.24817904243134165,5,12,37.112107326665374,66.00693841043139,18
out_debug_ver2b_adh5_D_17_3_6_5_5_5_0.24817904243134165,5.0,0.24817904243134165,5,13,51.937817977691715,42.35121499867021,18
out_debug_ver2b_adh5_D_17_3_6_5_5_5_0.24817904243134165,5.0,0.24817904243134165,5,14,75.72500216737977,63.57092996809135,18
out_debug_ver2b_adh5_D_17_3_6_5_5_5_0.24817904243134165,5.0,0.24817904243134165,5,15,88.9487614727942,40.12151106981656,18
out_debug_ver2b_adh5_D_17_3_6_5_5_5_0.24817904243134165,5.0,0.24817904243134165,5,16,115.09610365245413,63.75840003364427,18
out_debug_ver2b_adh5_D_17_3_6_5_5_5_0.24817904243134165,5.0,0.24817904243134165,5,17,126.40793045788307,43.3016920703524,18
out_debug_ver2b_adh5_D_18_3_6_5_5_5_1.1374855373063457,5.0,1.1374855373063457,5,0,24.96279893863073,152.3066214281033,18
out_debug_ver2b_adh5_D_18_3_6_5_5_5_1.1374855373063457,5.0,1.1374855373063457,5,1,35.86219452348775,127.1238927053085,18
out_debug_ver2b_adh5_D_18_3_6_5_5_5_1.1374855373063457,5.0,1.1374855373063457,5,2,63.61208297847156,157.43645721464327,18
out_debug_ver2b_adh5_D_18_3_6_5_5_5_1.1374855373063457,5.0,1.1374855373063457,5,3,76.43883858382515,130.80869694791082,18
out_debug_ver2b_adh5_D_18_3_6_5_5_5_1.1374855373063457,5.0,1.1374855373063457,5,4,102.05407764808804,156.38746879829645,18
out_debug_ver2b_adh5_D_18_3_6_5_5_5_1.1374855373063457,5.0,1.1374855373063457,5,5,119.09388191421904,132.60246161169502,18
out_debug_ver2b_adh5_D_18_3_6_5_5_5_1.1374855373063457,5.0,1.1374855373063457,5,6,44.98903819730008,104.50383324428577,18
out_debug_ver2b_adh5_D_18_3_6_5_5_5_1.1374855373063457,5.0,1.1374855373063457,5,7,59.238150559815914,85.33927319682543,18
out_debug_ver2b_adh5_D_18_3_6_5_5_5_1.1374855373063457,5.0,1.1374855373063457,5,8,89.0350175004299,107.8456997527665,18
out_debug_ver2b_adh5_D_18_3_6_5_5_5_1.1374855373063457,5.0,1.1374855373063457,5,9,102.73648457477701,85.20785425915646,18
out_debug_ver2b_adh5_D_18_3_6_5_5_5_1.1374855373063457,5.0,1.1374855373063457,5,10,131.25217243956592,109.78215277196166,18
out_debug_ver2b_adh5_D_18_3_6_5_5_5_1.1374855373063457,5.0,1.1374855373063457,5,11,144.26272544513375,85.29168351491136,18
out_debug_ver2b_adh5_D_18_3_6_5_5_5_1.1374855373063457,5.0,1.1374855373063457,5,12,34.19863841759474,65.09663193439856,18
out_debug_ver2b_adh5_D_18_3_6_5_5_5_1.1374855373063457,5.0,1.1374855373063457,5,13,50.770235079308144,38.81270566786206,18
out_debug_ver2b_adh5_D_18_3_6_5_5_5_1.1374855373063457,5.0,1.1374855373063457,5,14,75.77287937992224,61.96740444198477,18
out_debug_ver2b_adh5_D_18_3_6_5_5_5_1.1374855373063457,5.0,1.1374855373063457,5,15,89.3128205172983,35.93665451365634,18
out_debug_ver2b_adh5_D_18_3_6_5_5_5_1.1374855373063457,5.0,1.1374855373063457,5,16,116.83539189993265,62.04961927123475,18
out_debug_ver2b_adh5_D_18_3_6_5_5_5_1.1374855373063457,5.0,1.1374855373063457,5,17,129.49317764592894,40.4848464514528,18
out_debug_ver2b_adh5_D_19_3_6_5_5_5_0.3327033321612797,5.0,0.3327033321612797,5,0,26.553369825178944,150.15103978549652,18
out_debug_ver2b_adh5_D_19_3_6_5_5_5_0.3327033321612797,5.0,0.3327033321612797,5,1,38.07798599323575,127.23240367652242,18
out_debug_ver2b_adh5_D_19_3_6_5_5_5_0.3327033321612797,5.0,0.3327033321612797,5,2,63.694254697492205,154.24542151774435,18
out_debug_ver2b_adh5_D_19_3_6_5_5_5_0.3327033321612797,5.0,0.3327033321612797,5,3,76.74023185631667,129.91965358534688,18
out_debug_ver2b_adh5_D_19_3_6_5_5_5_0.3327033321612797,5.0,0.3327033321612797,5,4,100.82023875892374,153.25596411897737,18
out_debug_ver2b_adh5_D_19_3_6_5_5_5_0.3327033321612797,5.0,0.3327033321612797,5,5,117.25749583915065,131.37414935179433,18
out_debug_ver2b_adh5_D_19_3_6_5_5_5_0.3327033321612797,5.0,0.3327033321612797,5,6,47.498175442504476,104.92570881897178,18
out_debug_ver2b_adh5_D_19_3_6_5_5_5_0.3327033321612797,5.0,0.3327033321612797,5,7,60.875430008400066,85.92603633298012,18
out_debug_ver2b_adh5_D_19_3_6_5_5_5_0.3327033321612797,5.0,0.3327033321612797,5,8,88.66802916421894,107.48306888709287,18
out_debug_ver2b_adh5_D_19_3_6_5_5_5_0.3327033321612797,5.0,0.3327033321612797,5,9,102.0158700313492,85.81390437920619,18
out_debug_ver2b_adh5_D_19_3_6_5_5_5_0.3327033321612797,5.0,0.3327033321612797,5,10,128.28147345963845,108.94115502278619,18
out_debug_ver2b_adh5_D_19_3_6_5_5_5_0.3327033321612797,5.0,0.3327033321612797,5,11,140.75290112074273,86.13334837812492,18
out_debug_ver2b_adh5_D_19_3_6_5_5_5_0.3327033321612797,5.0,0.3327033321612797,5,12,36.62740964566838,65.8234774749556,18
out_debug_ver2b_adh5_D_19_3_6_5_5_5_0.3327033321612797,5.0,0.3327033321612797,5,13,51.68264614801257,41.72334966066641,18
out_debug_ver2b_adh5_D_19_3_6_5_5_5_0.3327033321612797,5.0,0.3327033321612797,5,14,75.81479405390984,63.22781390801139,18
out_debug_ver2b_adh5_D_19_3_6_5_5_5_0.3327033321612797,5.0,0.3327033321612797,5,15,88.98412587187948,39.32318171675966,18
out_debug_ver2b_adh5_D_19_3_6_5_5_5_0.3327033321612797,5.0,0.3327033321612797,5,16,115.52638833797751,63.39832215680195,18
out_debug_ver2b_adh5_D_19_3_6_5_5_5_0.3327033321612797,5.0,0.3327033321612797,5,17,126.94919155758055,42.805581959117546,18
out_debug_ver2b_adh5_D_1_3_6_5_5_5_1.3555484762962557,5.0,1.3555484762962557,5,0,24.8306187718356,152.53538975298508,18
out_debug_ver2b_adh5_D_1_3_6_5_5_5_1.3555484762962557,5.0,1.3555484762962557,5,1,35.68124675197749,127.0590526472866,18
out_debug_ver2b_adh5_D_1_3_6_5_5_5_1.3555484762962557,5.0,1.3555484762962557,5,2,63.591106635801175,157.66552343315098,18
out_debug_ver2b_adh5_D_1_3_6_5_5_5_1.3555484762962557,5.0,1.3555484762962557,5,3,76.5810336620565,130.97337812489678,18
out_debug_ver2b_adh5_D_1_3_6_5_5_5_1.3555484762962557,5.0,1.3555484762962557,5,4,102.27280626753075,156.81323949647793,18
out_debug_ver2b_adh5_D_1_3_6_5_5_5_1.3555484762962557,5.0,1.3555484762962557,5,5,119.4746378265829,132.71564168441623,18
out_debug_ver2b_adh5_D_1_3_6_5_5_5_1.3555484762962557,5.0,1.3555484762962557,5,6,45.128156575634314,104.52005420083204,18
out_debug_ver2b_adh5_D_1_3_6_5_5_5_1.3555484762962557,5.0,1.3555484762962557,5,7,58.97856614100767,85.09828834196388,18
out_debug_ver2b_adh5_D_1_3_6_5_5_5_1.3555484762962557,5.0,1.3555484762962557,5,8,89.21653344856696,107.91828837415996,18
out_debug_ver2b_adh5_D_1_3_6_5_5_5_1.3555484762962557,5.0,1.3555484762962557,5,9,102.97857280890325,85.10140721046493,18
out_debug_ver2b_adh5_D_1_3_6_5_5_5_1.3555484762962557,5.0,1.3555484762962557,5,10,131.59929431173038,109.73082254014291,18
out_debug_ver2b_adh5_D_1_3_6_5_5_5_1.3555484762962557,5.0,1.3555484762962557,5,11,144.57706557369286,85.19992292941362,18
out_debug_ver2b_adh5_D_1_3_6_5_5_5_1.3555484762962557,5.0,1.3555484762962557,5,12,34.32197361849742,64.98811116403051,18
out_debug_ver2b_adh5_D_1_3_6_5_5_5_1.3555484762962557,5.0,1.3555484762962557,5,13,50.645499846661814,38.34098000519257,18
out_debug_ver2b_adh5_D_1_3_6_5_5_5_1.3555484762962557,5.0,1.3555484762962557,5,14,76.07721743770382,61.83825828857974,18
out_debug_ver2b_adh5_D_1_3_6_5_5_5_1.3555484762962557,5.0,1.3555484762962557,5,15,89.392717336756,35.46398575438318,18
out_debug_ver2b_adh5_D_1_3_6_5_5_5_1.3555484762962557,5.0,1.3555484762962557,5,16,117.38803270179034,61.831477021448116,18
out_debug_ver2b_adh5_D_1_3_6_5_5_5_1.3555484762962557,5.0,1.3555484762962557,5,17,129.70232149083358,39.84322952381273,18
out_debug_ver2b_adh5_D_20_3_6_5_5_5_1.4843450557691142,5.0,1.4843450557691142,5,0,24.918212070960937,152.53655648917854,18
out_debug_ver2b_adh5_D_20_3_6_5_5_5_1.4843450557691142,5.0,1.4843450557691142,5,1,35.58919102950755,126.95448338149613,18
out_debug_ver2b_adh5_D_20_3_6_5_5_5_1.4843450557691142,5.0,1.4843450557691142,5,2,63.59665452945489,157.72846146333816,18
out_debug_ver2b_adh5_D_20_3_6_5_5_5_1.4843450557691142,5.0,1.4843450557691142,5,3,76.75502776453865,131.15024330144323,18
out_debug_ver2b_adh5_D_20_3_6_5_5_5_1.4843450557691142,5.0,1.4843450557691142,5,4,102.37040223429774,157.02468974602525,18
out_debug_ver2b_adh5_D_20_3_6_5_5_5_1.4843450557691142,5.0,1.4843450557691142,5,5,119.6070424205933,132.7934859181363,18
out_debug_ver2b_adh5_D_20_3_6_5_5_5_1.4843450557691142,5.0,1.4843450557691142,5,6,45.74259460279176,104.65032157383526,18
out_debug_ver2b_adh5_D_20_3_6_5_5_5_1.4843450557691142,5.0,1.4843450557691142,5,7,58.57990910815809,85.09096216728422,18
out_debug_ver2b_adh5_D_20_3_6_5_5_5_1.4843450557691142,5.0,1.4843450557691142,5,8,89.44436046436398,107.98079641693755,18
out_debug_ver2b_adh5_D_20_3_6_5_5_5_1.4843450557691142,5.0,1.4843450557691142,5,9,103.1105949676492,85.12155036876128,18
out_debug_ver2b_adh5_D_20_3_6_5_5_5_1.4843450557691142,5.0,1.4843450557691142,5,10,131.81723062818654,109.76027116582308,18
out_debug_ver2b_adh5_D_20_3_6_5_5_5_1.4843450557691142,5.0,1.4843450557691142,5,11,144.26133383429075,85.04173354450853,18
out_debug_ver2b_adh5_D_20_3_6_5_5_5_1.4843450557691142,5.0,1.4843450557691142,5,12,34.85000984594616,65.01556187381298,18
out_debug_ver2b_adh5_D_20_3_6_5_5_5_1.4843450557691142,5.0,1.4843450557691142,5,13,50.56223436315121,38.11540066510273,18
out_debug_ver2b_adh5_D_20_3_6_5_5_5_1.4843450557691142,5.0,1.4843450557691142,5,14,76.24254364475473,61.78574408950834,18
out_debug_ver2b_adh5_D_20_3_6_5_5_5_1.4843450557691142,5.0,1.4843450557691142,5,15,89.41128450846146,35.35994668678857,18
out_debug_ver2b_adh5_D_20_3_6_5_5_5_1.4843450557691142,5.0,1.4843450557691142,5,16,118.57796439188184,61.846167917756524,18
out_debug_ver2b_adh5_D_20_3_6_5_5_5_1.4843450557691142,5.0,1.4843450557691142,5,17,128.67437141806033,38.904277912062895,18
out_debug_ver2b_adh5_D_21_3_6_5_5_5_1.4196793083861061,5.0,1.4196793083861061,5,0,24.873092321177097,152.54300693145242,18
out_debug_ver2b_adh5_D_21_3_6_5_5_5_1.4196793083861061,5.0,1.4196793083861061,5,1,35.563519170781056,126.98013219042024,18
out_debug_ver2b_adh5_D_21_3_6_5_5_5_1.4196793083861061,5.0,1.4196793083861061,5,2,63.57617147185652,157.69987346985496,18
out_debug_ver2b_adh5_D_21_3_6_5_5_5_1.4196793083861061,5.0,1.4196793083861061,5,3,76.64556640924351,131.06926580700207,18
out_debug_ver2b_adh5_D_21_3_6_5_5_5_1.4196793083861061,5.0,1.4196793083861061,5,4,102.31461111769825,156.94086995422214,18
out_debug_ver2b_adh5_D_21_3_6_5_5_5_1.4196793083861061,5.0,1.4196793083861061,5,5,119.5548635882027,132.79712329459545,18
out_debug_ver2b_adh5_D_21_3_6_5_5_5_1.4196793083861061,5.0,1.4196793083861061,5,6,45.583412518785906,104.60084138415131,18
out_debug_ver2b_adh5_D_21_3_6_5_5_5_1.4196793083861061,5.0,1.4196793083861061,5,7,58.66615343924759,85.10266938377686,18
out_debug_ver2b_adh5_D_21_3_6_5_5_5_1.4196793083861061,5.0,1.4196793083861061,5,8,89.3464029703495,107.96249195642584,18
out_debug_ver2b_adh5_D_21_3_6_5_5_5_1.4196793083861061,5.0,1.4196793083861061,5,9,103.1151602742659,85.13569784412455,18
out_debug_ver2b_adh5_D_21_3_6_5_5_5_1.4196793083861061,5.0,1.4196793083861061,5,10,131.74001387090055,109.80450054087443,18
out_debug_ver2b_adh5_D_21_3_6_5_5_5_1.4196793083861061,5.0,1.4196793083861061,5,11,144.21919264674185,85.13498638328316,18
out_debug_ver2b_adh5_D_21_3_6_5_5_5_1.4196793083861061,5.0,1.4196793083861061,5,12,34.6223553002605,64.9763191016693,18
out_debug_ver2b_adh5_D_21_3_6_5_5_5_1.4196793083861061,5.0,1.4196793083861061,5,13,50.633592661565636,38.242535890250636,18
out_debug_ver2b_adh5_D_21_3_6_5_5_5_1.4196793083861061,5.0,1.4196793083861061,5,14,76.150900353219,61.81482021120106,18
out_debug_ver2b_adh5_D_21_3_6_5_5_5_1.4196793083861061,5.0,1.4196793083861061,5,15,89.34550850202675,35.32508679492752,18
out_debug_ver2b_adh5_D_21_3_6_5_5_5_1.4196793083861061,5.0,1.4196793083861061,5,16,118.4559952399206,61.84436462269443,18
out_debug_ver2b_adh5_D_21_3_6_5_5_5_1.4196793083861061,5.0,1.4196793083861061,5,17,128.71611934888128,39.06126929698068,18
out_debug_ver2b_adh5_D_22_3_6_5_5_5_0.3831805151729437,5.0,0.3831805151729437,5,0,26.398144766493612,150.40646327006843,18
out_debug_ver2b_adh5_D_22_3_6_5_5_5_0.3831805151729437,5.0,0.3831805151729437,5,1,37.76414927613604,127.20239920005208,18
out_debug_ver2b_adh5_D_22_3_6_5_5_5_0.3831805151729437,5.0,0.3831805151729437,5,2,63.71385430276825,154.59576253894457,18
out_debug_ver2b_adh5_D_22_3_6_5_5_5_0.3831805151729437,5.0,0.3831805151729437,5,3,76.70814589339875,129.99643509670636,18
out_debug_ver2b_adh5_D_22_3_6_5_5_5_0.3831805151729437,5.0,0.3831805151729437,5,4,100.96814721815696,153.58574903530118,18
out_debug_ver2b_adh5_D_22_3_6_5_5_5_0.3831805151729437,5.0,0.3831805151729437,5,5,117.40733701296135,131.52032238498376,18
out_debug_ver2b_adh5_D_22_3_6_5_5_5_0.3831805151729437,5.0,0.3831805151729437,5,6,47.17850390151553,104.88502235277934,18
out_debug_ver2b_adh5_D_22_3_6_5_5_5_0.3831805151729437,5.0,0.3831805151729437,5,7,60.685755949021065,85.90870553355047,18
out_debug_ver2b_adh5_D_22_3_6_5_5_5_0.3831805151729437,5.0,0.3831805151729437,5,8,88.70924245392443,107.50601420521156,18
out_debug_ver2b_adh5_D_22_3_6_5_5_5_0.3831805151729437,5.0,0.3831805151729437,5,9,102.06782375990421,85.76373930553547,18
out_debug_ver2b_adh5_D_22_3_6_5_5_5_0.3831805151729437,5.0,0.3831805151729437,5,10,128.64983526992478,109.02485248188994,18
out_debug_ver2b_adh5_D_22_3_6_5_5_5_0.3831805151729437,5.0,0.3831805151729437,5,11,141.21562983783448,86.0534968001178,18
out_debug_ver2b_adh5_D_22_3_6_5_5_5_0.3831805151729437,5.0,0.3831805151729437,5,12,36.26772157541275,65.79535100971877,18
out_debug_ver2b_adh5_D_22_3_6_5_5_5_0.3831805151729437,5.0,0.3831805151729437,5,13,51.5605777327971,41.42262557000338,18
out_debug_ver2b_adh5_D_22_3_6_5_5_5_0.3831805151729437,5.0,0.3831805151729437,5,14,75.73242220962523,63.085363451925836,18
out_debug_ver2b_adh5_D_22_3_6_5_5_5_0.3831805151729437,5.0,0.3831805151729437,5,15,89.00751664408976,38.95056193692844,18
out_debug_ver2b_adh5_D_22_3_6_5_5_5_0.3831805151729437,5.0,0.3831805151729437,5,16,115.61526051571502,63.27793583045218,18
out_debug_ver2b_adh5_D_22_3_6_5_5_5_0.3831805151729437,5.0,0.3831805151729437,5,17,127.21193932776116,42.5880805961799,18
out_debug_ver2b_adh5_D_23_3_6_5_5_5_1.3781978882493757,5.0,1.3781978882493757,5,0,24.807279356431295,152.47184909038606,18
out_debug_ver2b_adh5_D_23_3_6_5_5_5_1.3781978882493757,5.0,1.3781978882493757,5,1,35.63937996158531,127.03673574681056,18
out_debug_ver2b_adh5_D_23_3_6_5_5_5_1.3781978882493757,5.0,1.3781978882493757,5,2,63.58321787109494,157.67534492500636,18
out_debug_ver2b_adh5_D_23_3_6_5_5_5_1.3781978882493757,5.0,1.3781978882493757,5,3,76.59759364253252,130.9913878492126,18
out_debug_ver2b_adh5_D_23_3_6_5_5_5_1.3781978882493757,5.0,1.3781978882493757,5,4,102.29018877116236,156.8476360892901,18
out_debug_ver2b_adh5_D_23_3_6_5_5_5_1.3781978882493757,5.0,1.3781978882493757,5,5,119.50462406732917,132.7343895498873,18
out_debug_ver2b_adh5_D_23_3_6_5_5_5_1.3781978882493757,5.0,1.3781978882493757,5,6,45.15103825737683,104.53744582948502,18
out_debug_ver2b_adh5_D_23_3_6_5_5_5_1.3781978882493757,5.0,1.3781978882493757,5,7,58.93767242014365,85.08839525859749,18
out_debug_ver2b_adh5_D_23_3_6_5_5_5_1.3781978882493757,5.0,1.3781978882493757,5,8,89.23748044552518,107.92671007958766,18
out_debug_ver2b_adh5_D_23_3_6_5_5_5_1.3781978882493757,5.0,1.3781978882493757,5,9,103.01313263442273,85.09881777165668,18
out_debug_ver2b_adh5_D_23_3_6_5_5_5_1.3781978882493757,5.0,1.3781978882493757,5,10,131.62303862913043,109.75824115901942,18
out_debug_ver2b_adh5_D_23_3_6_5_5_5_1.3781978882493757,5.0,1.3781978882493757,5,11,144.49915942458827,85.30092448015039,18
out_debug_ver2b_adh5_D_23_3_6_5_5_5_1.3781978882493757,5.0,1.3781978882493757,5,12,34.31500466517851,64.97935228913265,18
out_debug_ver2b_adh5_D_23_3_6_5_5_5_1.3781978882493757,5.0,1.3781978882493757,5,13,50.636546780206494,38.31254241042492,18
out_debug_ver2b_adh5_D_23_3_6_5_5_5_1.3781978882493757,5.0,1.3781978882493757,5,14,76.08924211910356,61.85309350006899,18
out_debug_ver2b_adh5_D_23_3_6_5_5_5_1.3781978882493757,5.0,1.3781978882493757,5,15,89.36130763839749,35.436102624999194,18
out_debug_ver2b_adh5_D_23_3_6_5_5_5_1.3781978882493757,5.0,1.3781978882493757,5,16,117.97449966450245,61.92941906741027,18
out_debug_ver2b_adh5_D_23_3_6_5_5_5_1.3781978882493757,5.0,1.3781978882493757,5,17,129.1410809693076,39.455427445109414,18
out_debug_ver2b_adh5_D_24_3_6_5_5_5_0.3197455095164391,5.0,0.3197455095164391,5,0,26.625173449646656,150.12249369552006,18
out_debug_ver2b_adh5_D_24_3_6_5_5_5_0.3197455095164391,5.0,0.3197455095164391,5,1,38.14522190597328,127.24773351144405,18
out_debug_ver2b_adh5_D_24_3_6_5_5_5_0.3197455095164391,5.0,0.3197455095164391,5,2,63.68080690372317,154.1738420328829,18
out_debug_ver2b_adh5_D_24_3_6_5_5_5_0.3197455095164391,5.0,0.3197455095164391,5,3,76.7535367762202,129.92685763537864,18
out_debug_ver2b_adh5_D_24_3_6_5_5_5_0.3197455095164391,5.0,0.3197455095164391,5,4,100.7887300468007,153.2125883954929,18
out_debug_ver2b_adh5_D_24_3_6_5_5_5_0.3197455095164391,5.0,0.3197455095164391,5,5,117.19027309014133,131.35211000686556,18
out_debug_ver2b_adh5_D_24_3_6_5_5_5_0.3197455095164391,5.0,0.3197455095164391,5,6,47.52466991684832,104.97273445677824,18
out_debug_ver2b_adh5_D_24_3_6_5_5_5_0.3197455095164391,5.0,0.3197455095164391,5,7,60.89278296339435,86.00738482572797,18
out_debug_ver2b_adh5_D_24_3_6_5_5_5_0.3197455095164391,5.0,0.3197455095164391,5,8,88.63571985987578,107.51865271542142,18
out_debug_ver2b_adh5_D_24_3_6_5_5_5_0.3197455095164391,5.0,0.3197455095164391,5,9,101.93978417651579,85.89574831194011,18
out_debug_ver2b_adh5_D_24_3_6_5_5_5_0.3197455095164391,5.0,0.3197455095164391,5,10,128.18414408405684,108.95815103794898,18
out_debug_ver2b_adh5_D_24_3_6_5_5_5_0.3197455095164391,5.0,0.3197455095164391,5,11,140.67069871910027,86.14952368741092,18
out_debug_ver2b_adh5_D_24_3_6_5_5_5_0.3197455095164391,5.0,0.3197455095164391,5,12,36.519982807634086,65.96459497715976,18
out_debug_ver2b_adh5_D_24_3_6_5_5_5_0.3197455095164391,5.0,0.3197455095164391,5,13,51.73136886418007,41.87463133050523,18
out_debug_ver2b_adh5_D_24_3_6_5_5_5_0.3197455095164391,5.0,0.3197455095164391,5,14,75.6177260273581,63.346683331862856,18
out_debug_ver2b_adh5_D_24_3_6_5_5_5_0.3197455095164391,5.0,0.3197455095164391,5,15,88.97187020548847,39.506619701795806,18
out_debug_ver2b_adh5_D_24_3_6_5_5_5_0.3197455095164391,5.0,0.3197455095164391,5,16,115.32437236713025,63.581811720130496,18
out_debug_ver2b_adh5_D_24_3_6_5_5_5_0.3197455095164391,5.0,0.3197455095164391,5,17,126.79679221301582,42.95608709914271,18
out_debug_ver2b_adh5_D_25_3_6_5_5_5_1.203299489956901,5.0,1.203299489956901,5,0,24.957454083001096,152.36742563639532,18
out_debug_ver2b_adh5_D_25_3_6_5_5_5_1.203299489956901,5.0,1.203299489956901,5,1,35.825878777011845,127.1175946319571,18
out_debug_ver2b_adh5_D_25_3_6_5_5_5_1.203299489956901,5.0,1.203299489956901,5,2,63.60885510478942,157.47519545968075,18
out_debug_ver2b_adh5_D_25_3_6_5_5_5_1.203299489956901,5.0,1.203299489956901,5,3,76.49307350088806,130.8721979237614,18
out_debug_ver2b_adh5_D_25_3_6_5_5_5_1.203299489956901,5.0,1.203299489956901,5,4,102.1182334757216,156.51936478232057,18
out_debug_ver2b_adh5_D_25_3_6_5_5_5_1.203299489956901,5.0,1.203299489956901,5,5,119.1658075189061,132.607656926224,18
out_debug_ver2b_adh5_D_25_3_6_5_5_5_1.203299489956901,5.0,1.203299489956901,5,6,45.04983035501152,104.54591631374183,18
out_debug_ver2b_adh5_D_25_3_6_5_5_5_1.203299489956901,5.0,1.203299489956901,5,7,59.18437429526227,85.30664568832736,18
out_debug_ver2b_adh5_D_25_3_6_5_5_5_1.203299489956901,5.0,1.203299489956901,5,8,89.08039557608794,107.85645683541264,18
out_debug_ver2b_adh5_D_25_3_6_5_5_5_1.203299489956901,5.0,1.203299489956901,5,9,102.79978576140122,85.14323611464748,18
out_debug_ver2b_adh5_D_25_3_6_5_5_5_1.203299489956901,5.0,1.203299489956901,5,10,131.29296336917835,109.75074331807583,18
out_debug_ver2b_adh5_D_25_3_6_5_5_5_1.203299489956901,5.0,1.203299489956901,5,11,144.34067963787598,85.25654595796699,18
out_debug_ver2b_adh5_D_25_3_6_5_5_5_1.203299489956901,5.0,1.203299489956901,5,12,34.17592212623947,65.09831781174684,18
out_debug_ver2b_adh5_D_25_3_6_5_5_5_1.203299489956901,5.0,1.203299489956901,5,13,50.752350493744665,38.71795439158386,18
out_debug_ver2b_adh5_D_25_3_6_5_5_5_1.203299489956901,5.0,1.203299489956901,5,14,75.763120906618,61.95353716364399,18
out_debug_ver2b_adh5_D_25_3_6_5_5_5_1.203299489956901,5.0,1.203299489956901,5,15,89.32229735190758,35.83518055091868,18
out_debug_ver2b_adh5_D_25_3_6_5_5_5_1.203299489956901,5.0,1.203299489956901,5,16,116.94078955316671,61.99493293226334,18
out_debug_ver2b_adh5_D_25_3_6_5_5_5_1.203299489956901,5.0,1.203299489956901,5,17,129.52437702470888,40.29966962366653,18
out_debug_ver2b_adh5_D_26_3_6_5_5_5_0.298843546487125,5.0,0.298843546487125,5,0,26.67958193779651,149.98528544721322,18
out_debug_ver2b_adh5_D_26_3_6_5_5_5_0.298843546487125,5.0,0.298843546487125,5,1,38.29444331245543,127.26116561293918,18
out_debug_ver2b_adh5_D_26_3_6_5_5_5_0.298843546487125,5.0,0.298843546487125,5,2,63.64800827945888,153.9985251188925,18
out_debug_ver2b_adh5_D_26_3_6_5_5_5_0.298843546487125,5.0,0.298843546487125,5,3,76.76963030310824,129.8984110218157,18
out_debug_ver2b_adh5_D_26_3_6_5_5_5_0.298843546487125,5.0,0.298843546487125,5,4,100.73249825628825,153.11624729403158,18
out_debug_ver2b_adh5_D_26_3_6_5_5_5_0.298843546487125,5.0,0.298843546487125,5,5,117.11203701619013,131.2779892786262,18
out_debug_ver2b_adh5_D_26_3_6_5_5_5_0.298843546487125,5.0,0.298843546487125,5,6,47.677640474416336,104.9840813695332,18
out_debug_ver2b_adh5_D_26_3_6_5_5_5_0.298843546487125,5.0,0.298843546487125,5,7,60.998811238614934,86.02874834849682,18
out_debug_ver2b_adh5_D_26_3_6_5_5_5_0.298843546487125,5.0,0.298843546487125,5,8,88.66434995769775,107.52516514125432,18
out_debug_ver2b_adh5_D_26_3_6_5_5_5_0.298843546487125,5.0,0.298843546487125,5,9,101.90443643418855,85.91148766097778,18
out_debug_ver2b_adh5_D_26_3_6_5_5_5_0.298843546487125,5.0,0.298843546487125,5,10,128.02632069245237,108.89074199615435,18
out_debug_ver2b_adh5_D_26_3_6_5_5_5_0.298843546487125,5.0,0.298843546487125,5,11,140.4955176385829,86.16168460525694,18
out_debug_ver2b_adh5_D_26_3_6_5_5_5_0.298843546487125,5.0,0.298843546487125,5,12,36.69026193379734,66.00212734556328,18
out_debug_ver2b_adh5_D_26_3_6_5_5_5_0.298843546487125,5.0,0.298843546487125,5,13,51.78834111465818,41.99616911762473,18
out_debug_ver2b_adh5_D_26_3_6_5_5_5_0.298843546487125,5.0,0.298843546487125,5,14,75.63249278680588,63.40318506607942,18
out_debug_ver2b_adh5_D_26_3_6_5_5_5_0.298843546487125,5.0,0.298843546487125,5,15,88.96557541358828,39.67522383729779,18
out_debug_ver2b_adh5_D_26_3_6_5_5_5_0.298843546487125,5.0,0.298843546487125,5,16,115.26800869562591,63.63532753796422,18
out_debug_ver2b_adh5_D_26_3_6_5_5_5_0.298843546487125,5.0,0.298843546487125,5,17,126.68745825003667,43.0513194515982,18
out_debug_ver2b_adh5_D_27_3_6_5_5_5_0.8569633285019598,5.0,0.8569633285019598,5,0,25.185693990876377,151.7572287349035,18
out_debug_ver2b_adh5_D_27_3_6_5_5_5_0.8569633285019598,5.0,0.8569633285019598,5,1,36.19643108344007,127.09687282894792,18
out_debug_ver2b_adh5_D_27_3_6_5_5_5_0.8569633285019598,5.0,0.8569633285019598,5,2,63.66921607295226,156.82762494962847,18
out_debug_ver2b_adh5_D_27_3_6_5_5_5_0.8569633285019598,5.0,0.8569633285019598,5,3,76.40600174560937,130.62673180154275,18
out_debug_ver2b_adh5_D_27_3_6_5_5_5_0.8569633285019598,5.0,0.8569633285019598,5,4,101.77026446464463,155.7107418961496,18
out_debug_ver2b_adh5_D_27_3_6_5_5_5_0.8569633285019598,5.0,0.8569633285019598,5,5,118.54539570301098,132.31102914651095,18
out_debug_ver2b_adh5_D_27_3_6_5_5_5_0.8569633285019598,5.0,0.8569633285019598,5,6,45.15366476589171,104.45421055882355,18
out_debug_ver2b_adh5_D_27_3_6_5_5_5_0.8569633285019598,5.0,0.8569633285019598,5,7,59.52929620184525,85.54368054540562,18
out_debug_ver2b_adh5_D_27_3_6_5_5_5_0.8569633285019598,5.0,0.8569633285019598,5,8,88.83574636622193,107.70227083214913,18
out_debug_ver2b_adh5_D_27_3_6_5_5_5_0.8569633285019598,5.0,0.8569633285019598,5,9,102.49793334955193,85.29709750221636,18
out_debug_ver2b_adh5_D_27_3_6_5_5_5_0.8569633285019598,5.0,0.8569633285019598,5,10,130.62498508774763,109.64854607642793,18
out_debug_ver2b_adh5_D_27_3_6_5_5_5_0.8569633285019598,5.0,0.8569633285019598,5,11,143.6217342466142,85.53615246758856,18
out_debug_ver2b_adh5_D_27_3_6_5_5_5_0.8569633285019598,5.0,0.8569633285019598,5,12,34.613008076454996,65.26654113664463,18
out_debug_ver2b_adh5_D_27_3_6_5_5_5_0.8569633285019598,5.0,0.8569633285019598,5,13,50.92315071932996,39.42313285910553,18
out_debug_ver2b_adh5_D_27_3_6_5_5_5_0.8569633285019598,5.0,0.8569633285019598,5,14,75.72484568742328,62.17923344128724,18
out_debug_ver2b_adh5_D_27_3_6_5_5_5_0.8569633285019598,5.0,0.8569633285019598,5,15,89.21173598803342,36.551990677014054,18
out_debug_ver2b_adh5_D_27_3_6_5_5_5_0.8569633285019598,5.0,0.8569633285019598,5,16,116.45279188826463,62.30449530101745,18
out_debug_ver2b_adh5_D_27_3_6_5_5_5_0.8569633285019598,5.0,0.8569633285019598,5,17,128.9882975385929,41.114398663743316,18
out_debug_ver2b_adh5_D_28_3_6_5_5_5_0.6448748824000496,5.0,0.6448748824000496,5,0,25.540761982444796,151.27580541105485,18
out_debug_ver2b_adh5_D_28_3_6_5_5_5_0.6448748824000496,5.0,0.6448748824000496,5,1,36.66977923848955,127.13498388928552,18
out_debug_ver2b_adh5_D_28_3_6_5_5_5_0.6448748824000496,5.0,0.6448748824000496,5,2,63.72245382294585,156.098166893799,18
out_debug_ver2b_adh5_D_28_3_6_5_5_5_0.6448748824000496,5.0,0.6448748824000496,5,3,76.46557982770572,130.42895884554738,18
out_debug_ver2b_adh5_D_28_3_6_5_5_5_0.6448748824000496,5.0,0.6448748824000496,5,4,101.45452863275494,154.94268311223496,18
out_debug_ver2b_adh5_D_28_3_6_5_5_5_0.6448748824000496,5.0,0.6448748824000496,5,5,118.05380625521718,132.00735954152472,18
out_debug_ver2b_adh5_D_28_3_6_5_5_5_0.6448748824000496,5.0,0.6448748824000496,5,6,45.754042376587016,104.60967177267058,18
out_debug_ver2b_adh5_D_28_3_6_5_5_5_0.6448748824000496,5.0,0.6448748824000496,5,7,59.835195645068495,85.77072924412296,18
out_debug_ver2b_adh5_D_28_3_6_5_5_5_0.6448748824000496,5.0,0.6448748824000496,5,8,88.71862092527711,107.62920863371367,18
out_debug_ver2b_adh5_D_28_3_6_5_5_5_0.6448748824000496,5.0,0.6448748824000496,5,9,102.29237004176407,85.47863180970154,18
out_debug_ver2b_adh5_D_28_3_6_5_5_5_0.6448748824000496,5.0,0.6448748824000496,5,10,129.96080252816486,109.49984812731428,18
out_debug_ver2b_adh5_D_28_3_6_5_5_5_0.6448748824000496,5.0,0.6448748824000496,5,11,142.7949301989093,85.75465363359466,18
out_debug_ver2b_adh5_D_28_3_6_5_5_5_0.6448748824000496,5.0,0.6448748824000496,5,12,34.97546748497502,65.49499290018618,18
out_debug_ver2b_adh5_D_28_3_6_5_5_5_0.6448748824000496,5.0,0.6448748824000496,5,13,51.100485433536285,40.20683939940643,18
out_debug_ver2b_adh5_D_28_3_6_5_5_5_0.6448748824000496,5.0,0.6448748824000496,5,14,75.55264572756332,62.56311253942399,18
out_debug_ver2b_adh5_D_28_3_6_5_5_5_0.6448748824000496,5.0,0.6448748824000496,5,15,89.088521248871,37.43725330728072,18
out_debug_ver2b_adh5_D_28_3_6_5_5_5_0.6448748824000496,5.0,0.6448748824000496,5,16,116.01561813433729,62.703594690110464,18
out_debug_ver2b_adh5_D_28_3_6_5_5_5_0.6448748824000496,5.0,0.6448748824000496,5,17,128.29795084816107,41.719282457791344,18
out_debug_ver2b_adh5_D_29_3_6_5_5_5_0.6174084576534971,5.0,0.6174084576534971,5,0,25.60278325822468,151.2030225408853,18
out_debug_ver2b_adh5_D_29_3_6_5_5_5_0.6174084576534971,5.0,0.6174084576534971,5,1,36.74010822667532,127.14399880737199,18
out_debug_ver2b_adh5_D_29_3_6_5_5_5_0.6174084576534971,5.0,0.6174084576534971,5,2,63.72650611525318,155.9874748363509,18
out_debug_ver2b_adh5_D_29_3_6_5_5_5_0.6174084576534971,5.0,0.6174084576534971,5,3,76.50743343374937,130.41220758329402,18
out_debug_ver2b_adh5_D_29_3_6_5_5_5_0.6174084576534971,5.0,0.6174084576534971,5,4,101.41198224961431,154.83451175153252,18
out_debug_ver2b_adh5_D_29_3_6_5_5_5_0.6174084576534971,5.0,0.6174084576534971,5,5,117.98370865347755,131.98984788928024,18
out_debug_ver2b_adh5_D_29_3_6_5_5_5_0.6174084576534971,5.0,0.6174084576534971,5,6,45.880533234104945,104.65804329249265,18
out_debug_ver2b_adh5_D_29_3_6_5_5_5_0.6174084576534971,5.0,0.6174084576534971,5,7,60.20779236259113,85.82223446539759,18
out_debug_ver2b_adh5_D_29_3_6_5_5_5_0.6174084576534971,5.0,0.6174084576534971,5,8,88.73800313212581,107.59981261866868,18
out_debug_ver2b_adh5_D_29_3_6_5_5_5_0.6174084576534971,5.0,0.6174084576534971,5,9,102.30385366589888,85.50000987445662,18
out_debug_ver2b_adh5_D_29_3_6_5_5_5_0.6174084576534971,5.0,0.6174084576534971,5,10,129.87808680274054,109.521485295327,18
out_debug_ver2b_adh5_D_29_3_6_5_5_5_0.6174084576534971,5.0,0.6174084576534971,5,11,142.6551482815316,85.79552233577517,18
out_debug_ver2b_adh5_D_29_3_6_5_5_5_0.6174084576534971,5.0,0.6174084576534971,5,12,35.051857416427346,65.61022369848114,18
out_debug_ver2b_adh5_D_29_3_6_5_5_5_0.6174084576534971,5.0,0.6174084576534971,5,13,51.13209672042672,40.31746217722975,18
out_debug_ver2b_adh5_D_29_3_6_5_5_5_0.6174084576534971,5.0,0.6174084576534971,5,14,75.57571608913024,62.585953407976824,18
out_debug_ver2b_adh5_D_29_3_6_5_5_5_0.6174084576534971,5.0,0.6174084576534971,5,15,89.08049958039494,37.55686812032862,18
out_debug_ver2b_adh5_D_29_3_6_5_5_5_0.6174084576534971,5.0,0.6174084576534971,5,16,115.99258228645833,62.7575828136219,18
out_debug_ver2b_adh5_D_29_3_6_5_5_5_0.6174084576534971,5.0,0.6174084576534971,5,17,128.1974070383453,41.790328719709116,18
out_debug_ver2b_adh5_D_2_3_6_5_5_5_0.8927300116523647,5.0,0.8927300116523647,5,0,25.13851293327045,151.82558077487087,18
out_debug_ver2b_adh5_D_2_3_6_5_5_5_0.8927300116523647,5.0,0.8927300116523647,5,1,36.131783642311916,127.0928794017281,18
out_debug_ver2b_adh5_D_2_3_6_5_5_5_0.8927300116523647,5.0,0.8927300116523647,5,2,63.66277364081904,156.9237205739986,18
out_debug_ver2b_adh5_D_2_3_6_5_5_5_0.8927300116523647,5.0,0.8927300116523647,5,3,76.40370283332614,130.65136520705477,18
out_debug_ver2b_adh5_D_2_3_6_5_5_5_0.8927300116523647,5.0,0.8927300116523647,5,4,101.8127440938179,155.81446133177613,18
out_debug_ver2b_adh5_D_2_3_6_5_5_5_0.8927300116523647,5.0,0.8927300116523647,5,5,118.62814160915802,132.36299935455713,18
out_debug_ver2b_adh5_D_2_3_6_5_5_5_0.8927300116523647,5.0,0.8927300116523647,5,6,45.079373583212266,104.44788972773001,18
out_debug_ver2b_adh5_D_2_3_6_5_5_5_0.8927300116523647,5.0,0.8927300116523647,5,7,59.50396011900517,85.52543604755908,18
out_debug_ver2b_adh5_D_2_3_6_5_5_5_0.8927300116523647,5.0,0.8927300116523647,5,8,88.85848310305637,107.72451091082492,18
out_debug_ver2b_adh5_D_2_3_6_5_5_5_0.8927300116523647,5.0,0.8927300116523647,5,9,102.52649963295005,85.28349428310868,18
out_debug_ver2b_adh5_D_2_3_6_5_5_5_0.8927300116523647,5.0,0.8927300116523647,5,10,130.7146150632057,109.67466459432364,18
out_debug_ver2b_adh5_D_2_3_6_5_5_5_0.8927300116523647,5.0,0.8927300116523647,5,11,143.72176483038245,85.50659961891652,18
out_debug_ver2b_adh5_D_2_3_6_5_5_5_0.8927300116523647,5.0,0.8927300116523647,5,12,34.5385899227063,65.2555842163082,18
out_debug_ver2b_adh5_D_2_3_6_5_5_5_0.8927300116523647,5.0,0.8927300116523647,5,13,50.8913732467941,39.32869583372957,18
out_debug_ver2b_adh5_D_2_3_6_5_5_5_0.8927300116523647,5.0,0.8927300116523647,5,14,75.72364874785285,62.143874360197024,18
out_debug_ver2b_adh5_D_2_3_6_5_5_5_0.8927300116523647,5.0,0.8927300116523647,5,15,89.22310837586433,36.45292850890811,18
out_debug_ver2b_adh5_D_2_3_6_5_5_5_0.8927300116523647,5.0,0.8927300116523647,5,16,116.50110628368259,62.262680879014596,18
out_debug_ver2b_adh5_D_2_3_6_5_5_5_0.8927300116523647,5.0,0.8927300116523647,5,17,129.06497518288754,41.02711341692198,18
out_debug_ver2b_adh5_D_30_3_6_5_5_5_0.8962753995916808,5.0,0.8962753995916808,5,0,25.134433430665926,151.83203064530338,18
out_debug_ver2b_adh5_D_30_3_6_5_5_5_0.8962753995916808,5.0,0.8962753995916808,5,1,36.12588988272162,127.09221027761795,18
out_debug_ver2b_adh5_D_30_3_6_5_5_5_0.8962753995916808,5.0,0.8962753995916808,5,2,63.66169744367918,156.93243380564513,18
out_debug_ver2b_adh5_D_30_3_6_5_5_5_0.8962753995916808,5.0,0.8962753995916808,5,3,76.40388462248019,130.65420807708566,18
out_debug_ver2b_adh5_D_30_3_6_5_5_5_0.8962753995916808,5.0,0.8962753995916808,5,4,101.81667258644767,155.82418538156188,18
out_debug_ver2b_adh5_D_30_3_6_5_5_5_0.8962753995916808,5.0,0.8962753995916808,5,5,118.63618398530457,132.3671541498299,18
out_debug_ver2b_adh5_D_30_3_6_5_5_5_0.8962753995916808,5.0,0.8962753995916808,5,6,45.073059415106165,104.44743765755867,18
out_debug_ver2b_adh5_D_30_3_6_5_5_5_0.8962753995916808,5.0,0.8962753995916808,5,7,59.501427337269924,85.52356531510463,18
out_debug_ver2b_adh5_D_30_3_6_5_5_5_0.8962753995916808,5.0,0.8962753995916808,5,8,88.86089163202196,107.72653654604203,18
out_debug_ver2b_adh5_D_30_3_6_5_5_5_0.8962753995916808,5.0,0.8962753995916808,5,9,102.52937620137989,85.28197586585374,18
out_debug_ver2b_adh5_D_30_3_6_5_5_5_0.8962753995916808,5.0,0.8962753995916808,5,10,130.724132770601,109.677243454,18
out_debug_ver2b_adh5_D_30_3_6_5_5_5_0.8962753995916808,5.0,0.8962753995916808,5,11,143.73113723079896,85.5031890168291,18
out_debug_ver2b_adh5_D_30_3_6_5_5_5_0.8962753995916808,5.0,0.8962753995916808,5,12,34.53183005073573,65.25464225790556,18
out_debug_ver2b_adh5_D_30_3_6_5_5_5_0.8962753995916808,5.0,0.8962753995916808,5,13,50.88845205328369,39.31983056853341,18
out_debug_ver2b_adh5_D_30_3_6_5_5_5_0.8962753995916808,5.0,0.8962753995916808,5,14,75.72365215574844,62.140574021521864,18
out_debug_ver2b_adh5_D_30_3_6_5_5_5_0.8962753995916808,5.0,0.8962753995916808,5,15,89.22424163108668,36.443657221073174,18
out_debug_ver2b_adh5_D_30_3_6_5_5_5_0.8962753995916808,5.0,0.8962753995916808,5,16,116.50551195549288,62.25856941594171,18
out_debug_ver2b_adh5_D_30_3_6_5_5_5_0.8962753995916808,5.0,0.8962753995916808,5,17,129.07213209842735,41.01875757687528,18
out_debug_ver2b_adh5_D_31_3_6_5_5_5_0.8140214510347925,5.0,0.8140214510347925,5,0,25.250836975204148,151.669592175789,18
out_debug_ver2b_adh5_D_31_3_6_5_5_5_0.8140214510347925,5.0,0.8140214510347925,5,1,36.282226259629006,127.10283897350173,18
out_debug_ver2b_adh5_D_31_3_6_5_5_5_0.8140214510347925,5.0,0.8140214510347925,5,2,63.679946204692385,156.70326181078593,18
out_debug_ver2b_adh5_D_31_3_6_5_5_5_0.8140214510347925,5.0,0.8140214510347925,5,3,76.43304847891982,130.60808819989114,18
out_debug_ver2b_adh5_D_31_3_6_5_5_5_0.8140214510347925,5.0,0.8140214510347925,5,4,101.71351389248213,155.5692437321949,18
out_debug_ver2b_adh5_D_31_3_6_5_5_5_0.8140214510347925,5.0,0.8140214510347925,5,5,118.43679812399326,132.24136332913926,18
out_debug_ver2b_adh5_D_31_3_6_5_5_5_0.8140214510347925,5.0,0.8140214510347925,5,6,45.326338683024936,104.50389988445359,18
out_debug_ver2b_adh5_D_31_3_6_5_5_5_0.8140214510347925,5.0,0.8140214510347925,5,7,59.54037769084838,85.56295624359831,18
out_debug_ver2b_adh5_D_31_3_6_5_5_5_0.8140214510347925,5.0,0.8140214510347925,5,8,88.8208630892778,107.66789408976821,18
out_debug_ver2b_adh5_D_31_3_6_5_5_5_0.8140214510347925,5.0,0.8140214510347925,5,9,102.46170767283657,85.31204739984835,18
out_debug_ver2b_adh5_D_31_3_6_5_5_5_0.8140214510347925,5.0,0.8140214510347925,5,10,130.50515667403957,109.61062668496248,18
out_debug_ver2b_adh5_D_31_3_6_5_5_5_0.8140214510347925,5.0,0.8140214510347925,5,11,143.48061951222937,85.57694767374655,18
out_debug_ver2b_adh5_D_31_3_6_5_5_5_0.8140214510347925,5.0,0.8140214510347925,5,12,34.71847492488986,65.28335990083377,18
out_debug_ver2b_adh5_D_31_3_6_5_5_5_0.8140214510347925,5.0,0.8140214510347925,5,13,50.96628151465202,39.54704523865701,18
out_debug_ver2b_adh5_D_31_3_6_5_5_5_0.8140214510347925,5.0,0.8140214510347925,5,14,75.7295519484507,62.22743789103125,18
out_debug_ver2b_adh5_D_31_3_6_5_5_5_0.8140214510347925,5.0,0.8140214510347925,5,15,89.1969767062069,36.68591620294388,18
out_debug_ver2b_adh5_D_31_3_6_5_5_5_0.8140214510347925,5.0,0.8140214510347925,5,16,116.39785679218926,62.359692945512116,18
out_debug_ver2b_adh5_D_31_3_6_5_5_5_0.8140214510347925,5.0,0.8140214510347925,5,17,128.8817123201287,41.21681026875442,18
out_debug_ver2b_adh5_D_32_3_6_5_5_5_0.5868584354979942,5.0,0.5868584354979942,5,0,25.691679902358732,151.11191958600784,18
out_debug_ver2b_adh5_D_32_3_6_5_5_5_0.5868584354979942,5.0,0.5868584354979942,5,1,36.87464423968998,127.14223993336374,18
out_debug_ver2b_adh5_D_32_3_6_5_5_5_0.5868584354979942,5.0,0.5868584354979942,5,2,63.71488483836173,155.8321130050409,18
out_debug_ver2b_adh5_D_32_3_6_5_5_5_0.5868584354979942,5.0,0.5868584354979942,5,3,76.60236553063449,130.3665512579878,18
out_debug_ver2b_adh5_D_32_3_6_5_5_5_0.5868584354979942,5.0,0.5868584354979942,5,4,101.3668931115228,154.69701989569023,18
out_debug_ver2b_adh5_D_32_3_6_5_5_5_0.5868584354979942,5.0,0.5868584354979942,5,5,117.90334653366033,131.93348159624094,18
out_debug_ver2b_adh5_D_32_3_6_5_5_5_0.5868584354979942,5.0,0.5868584354979942,5,6,46.02230297710606,104.70525942394835,18
out_debug_ver2b_adh5_D_32_3_6_5_5_5_0.5868584354979942,5.0,0.5868584354979942,5,7,60.2017460814742,85.84532568140257,18
out_debug_ver2b_adh5_D_32_3_6_5_5_5_0.5868584354979942,5.0,0.5868584354979942,5,8,88.72068320884306,107.56676851341614,18
out_debug_ver2b_adh5_D_32_3_6_5_5_5_0.5868584354979942,5.0,0.5868584354979942,5,9,102.27203397658367,85.52898069661067,18
out_debug_ver2b_adh5_D_32_3_6_5_5_5_0.5868584354979942,5.0,0.5868584354979942,5,10,129.76681724282628,109.47788537562957,18
out_debug_ver2b_adh5_D_32_3_6_5_5_5_0.5868584354979942,5.0,0.5868584354979942,5,11,142.51967032506073,85.8154839496312,18
out_debug_ver2b_adh5_D_32_3_6_5_5_5_0.5868584354979942,5.0,0.5868584354979942,5,12,35.18193130838083,65.6207178673878,18
out_debug_ver2b_adh5_D_32_3_6_5_5_5_0.5868584354979942,5.0,0.5868584354979942,5,13,51.18059528257459,40.43377859466618,18
out_debug_ver2b_adh5_D_32_3_6_5_5_5_0.5868584354979942,5.0,0.5868584354979942,5,14,75.54867024254686,62.65000056720357,18
out_debug_ver2b_adh5_D_32_3_6_5_5_5_0.5868584354979942,5.0,0.5868584354979942,5,15,89.08109853927586,37.716910988789785,18
out_debug_ver2b_adh5_D_32_3_6_5_5_5_0.5868584354979942,5.0,0.5868584354979942,5,16,115.89459319986531,62.83693198020352,18
out_debug_ver2b_adh5_D_32_3_6_5_5_5_0.5868584354979942,5.0,0.5868584354979942,5,17,128.08890561261236,41.91711431682588,18
out_debug_ver2b_adh5_D_33_3_6_5_5_5_0.49040414012168415,5.0,0.49040414012168415,5,0,25.98396762323043,150.80874798948528,18
out_debug_ver2b_adh5_D_33_3_6_5_5_5_0.49040414012168415,5.0,0.49040414012168415,5,1,37.242588031108376,127.14971046446765,18
out_debug_ver2b_adh5_D_33_3_6_5_5_5_0.49040414012168415,5.0,0.49040414012168415,5,2,63.694809560675104,155.26746906400274,18
out_debug_ver2b_adh5_D_33_3_6_5_5_5_0.49040414012168415,5.0,0.49040414012168415,5,3,76.65243379939093,130.1770645583401,18
out_debug_ver2b_adh5_D_33_3_6_5_5_5_0.49040414012168415,5.0,0.49040414012168415,5,4,101.19103338229854,154.24073425371407,18
out_debug_ver2b_adh5_D_33_3_6_5_5_5_0.49040414012168415,5.0,0.49040414012168415,5,5,117.61760429858192,131.75666892913236,18
out_debug_ver2b_adh5_D_33_3_6_5_5_5_0.49040414012168415,5.0,0.49040414012168415,5,6,46.51465502376573,104.76624669962642,18
out_debug_ver2b_adh5_D_33_3_6_5_5_5_0.49040414012168415,5.0,0.49040414012168415,5,7,60.3327501113609,85.88116816800317,18
out_debug_ver2b_adh5_D_33_3_6_5_5_5_0.49040414012168415,5.0,0.49040414012168415,5,8,88.74882921220978,107.55667595481145,18
out_debug_ver2b_adh5_D_33_3_6_5_5_5_0.49040414012168415,5.0,0.49040414012168415,5,9,102.14392201592217,85.63250543656908,18
out_debug_ver2b_adh5_D_33_3_6_5_5_5_0.49040414012168415,5.0,0.49040414012168415,5,10,129.31402313009693,109.29281943214049,18
out_debug_ver2b_adh5_D_33_3_6_5_5_5_0.49040414012168415,5.0,0.49040414012168415,5,11,141.94034826346015,85.93218450608056,18
out_debug_ver2b_adh5_D_33_3_6_5_5_5_0.49040414012168415,5.0,0.49040414012168415,5,12,35.65977039781293,65.66735048184235,18
out_debug_ver2b_adh5_D_33_3_6_5_5_5_0.49040414012168415,5.0,0.49040414012168415,5,13,51.346841032806786,40.87498404593156,18
out_debug_ver2b_adh5_D_33_3_6_5_5_5_0.49040414012168415,5.0,0.49040414012168415,5,14,75.64808939757428,62.860167673215244,18
out_debug_ver2b_adh5_D_33_3_6_5_5_5_0.49040414012168415,5.0,0.49040414012168415,5,15,89.04075919256995,38.230826865403394,18
out_debug_ver2b_adh5_D_33_3_6_5_5_5_0.49040414012168415,5.0,0.49040414012168415,5,16,115.73992165178937,63.01902632203778,18
out_debug_ver2b_adh5_D_33_3_6_5_5_5_0.49040414012168415,5.0,0.49040414012168415,5,17,127.70305711349083,42.20717093278052,18
out_debug_ver2b_adh5_D_34_3_6_5_5_5_0.7277855757414504,5.0,0.7277855757414504,5,0,25.378358677166247,151.50292930961652,18
out_debug_ver2b_adh5_D_34_3_6_5_5_5_0.7277855757414504,5.0,0.7277855757414504,5,1,36.389451521751916,127.112984909111,18
out_debug_ver2b_adh5_D_34_3_6_5_5_5_0.7277855757414504,5.0,0.7277855757414504,5,2,63.69298369863436,156.43076828349274,18
out_debug_ver2b_adh5_D_34_3_6_5_5_5_0.7277855757414504,5.0,0.7277855757414504,5,3,76.42966088328659,130.54642338664854,18
out_debug_ver2b_adh5_D_34_3_6_5_5_5_0.7277855757414504,5.0,0.7277855757414504,5,4,101.579686350664,155.27918745511053,18
out_debug_ver2b_adh5_D_34_3_6_5_5_5_0.7277855757414504,5.0,0.7277855757414504,5,5,118.28102802254284,132.16522559092863,18
out_debug_ver2b_adh5_D_34_3_6_5_5_5_0.7277855757414504,5.0,0.7277855757414504,5,6,45.506718632992566,104.57684475356103,18
out_debug_ver2b_adh5_D_34_3_6_5_5_5_0.7277855757414504,5.0,0.7277855757414504,5,7,59.70315932068882,85.72214799891117,18
out_debug_ver2b_adh5_D_34_3_6_5_5_5_0.7277855757414504,5.0,0.7277855757414504,5,8,88.7786622604612,107.70123595714267,18
out_debug_ver2b_adh5_D_34_3_6_5_5_5_0.7277855757414504,5.0,0.7277855757414504,5,9,102.33705100318679,85.42001877007671,18
out_debug_ver2b_adh5_D_34_3_6_5_5_5_0.7277855757414504,5.0,0.7277855757414504,5,10,130.25403671603988,109.60091998370673,18
out_debug_ver2b_adh5_D_34_3_6_5_5_5_0.7277855757414504,5.0,0.7277855757414504,5,11,143.13965092323176,85.65034905205648,18
out_debug_ver2b_adh5_D_34_3_6_5_5_5_0.7277855757414504,5.0,0.7277855757414504,5,12,34.748090143597345,65.41054819764234,18
out_debug_ver2b_adh5_D_34_3_6_5_5_5_0.7277855757414504,5.0,0.7277855757414504,5,13,51.06405307510622,39.867030538319575,18
out_debug_ver2b_adh5_D_34_3_6_5_5_5_0.7277855757414504,5.0,0.7277855757414504,5,14,75.55724554430671,62.449820242861726,18
out_debug_ver2b_adh5_D_34_3_6_5_5_5_0.7277855757414504,5.0,0.7277855757414504,5,15,89.14011595900104,37.107428777962234,18
out_debug_ver2b_adh5_D_34_3_6_5_5_5_0.7277855757414504,5.0,0.7277855757414504,5,16,116.12767353079126,62.55496513769848,18
out_debug_ver2b_adh5_D_34_3_6_5_5_5_0.7277855757414504,5.0,0.7277855757414504,5,17,128.63174908737247,41.53789783863352,18
out_debug_ver2b_adh5_D_35_3_6_5_5_5_0.985993287528691,5.0,0.985993287528691,5,0,25.05689927665851,151.98449433365803,18
out_debug_ver2b_adh5_D_35_3_6_5_5_5_0.985993287528691,5.0,0.985993287528691,5,1,36.0081208830062,127.09804940282477,18
out_debug_ver2b_adh5_D_35_3_6_5_5_5_0.985993287528691,5.0,0.985993287528691,5,2,63.636400820826786,157.1212647431542,18
out_debug_ver2b_adh5_D_35_3_6_5_5_5_0.985993287528691,5.0,0.985993287528691,5,3,76.42381650757545,130.7181295874449,18
out_debug_ver2b_adh5_D_35_3_6_5_5_5_0.985993287528691,5.0,0.985993287528691,5,4,101.911241965099,156.04815918443927,18
out_debug_ver2b_adh5_D_35_3_6_5_5_5_0.985993287528691,5.0,0.985993287528691,5,5,118.81560656931327,132.45776503476654,18
out_debug_ver2b_adh5_D_35_3_6_5_5_5_0.985993287528691,5.0,0.985993287528691,5,6,45.01533837645716,104.4902593158323,18
out_debug_ver2b_adh5_D_35_3_6_5_5_5_0.985993287528691,5.0,0.985993287528691,5,7,59.431457315702396,85.47313511778752,18
out_debug_ver2b_adh5_D_35_3_6_5_5_5_0.985993287528691,5.0,0.985993287528691,5,8,88.92324710078314,107.76632720063635,18
out_debug_ver2b_adh5_D_35_3_6_5_5_5_0.985993287528691,5.0,0.985993287528691,5,9,102.60170789560294,85.26977043898917,18
out_debug_ver2b_adh5_D_35_3_6_5_5_5_0.985993287528691,5.0,0.985993287528691,5,10,130.937351999733,109.73137145879025,18
out_debug_ver2b_adh5_D_35_3_6_5_5_5_0.985993287528691,5.0,0.985993287528691,5,11,143.9469900225672,85.43088994661561,18
out_debug_ver2b_adh5_D_35_3_6_5_5_5_0.985993287528691,5.0,0.985993287528691,5,12,34.413710000819016,65.24297841795665,18
out_debug_ver2b_adh5_D_35_3_6_5_5_5_0.985993287528691,5.0,0.985993287528691,5,13,50.83301080718021,39.13270498838187,18
out_debug_ver2b_adh5_D_35_3_6_5_5_5_0.985993287528691,5.0,0.985993287528691,5,14,75.74988221830064,62.06070508264052,18
out_debug_ver2b_adh5_D_35_3_6_5_5_5_0.985993287528691,5.0,0.985993287528691,5,15,89.26166874069247,36.27237948939038,18
out_debug_ver2b_adh5_D_35_3_6_5_5_5_0.985993287528691,5.0,0.985993287528691,5,16,116.674823279965,62.20966135350627,18
out_debug_ver2b_adh5_D_35_3_6_5_5_5_0.985993287528691,5.0,0.985993287528691,5,17,129.20570463387165,40.803643018332515,18
out_debug_ver2b_adh5_D_36_3_6_5_5_5_1.110881824959817,5.0,1.110881824959817,5,0,24.97708075256386,152.27132845549568,18
out_debug_ver2b_adh5_D_36_3_6_5_5_5_1.110881824959817,5.0,1.110881824959817,5,1,35.88707934515297,127.12325180184423,18
out_debug_ver2b_adh5_D_36_3_6_5_5_5_1.110881824959817,5.0,1.110881824959817,5,2,63.6168963412448,157.40278694989652,18
out_debug_ver2b_adh5_D_36_3_6_5_5_5_1.110881824959817,5.0,1.110881824959817,5,3,76.42779954665097,130.79255218872348,18
out_debug_ver2b_adh5_D_36_3_6_5_5_5_1.110881824959817,5.0,1.110881824959817,5,4,102.03066704540157,156.33602034280014,18
out_debug_ver2b_adh5_D_36_3_6_5_5_5_1.110881824959817,5.0,1.110881824959817,5,5,119.05281805777635,132.58341423233082,18
out_debug_ver2b_adh5_D_36_3_6_5_5_5_1.110881824959817,5.0,1.110881824959817,5,6,44.98802467124627,104.49359628381701,18
out_debug_ver2b_adh5_D_36_3_6_5_5_5_1.110881824959817,5.0,1.110881824959817,5,7,59.26140290609237,85.35738471650934,18
out_debug_ver2b_adh5_D_36_3_6_5_5_5_1.110881824959817,5.0,1.110881824959817,5,8,89.01440051676782,107.82915742727596,18
out_debug_ver2b_adh5_D_36_3_6_5_5_5_1.110881824959817,5.0,1.110881824959817,5,9,102.70560443413915,85.20808993161106,18
out_debug_ver2b_adh5_D_36_3_6_5_5_5_1.110881824959817,5.0,1.110881824959817,5,10,131.2034654788816,109.77541000464561,18
out_debug_ver2b_adh5_D_36_3_6_5_5_5_1.110881824959817,5.0,1.110881824959817,5,11,144.21926892445455,85.30603806459546,18
out_debug_ver2b_adh5_D_36_3_6_5_5_5_1.110881824959817,5.0,1.110881824959817,5,12,34.21483680341417,65.10099733580181,18
out_debug_ver2b_adh5_D_36_3_6_5_5_5_1.110881824959817,5.0,1.110881824959817,5,13,50.78010934504838,38.84580323448475,18
out_debug_ver2b_adh5_D_36_3_6_5_5_5_1.110881824959817,5.0,1.110881824959817,5,14,75.75541934228784,61.973350743808446,18
out_debug_ver2b_adh5_D_36_3_6_5_5_5_1.110881824959817,5.0,1.110881824959817,5,15,89.30530685114815,35.97490346464847,18
out_debug_ver2b_adh5_D_36_3_6_5_5_5_1.110881824959817,5.0,1.110881824959817,5,16,116.78384936695493,62.06229762295376,18
out_debug_ver2b_adh5_D_36_3_6_5_5_5_1.110881824959817,5.0,1.110881824959817,5,17,129.4733924312998,40.55602864237948,18
out_debug_ver2b_adh5_D_37_3_6_5_5_5_0.4465864796865203,5.0,0.4465864796865203,5,0,26.133828326039424,150.65759081997012,18
out_debug_ver2b_adh5_D_37_3_6_5_5_5_0.4465864796865203,5.0,0.4465864796865203,5,1,37.43895272256062,127.15657719319857,18
out_debug_ver2b_adh5_D_37_3_6_5_5_5_0.4465864796865203,5.0,0.4465864796865203,5,2,63.690004992334444,154.97025002060323,18
out_debug_ver2b_adh5_D_37_3_6_5_5_5_0.4465864796865203,5.0,0.4465864796865203,5,3,76.66300670492502,130.08715125885757,18
out_debug_ver2b_adh5_D_37_3_6_5_5_5_0.4465864796865203,5.0,0.4465864796865203,5,4,101.10389255012257,153.99167008152259,18
out_debug_ver2b_adh5_D_37_3_6_5_5_5_0.4465864796865203,5.0,0.4465864796865203,5,5,117.52489729443978,131.6626219045962,18
out_debug_ver2b_adh5_D_37_3_6_5_5_5_0.4465864796865203,5.0,0.4465864796865203,5,6,46.74485751307336,104.79099041228096,18
out_debug_ver2b_adh5_D_37_3_6_5_5_5_0.4465864796865203,5.0,0.4465864796865203,5,7,60.45162985150997,85.88763086962929,18
out_debug_ver2b_adh5_D_37_3_6_5_5_5_0.4465864796865203,5.0,0.4465864796865203,5,8,88.73494515231958,107.53572422261614,18
out_debug_ver2b_adh5_D_37_3_6_5_5_5_0.4465864796865203,5.0,0.4465864796865203,5,9,102.102130751188,85.6935814155042,18
out_debug_ver2b_adh5_D_37_3_6_5_5_5_0.4465864796865203,5.0,0.4465864796865203,5,10,129.07203444399744,109.20301249908654,18
out_debug_ver2b_adh5_D_37_3_6_5_5_5_0.4465864796865203,5.0,0.4465864796865203,5,11,141.6666398362902,85.98874220322618,18
out_debug_ver2b_adh5_D_37_3_6_5_5_5_0.4465864796865203,5.0,0.4465864796865203,5,12,35.87797430199575,65.6975045991552,18
out_debug_ver2b_adh5_D_37_3_6_5_5_5_0.4465864796865203,5.0,0.4465864796865203,5,13,51.4316555203501,41.09019370145156,18
out_debug_ver2b_adh5_D_37_3_6_5_5_5_0.4465864796865203,5.0,0.4465864796865203,5,14,75.68907608839426,62.94706400109777,18
out_debug_ver2b_adh5_D_37_3_6_5_5_5_0.4465864796865203,5.0,0.4465864796865203,5,15,89.02810857760585,38.530050470009776,18
out_debug_ver2b_adh5_D_37_3_6_5_5_5_0.4465864796865203,5.0,0.4465864796865203,5,16,115.73561445775289,63.14439499808916,18
out_debug_ver2b_adh5_D_37_3_6_5_5_5_0.4465864796865203,5.0,0.4465864796865203,5,17,127.50559579620143,42.35139900604667,18
out_debug_ver2b_adh5_D_38_3_6_5_5_5_1.106100942538518,5.0,1.106100942538518,5,0,24.980139945736052,152.26474274261327,18
out_debug_ver2b_adh5_D_38_3_6_5_5_5_1.106100942538518,5.0,1.106100942538518,5,1,35.89201452118826,127.12309953569464,18
out_debug_ver2b_adh5_D_38_3_6_5_5_5_1.106100942538518,5.0,1.106100942538518,5,2,63.61766262094758,157.39586608567652,18
out_debug_ver2b_adh5_D_38_3_6_5_5_5_1.106100942538518,5.0,1.106100942538518,5,3,76.42621175229262,130.78908677236456,18
out_debug_ver2b_adh5_D_38_3_6_5_5_5_1.106100942538518,5.0,1.106100942538518,5,4,102.0265131462859,156.32618360557723,18
out_debug_ver2b_adh5_D_38_3_6_5_5_5_1.106100942538518,5.0,1.106100942538518,5,5,119.0447902840196,132.57961097168482,18
out_debug_ver2b_adh5_D_38_3_6_5_5_5_1.106100942538518,5.0,1.106100942538518,5,6,44.98719375994029,104.49182292366386,18
out_debug_ver2b_adh5_D_38_3_6_5_5_5_1.106100942538518,5.0,1.106100942538518,5,7,59.265433708032056,85.36059722145153,18
out_debug_ver2b_adh5_D_38_3_6_5_5_5_1.106100942538518,5.0,1.106100942538518,5,8,89.01050961311377,107.82641582286989,18
out_debug_ver2b_adh5_D_38_3_6_5_5_5_1.106100942538518,5.0,1.106100942538518,5,9,102.70100382714821,85.2083715174971,18
out_debug_ver2b_adh5_D_38_3_6_5_5_5_1.106100942538518,5.0,1.106100942538518,5,10,131.1942642562644,109.77433695849088,18
out_debug_ver2b_adh5_D_38_3_6_5_5_5_1.106100942538518,5.0,1.106100942538518,5,11,144.2094449903878,85.31059666139878,18
out_debug_ver2b_adh5_D_38_3_6_5_5_5_1.106100942538518,5.0,1.106100942538518,5,12,34.21867720262809,65.10207623205575,18
out_debug_ver2b_adh5_D_38_3_6_5_5_5_1.106100942538518,5.0,1.106100942538518,5,13,50.781833447178315,38.85336317521752,18
out_debug_ver2b_adh5_D_38_3_6_5_5_5_1.106100942538518,5.0,1.106100942538518,5,14,75.7530466791571,61.97508384033949,18
out_debug_ver2b_adh5_D_38_3_6_5_5_5_1.106100942538518,5.0,1.106100942538518,5,15,89.30378601160812,35.98215710769512,18
out_debug_ver2b_adh5_D_38_3_6_5_5_5_1.106100942538518,5.0,1.106100942538518,5,16,116.77720523814462,62.06491386867779,18
out_debug_ver2b_adh5_D_38_3_6_5_5_5_1.106100942538518,5.0,1.106100942538518,5,17,129.46754481408513,40.56667846741245,18
out_debug_ver2b_adh5_D_39_3_6_5_5_5_1.163775420827241,5.0,1.163775420827241,5,0,24.958080313347875,152.33115372273494,18
out_debug_ver2b_adh5_D_39_3_6_5_5_5_1.163775420827241,5.0,1.163775420827241,5,1,35.844064246734014,127.11911645616885,18
out_debug_ver2b_adh5_D_39_3_6_5_5_5_1.163775420827241,5.0,1.163775420827241,5,2,63.60525798232819,157.45895744442845,18
out_debug_ver2b_adh5_D_39_3_6_5_5_5_1.163775420827241,5.0,1.163775420827241,5,3,76.46481063158558,130.86191868138687,18
out_debug_ver2b_adh5_D_39_3_6_5_5_5_1.163775420827241,5.0,1.163775420827241,5,4,102.08587561157496,156.4719474416129,18
out_debug_ver2b_adh5_D_39_3_6_5_5_5_1.163775420827241,5.0,1.163775420827241,5,5,119.11797641785274,132.61276035777183,18
out_debug_ver2b_adh5_D_39_3_6_5_5_5_1.163775420827241,5.0,1.163775420827241,5,6,45.006323676818006,104.5195716289109,18
out_debug_ver2b_adh5_D_39_3_6_5_5_5_1.163775420827241,5.0,1.163775420827241,5,7,59.2199561428824,85.3240388195119,18
out_debug_ver2b_adh5_D_39_3_6_5_5_5_1.163775420827241,5.0,1.163775420827241,5,8,89.05203299012572,107.86947009836523,18
out_debug_ver2b_adh5_D_39_3_6_5_5_5_1.163775420827241,5.0,1.163775420827241,5,9,102.76593566872542,85.1987388599815,18
out_debug_ver2b_adh5_D_39_3_6_5_5_5_1.163775420827241,5.0,1.163775420827241,5,10,131.28239838871824,109.78306663662988,18
out_debug_ver2b_adh5_D_39_3_6_5_5_5_1.163775420827241,5.0,1.163775420827241,5,11,144.28167327603816,85.27777070602271,18
out_debug_ver2b_adh5_D_39_3_6_5_5_5_1.163775420827241,5.0,1.163775420827241,5,12,34.195055483354004,65.09430604618933,18
out_debug_ver2b_adh5_D_39_3_6_5_5_5_1.163775420827241,5.0,1.163775420827241,5,13,50.76340802636323,38.779019633416034,18
out_debug_ver2b_adh5_D_39_3_6_5_5_5_1.163775420827241,5.0,1.163775420827241,5,14,75.79795497093882,61.9837042665394,18
out_debug_ver2b_adh5_D_39_3_6_5_5_5_1.163775420827241,5.0,1.163775420827241,5,15,89.30897774451687,35.88506377215685,18
out_debug_ver2b_adh5_D_39_3_6_5_5_5_1.163775420827241,5.0,1.163775420827241,5,16,116.86145218112527,62.01065657034627,18
out_debug_ver2b_adh5_D_39_3_6_5_5_5_1.163775420827241,5.0,1.163775420827241,5,17,129.51262283675393,40.411874039353435,18
out_debug_ver2b_adh5_D_3_3_6_5_5_5_1.4119797824064197,5.0,1.4119797824064197,5,0,24.877247432832394,152.5367941592818,18
out_debug_ver2b_adh5_D_3_3_6_5_5_5_1.4119797824064197,5.0,1.4119797824064197,5,1,35.57663629872834,126.97743475570239,18
out_debug_ver2b_adh5_D_3_3_6_5_5_5_1.4119797824064197,5.0,1.4119797824064197,5,2,63.57521010866311,157.69584223646004,18
out_debug_ver2b_adh5_D_3_3_6_5_5_5_1.4119797824064197,5.0,1.4119797824064197,5,3,76.64575659929875,131.0638492887343,18
out_debug_ver2b_adh5_D_3_3_6_5_5_5_1.4119797824064197,5.0,1.4119797824064197,5,4,102.30990185066999,156.93347277254693,18
out_debug_ver2b_adh5_D_3_3_6_5_5_5_1.4119797824064197,5.0,1.4119797824064197,5,5,119.54296548753871,132.79041180555024,18
out_debug_ver2b_adh5_D_3_3_6_5_5_5_1.4119797824064197,5.0,1.4119797824064197,5,6,45.48537445431114,104.57860961479746,18
out_debug_ver2b_adh5_D_3_3_6_5_5_5_1.4119797824064197,5.0,1.4119797824064197,5,7,58.749311412270174,85.08950597504393,18
out_debug_ver2b_adh5_D_3_3_6_5_5_5_1.4119797824064197,5.0,1.4119797824064197,5,8,89.31988845574806,107.96586821078493,18
out_debug_ver2b_adh5_D_3_3_6_5_5_5_1.4119797824064197,5.0,1.4119797824064197,5,9,103.10852831792836,85.13884384829016,18
out_debug_ver2b_adh5_D_3_3_6_5_5_5_1.4119797824064197,5.0,1.4119797824064197,5,10,131.7205387578948,109.79512899687087,18
out_debug_ver2b_adh5_D_3_3_6_5_5_5_1.4119797824064197,5.0,1.4119797824064197,5,11,144.19878041077448,85.11348894588171,18
out_debug_ver2b_adh5_D_3_3_6_5_5_5_1.4119797824064197,5.0,1.4119797824064197,5,12,34.51088841820348,65.04124510371703,18
out_debug_ver2b_adh5_D_3_3_6_5_5_5_1.4119797824064197,5.0,1.4119797824064197,5,13,50.60284649623353,38.28085308588947,18
out_debug_ver2b_adh5_D_3_3_6_5_5_5_1.4119797824064197,5.0,1.4119797824064197,5,14,76.14852964250917,61.83433650802554,18
out_debug_ver2b_adh5_D_3_3_6_5_5_5_1.4119797824064197,5.0,1.4119797824064197,5,15,89.33022465139915,35.355728382583095,18
out_debug_ver2b_adh5_D_3_3_6_5_5_5_1.4119797824064197,5.0,1.4119797824064197,5,16,118.49377052889095,61.83213639624131,18
out_debug_ver2b_adh5_D_3_3_6_5_5_5_1.4119797824064197,5.0,1.4119797824064197,5,17,128.63688003710976,39.02382210915774,18
out_debug_ver2b_adh5_D_40_3_6_5_5_5_1.0183154002210189,5.0,1.0183154002210189,5,0,25.027316848489605,152.03452051714578,18
out_debug_ver2b_adh5_D_40_3_6_5_5_5_1.0183154002210189,5.0,1.0183154002210189,5,1,35.97360609333274,127.09664018889708,18
out_debug_ver2b_adh5_D_40_3_6_5_5_5_1.0183154002210189,5.0,1.0183154002210189,5,2,63.626697540645864,157.1844151264365,18
out_debug_ver2b_adh5_D_40_3_6_5_5_5_1.0183154002210189,5.0,1.0183154002210189,5,3,76.42559980516448,130.7360394840752,18
out_debug_ver2b_adh5_D_40_3_6_5_5_5_1.0183154002210189,5.0,1.0183154002210189,5,4,101.9430973964859,156.12477298407435,18
out_debug_ver2b_adh5_D_40_3_6_5_5_5_1.0183154002210189,5.0,1.0183154002210189,5,5,118.87944502098757,132.49091619313384,18
out_debug_ver2b_adh5_D_40_3_6_5_5_5_1.0183154002210189,5.0,1.0183154002210189,5,6,44.98382100712598,104.49219250128824,18
out_debug_ver2b_adh5_D_40_3_6_5_5_5_1.0183154002210189,5.0,1.0183154002210189,5,7,59.40882442676257,85.45588098965834,18
out_debug_ver2b_adh5_D_40_3_6_5_5_5_1.0183154002210189,5.0,1.0183154002210189,5,8,88.94857580752017,107.7817564081984,18
out_debug_ver2b_adh5_D_40_3_6_5_5_5_1.0183154002210189,5.0,1.0183154002210189,5,9,102.62899835391158,85.26007006198687,18
out_debug_ver2b_adh5_D_40_3_6_5_5_5_1.0183154002210189,5.0,1.0183154002210189,5,10,131.01056682040374,109.74640856944468,18
out_debug_ver2b_adh5_D_40_3_6_5_5_5_1.0183154002210189,5.0,1.0183154002210189,5,11,144.01774538595618,85.4050320409183,18
out_debug_ver2b_adh5_D_40_3_6_5_5_5_1.0183154002210189,5.0,1.0183154002210189,5,12,34.37059067300717,65.23723658748946,18
out_debug_ver2b_adh5_D_40_3_6_5_5_5_1.0183154002210189,5.0,1.0183154002210189,5,13,50.812287977310156,39.06532120215107,18
out_debug_ver2b_adh5_D_40_3_6_5_5_5_1.0183154002210189,5.0,1.0183154002210189,5,14,75.75191663109725,62.03784612930534,18
out_debug_ver2b_adh5_D_40_3_6_5_5_5_1.0183154002210189,5.0,1.0183154002210189,5,15,89.27123798844697,36.205415266850466,18
out_debug_ver2b_adh5_D_40_3_6_5_5_5_1.0183154002210189,5.0,1.0183154002210189,5,16,116.71874102426017,62.18212929679072,18
out_debug_ver2b_adh5_D_40_3_6_5_5_5_1.0183154002210189,5.0,1.0183154002210189,5,17,129.25055009858366,40.72437658270907,18
out_debug_ver2b_adh5_D_41_3_6_5_5_5_0.7608084654294047,5.0,0.7608084654294047,5,0,25.331299928891767,151.5662687487553,18
out_debug_ver2b_adh5_D_41_3_6_5_5_5_0.7608084654294047,5.0,0.7608084654294047,5,1,36.35423934075502,127.08122291613627,18
out_debug_ver2b_adh5_D_41_3_6_5_5_5_0.7608084654294047,5.0,0.7608084654294047,5,2,63.67166320954056,156.5184890280405,18
out_debug_ver2b_adh5_D_41_3_6_5_5_5_0.7608084654294047,5.0,0.7608084654294047,5,3,76.41520859441748,130.5772080178527,18
out_debug_ver2b_adh5_D_41_3_6_5_5_5_0.7608084654294047,5.0,0.7608084654294047,5,4,101.64096703780041,155.40746056511065,18
out_debug_ver2b_adh5_D_41_3_6_5_5_5_0.7608084654294047,5.0,0.7608084654294047,5,5,118.3190095070132,132.20462828719414,18
out_debug_ver2b_adh5_D_41_3_6_5_5_5_0.7608084654294047,5.0,0.7608084654294047,5,6,45.46098729477435,104.50792493303716,18
out_debug_ver2b_adh5_D_41_3_6_5_5_5_0.7608084654294047,5.0,0.7608084654294047,5,7,59.57641520241362,85.60879612990105,18
out_debug_ver2b_adh5_D_41_3_6_5_5_5_0.7608084654294047,5.0,0.7608084654294047,5,8,88.80532009548021,107.6823963778209,18
out_debug_ver2b_adh5_D_41_3_6_5_5_5_0.7608084654294047,5.0,0.7608084654294047,5,9,102.36257810632706,85.39777306693541,18
out_debug_ver2b_adh5_D_41_3_6_5_5_5_0.7608084654294047,5.0,0.7608084654294047,5,10,130.36072318564268,109.64031928341046,18
out_debug_ver2b_adh5_D_41_3_6_5_5_5_0.7608084654294047,5.0,0.7608084654294047,5,11,143.27224521251173,85.61859959969185,18
out_debug_ver2b_adh5_D_41_3_6_5_5_5_0.7608084654294047,5.0,0.7608084654294047,5,12,34.83408020698345,65.30562357581196,18
out_debug_ver2b_adh5_D_41_3_6_5_5_5_0.7608084654294047,5.0,0.7608084654294047,5,13,51.01754100516366,39.69195978259285,18
out_debug_ver2b_adh5_D_41_3_6_5_5_5_0.7608084654294047,5.0,0.7608084654294047,5,14,75.67221058283967,62.275874793521865,18
out_debug_ver2b_adh5_D_41_3_6_5_5_5_0.7608084654294047,5.0,0.7608084654294047,5,15,89.20423744215925,36.869064769440826,18
out_debug_ver2b_adh5_D_41_3_6_5_5_5_0.7608084654294047,5.0,0.7608084654294047,5,16,116.20146972039846,62.51520602899814,18
out_debug_ver2b_adh5_D_41_3_6_5_5_5_0.7608084654294047,5.0,0.7608084654294047,5,17,128.7440049788733,41.440760897553574,18
out_debug_ver2b_adh5_D_42_3_6_5_5_5_1.3431670775973343,5.0,1.3431670775973343,5,0,24.841154818743362,152.531620347801,18
out_debug_ver2b_adh5_D_42_3_6_5_5_5_1.3431670775973343,5.0,1.3431670775973343,5,1,35.66999102797296,127.0598977190122,18
out_debug_ver2b_adh5_D_42_3_6_5_5_5_1.3431670775973343,5.0,1.3431670775973343,5,2,63.591653140862896,157.65383902861785,18
out_debug_ver2b_adh5_D_42_3_6_5_5_5_1.3431670775973343,5.0,1.3431670775973343,5,3,76.56880897660973,130.9579749635362,18
out_debug_ver2b_adh5_D_42_3_6_5_5_5_1.3431670775973343,5.0,1.3431670775973343,5,4,102.2612294176834,156.79159896498786,18
out_debug_ver2b_adh5_D_42_3_6_5_5_5_1.3431670775973343,5.0,1.3431670775973343,5,5,119.45160788813105,132.7062373021042,18
out_debug_ver2b_adh5_D_42_3_6_5_5_5_1.3431670775973343,5.0,1.3431670775973343,5,6,45.122181902212446,104.51980606006445,18
out_debug_ver2b_adh5_D_42_3_6_5_5_5_1.3431670775973343,5.0,1.3431670775973343,5,7,58.975977404483416,85.10382321328181,18
out_debug_ver2b_adh5_D_42_3_6_5_5_5_1.3431670775973343,5.0,1.3431670775973343,5,8,89.20576770467152,107.90920964460832,18
out_debug_ver2b_adh5_D_42_3_6_5_5_5_1.3431670775973343,5.0,1.3431670775973343,5,9,102.9743918277753,85.10144139714866,18
out_debug_ver2b_adh5_D_42_3_6_5_5_5_1.3431670775973343,5.0,1.3431670775973343,5,10,131.57678222757067,109.73248872635985,18
out_debug_ver2b_adh5_D_42_3_6_5_5_5_1.3431670775973343,5.0,1.3431670775973343,5,11,144.51399130016753,85.23663852105041,18
out_debug_ver2b_adh5_D_42_3_6_5_5_5_1.3431670775973343,5.0,1.3431670775973343,5,12,34.21965966263953,64.94877991561795,18
out_debug_ver2b_adh5_D_42_3_6_5_5_5_1.3431670775973343,5.0,1.3431670775973343,5,13,50.66861526923964,38.41400359100089,18
out_debug_ver2b_adh5_D_42_3_6_5_5_5_1.3431670775973343,5.0,1.3431670775973343,5,14,76.0710451145148,61.85205153243374,18
out_debug_ver2b_adh5_D_42_3_6_5_5_5_1.3431670775973343,5.0,1.3431670775973343,5,15,89.37446370390239,35.47765494908842,18
out_debug_ver2b_adh5_D_42_3_6_5_5_5_1.3431670775973343,5.0,1.3431670775973343,5,16,117.47621349735213,61.83905180889192,18
out_debug_ver2b_adh5_D_42_3_6_5_5_5_1.3431670775973343,5.0,1.3431670775973343,5,17,129.5836743814671,39.75618548960556,18
out_debug_ver2b_adh5_D_43_3_6_5_5_5_1.2406416016786277,5.0,1.2406416016786277,5,0,24.919257197912874,152.4148102003787,18
out_debug_ver2b_adh5_D_43_3_6_5_5_5_1.2406416016786277,5.0,1.2406416016786277,5,1,35.77232036253216,127.09153258205015,18
out_debug_ver2b_adh5_D_43_3_6_5_5_5_1.2406416016786277,5.0,1.2406416016786277,5,2,63.60058502270122,157.53403591490073,18
out_debug_ver2b_adh5_D_43_3_6_5_5_5_1.2406416016786277,5.0,1.2406416016786277,5,3,76.49566531388012,130.89878384483578,18
out_debug_ver2b_adh5_D_43_3_6_5_5_5_1.2406416016786277,5.0,1.2406416016786277,5,4,102.15642203882565,156.60414523943086,18
out_debug_ver2b_adh5_D_43_3_6_5_5_5_1.2406416016786277,5.0,1.2406416016786277,5,5,119.24329909898823,132.64971461614468,18
out_debug_ver2b_adh5_D_43_3_6_5_5_5_1.2406416016786277,5.0,1.2406416016786277,5,6,44.99413773045103,104.5079468876837,18
out_debug_ver2b_adh5_D_43_3_6_5_5_5_1.2406416016786277,5.0,1.2406416016786277,5,7,59.155099647594966,85.27160498123136,18
out_debug_ver2b_adh5_D_43_3_6_5_5_5_1.2406416016786277,5.0,1.2406416016786277,5,8,89.09692264195071,107.88617004730422,18
out_debug_ver2b_adh5_D_43_3_6_5_5_5_1.2406416016786277,5.0,1.2406416016786277,5,9,102.8464445928801,85.14791283009741,18
out_debug_ver2b_adh5_D_43_3_6_5_5_5_1.2406416016786277,5.0,1.2406416016786277,5,10,131.37707367469662,109.76530971255863,18
out_debug_ver2b_adh5_D_43_3_6_5_5_5_1.2406416016786277,5.0,1.2406416016786277,5,11,144.4382968630787,85.23119533058161,18
out_debug_ver2b_adh5_D_43_3_6_5_5_5_1.2406416016786277,5.0,1.2406416016786277,5,12,34.12359457827401,65.07818370571387,18
out_debug_ver2b_adh5_D_43_3_6_5_5_5_1.2406416016786277,5.0,1.2406416016786277,5,13,50.72722957044801,38.63898710085607,18
out_debug_ver2b_adh5_D_43_3_6_5_5_5_1.2406416016786277,5.0,1.2406416016786277,5,14,75.78053923437646,61.950145777158376,18
out_debug_ver2b_adh5_D_43_3_6_5_5_5_1.2406416016786277,5.0,1.2406416016786277,5,15,89.33286452268915,35.77374936478617,18
out_debug_ver2b_adh5_D_43_3_6_5_5_5_1.2406416016786277,5.0,1.2406416016786277,5,16,116.99717185257772,61.980435018986476,18
out_debug_ver2b_adh5_D_43_3_6_5_5_5_1.2406416016786277,5.0,1.2406416016786277,5,17,129.56342495673317,40.20542718804479,18
out_debug_ver2b_adh5_D_44_3_6_5_5_5_0.9491715999683648,5.0,0.9491715999683648,5,0,25.083670076842967,151.92320583912345,18
out_debug_ver2b_adh5_D_44_3_6_5_5_5_0.9491715999683648,5.0,0.9491715999683648,5,1,36.049169787712174,127.08538757056591,18
out_debug_ver2b_adh5_D_44_3_6_5_5_5_0.9491715999683648,5.0,0.9491715999683648,5,2,63.6463067273869,157.04705257274296,18
out_debug_ver2b_adh5_D_44_3_6_5_5_5_0.9491715999683648,5.0,0.9491715999683648,5,3,76.4043950520757,130.68969489689385,18
out_debug_ver2b_adh5_D_44_3_6_5_5_5_0.9491715999683648,5.0,0.9491715999683648,5,4,101.87627816902044,155.96380042579605,18
out_debug_ver2b_adh5_D_44_3_6_5_5_5_0.9491715999683648,5.0,0.9491715999683648,5,5,118.74739873844221,132.42308819470915,18
out_debug_ver2b_adh5_D_44_3_6_5_5_5_0.9491715999683648,5.0,0.9491715999683648,5,6,44.99636151125801,104.44434903348262,18
out_debug_ver2b_adh5_D_44_3_6_5_5_5_0.9491715999683648,5.0,0.9491715999683648,5,7,59.468798009293096,85.49747941436452,18
out_debug_ver2b_adh5_D_44_3_6_5_5_5_0.9491715999683648,5.0,0.9491715999683648,5,8,88.8962077865019,107.7554126383891,18
out_debug_ver2b_adh5_D_44_3_6_5_5_5_0.9491715999683648,5.0,0.9491715999683648,5,9,102.57412085583728,85.26380241281366,18
out_debug_ver2b_adh5_D_44_3_6_5_5_5_0.9491715999683648,5.0,0.9491715999683648,5,10,130.85452696512235,109.70880875818504,18
out_debug_ver2b_adh5_D_44_3_6_5_5_5_0.9491715999683648,5.0,0.9491715999683648,5,11,143.85752740831327,85.45374376350416,18
out_debug_ver2b_adh5_D_44_3_6_5_5_5_0.9491715999683648,5.0,0.9491715999683648,5,12,34.44947572519804,65.244297455391,18
out_debug_ver2b_adh5_D_44_3_6_5_5_5_0.9491715999683648,5.0,0.9491715999683648,5,13,50.84950711695736,39.198707261310155,18
out_debug_ver2b_adh5_D_44_3_6_5_5_5_0.9491715999683648,5.0,0.9491715999683648,5,14,75.72523888949748,62.09645946718916,18
out_debug_ver2b_adh5_D_44_3_6_5_5_5_0.9491715999683648,5.0,0.9491715999683648,5,15,89.24101215713854,36.31922381107261,18
out_debug_ver2b_adh5_D_44_3_6_5_5_5_0.9491715999683648,5.0,0.9491715999683648,5,16,116.57287193132011,62.20372052738937,18
out_debug_ver2b_adh5_D_44_3_6_5_5_5_0.9491715999683648,5.0,0.9491715999683648,5,17,129.16726888772587,40.895414814529666,18
out_debug_ver2b_adh5_D_45_3_6_5_5_5_1.2832257009605688,5.0,1.2832257009605688,5,0,24.88043015250896,152.469875249865,18
out_debug_ver2b_adh5_D_45_3_6_5_5_5_1.2832257009605688,5.0,1.2832257009605688,5,1,35.712833398895675,127.08304731224636,18
out_debug_ver2b_adh5_D_45_3_6_5_5_5_1.2832257009605688,5.0,1.2832257009605688,5,2,63.60015050855606,157.5954526830358,18
out_debug_ver2b_adh5_D_45_3_6_5_5_5_1.2832257009605688,5.0,1.2832257009605688,5,3,76.52375479292492,130.935084887175,18
out_debug_ver2b_adh5_D_45_3_6_5_5_5_1.2832257009605688,5.0,1.2832257009605688,5,4,102.20613204042668,156.68220039320977,18
out_debug_ver2b_adh5_D_45_3_6_5_5_5_1.2832257009605688,5.0,1.2832257009605688,5,5,119.36511411364671,132.67014519542667,18
out_debug_ver2b_adh5_D_45_3_6_5_5_5_1.2832257009605688,5.0,1.2832257009605688,5,6,45.01261617329157,104.52571923965063,18
out_debug_ver2b_adh5_D_45_3_6_5_5_5_1.2832257009605688,5.0,1.2832257009605688,5,7,59.09466822619921,85.22614947452848,18
out_debug_ver2b_adh5_D_45_3_6_5_5_5_1.2832257009605688,5.0,1.2832257009605688,5,8,89.13045142098646,107.91707124855652,18
out_debug_ver2b_adh5_D_45_3_6_5_5_5_1.2832257009605688,5.0,1.2832257009605688,5,9,102.9692030146569,85.13755820948518,18
out_debug_ver2b_adh5_D_45_3_6_5_5_5_1.2832257009605688,5.0,1.2832257009605688,5,10,131.4675803406068,109.73707300534585,18
out_debug_ver2b_adh5_D_45_3_6_5_5_5_1.2832257009605688,5.0,1.2832257009605688,5,11,144.39648457544294,85.27756034576335,18
out_debug_ver2b_adh5_D_45_3_6_5_5_5_1.2832257009605688,5.0,1.2832257009605688,5,12,34.083276511556384,65.05925419575242,18
out_debug_ver2b_adh5_D_45_3_6_5_5_5_1.2832257009605688,5.0,1.2832257009605688,5,13,50.70578736080873,38.56661683157963,18
out_debug_ver2b_adh5_D_45_3_6_5_5_5_1.2832257009605688,5.0,1.2832257009605688,5,14,75.82903666706632,61.992061240905194,18
out_debug_ver2b_adh5_D_45_3_6_5_5_5_1.2832257009605688,5.0,1.2832257009605688,5,15,89.32898771297319,35.72836072819477,18
out_debug_ver2b_adh5_D_45_3_6_5_5_5_1.2832257009605688,5.0,1.2832257009605688,5,16,117.32021047338172,61.87431409503163,18
out_debug_ver2b_adh5_D_45_3_6_5_5_5_1.2832257009605688,5.0,1.2832257009605688,5,17,129.51396152017972,39.92762428754015,18
out_debug_ver2b_adh5_D_46_3_6_5_5_5_0.684977337408167,5.0,0.684977337408167,5,0,25.465034792308746,151.39782443208102,18
out_debug_ver2b_adh5_D_46_3_6_5_5_5_0.684977337408167,5.0,0.684977337408167,5,1,36.49965211409691,127.11606895425045,18
out_debug_ver2b_adh5_D_46_3_6_5_5_5_0.684977337408167,5.0,0.684977337408167,5,2,63.703116755709196,156.25944455062398,18
out_debug_ver2b_adh5_D_46_3_6_5_5_5_0.684977337408167,5.0,0.684977337408167,5,3,76.44138259991813,130.4919928702581,18
out_debug_ver2b_adh5_D_46_3_6_5_5_5_0.684977337408167,5.0,0.684977337408167,5,4,101.516724537059,155.11297987708812,18
out_debug_ver2b_adh5_D_46_3_6_5_5_5_0.684977337408167,5.0,0.684977337408167,5,5,118.16426208080524,132.08555076009557,18
out_debug_ver2b_adh5_D_46_3_6_5_5_5_0.684977337408167,5.0,0.684977337408167,5,6,45.63958911480642,104.59131515741556,18
out_debug_ver2b_adh5_D_46_3_6_5_5_5_0.684977337408167,5.0,0.684977337408167,5,7,59.76863735015706,85.73854487857663,18
out_debug_ver2b_adh5_D_46_3_6_5_5_5_0.684977337408167,5.0,0.684977337408167,5,8,88.75372122554539,107.67087053661415,18
out_debug_ver2b_adh5_D_46_3_6_5_5_5_0.684977337408167,5.0,0.684977337408167,5,9,102.29704538333102,85.43291707092527,18
out_debug_ver2b_adh5_D_46_3_6_5_5_5_0.684977337408167,5.0,0.684977337408167,5,10,130.10042170765942,109.54675853814497,18
out_debug_ver2b_adh5_D_46_3_6_5_5_5_0.684977337408167,5.0,0.684977337408167,5,11,142.9683774992408,85.69851675188954,18
out_debug_ver2b_adh5_D_46_3_6_5_5_5_0.684977337408167,5.0,0.684977337408167,5,12,34.83601882864787,65.47240377967411,18
out_debug_ver2b_adh5_D_46_3_6_5_5_5_0.684977337408167,5.0,0.684977337408167,5,13,51.047326985678474,40.055531994369055,18
out_debug_ver2b_adh5_D_46_3_6_5_5_5_0.684977337408167,5.0,0.684977337408167,5,14,75.55034719396058,62.485180687440334,18
out_debug_ver2b_adh5_D_46_3_6_5_5_5_0.684977337408167,5.0,0.684977337408167,5,15,89.1165731668912,37.27898599739621,18
out_debug_ver2b_adh5_D_46_3_6_5_5_5_0.684977337408167,5.0,0.684977337408167,5,16,116.06728130331635,62.61276384145273,18
out_debug_ver2b_adh5_D_46_3_6_5_5_5_0.684977337408167,5.0,0.684977337408167,5,17,128.50609533983024,41.644442137480716,18
out_debug_ver2b_adh5_D_47_3_6_5_5_5_1.295909193001669,5.0,1.295909193001669,5,0,24.87042980049908,152.4852393377206,18
out_debug_ver2b_adh5_D_47_3_6_5_5_5_1.295909193001669,5.0,1.295909193001669,5,1,35.6958566002263,127.0807903021858,18
out_debug_ver2b_adh5_D_47_3_6_5_5_5_1.295909193001669,5.0,1.295909193001669,5,2,63.59827538178562,157.61485942817842,18
out_debug_ver2b_adh5_D_47_3_6_5_5_5_1.295909193001669,5.0,1.295909193001669,5,3,76.52926733320237,130.9488513523288,18
out_debug_ver2b_adh5_D_47_3_6_5_5_5_1.295909193001669,5.0,1.295909193001669,5,4,102.21836790827149,156.70975032212291,18
out_debug_ver2b_adh5_D_47_3_6_5_5_5_1.295909193001669,5.0,1.295909193001669,5,5,119.38709457421947,132.6821389145919,18
out_debug_ver2b_adh5_D_47_3_6_5_5_5_1.295909193001669,5.0,1.295909193001669,5,6,45.02102173102469,104.53240784446707,18
out_debug_ver2b_adh5_D_47_3_6_5_5_5_1.295909193001669,5.0,1.295909193001669,5,7,59.068024344672914,85.21579480492899,18
out_debug_ver2b_adh5_D_47_3_6_5_5_5_1.295909193001669,5.0,1.295909193001669,5,8,89.13969291778047,107.925093371017,18
out_debug_ver2b_adh5_D_47_3_6_5_5_5_1.295909193001669,5.0,1.295909193001669,5,9,102.98702674658739,85.1402787266445,18
out_debug_ver2b_adh5_D_47_3_6_5_5_5_1.295909193001669,5.0,1.295909193001669,5,10,131.4927955104202,109.73991533183072,18
out_debug_ver2b_adh5_D_47_3_6_5_5_5_1.295909193001669,5.0,1.295909193001669,5,11,144.41816291859166,85.26912054644612,18
out_debug_ver2b_adh5_D_47_3_6_5_5_5_1.295909193001669,5.0,1.295909193001669,5,12,34.07249615494822,65.05214338909907,18
out_debug_ver2b_adh5_D_47_3_6_5_5_5_1.295909193001669,5.0,1.295909193001669,5,13,50.699342686850166,38.545150153597255,18
out_debug_ver2b_adh5_D_47_3_6_5_5_5_1.295909193001669,5.0,1.295909193001669,5,14,75.83849467960995,61.99636138769517,18
out_debug_ver2b_adh5_D_47_3_6_5_5_5_1.295909193001669,5.0,1.295909193001669,5,15,89.33208628526319,35.71116502809737,18
out_debug_ver2b_adh5_D_47_3_6_5_5_5_1.295909193001669,5.0,1.295909193001669,5,16,117.34421890190224,61.867568817308836,18
out_debug_ver2b_adh5_D_47_3_6_5_5_5_1.295909193001669,5.0,1.295909193001669,5,17,129.52159650656952,39.89480012701462,18
out_debug_ver2b_adh5_D_48_3_6_5_5_5_0.5989698262131917,5.0,0.5989698262131917,5,0,25.65043217190666,151.15167122924743,18
out_debug_ver2b_adh5_D_48_3_6_5_5_5_0.5989698262131917,5.0,0.5989698262131917,5,1,36.80064974318782,127.14565286208499,18
out_debug_ver2b_adh5_D_48_3_6_5_5_5_0.5989698262131917,5.0,0.5989698262131917,5,2,63.72828385358195,155.89421124180532,18
out_debug_ver2b_adh5_D_48_3_6_5_5_5_0.5989698262131917,5.0,0.5989698262131917,5,3,76.52920606073506,130.37763852298173,18
out_debug_ver2b_adh5_D_48_3_6_5_5_5_0.5989698262131917,5.0,0.5989698262131917,5,4,101.38083729598243,154.74804836041184,18
out_debug_ver2b_adh5_D_48_3_6_5_5_5_0.5989698262131917,5.0,0.5989698262131917,5,5,117.93292512886171,131.9550274391068,18
out_debug_ver2b_adh5_D_48_3_6_5_5_5_0.5989698262131917,5.0,0.5989698262131917,5,6,45.96174300240796,104.67783731570618,18
out_debug_ver2b_adh5_D_48_3_6_5_5_5_0.5989698262131917,5.0,0.5989698262131917,5,7,60.20170106844024,85.83852366656123,18
out_debug_ver2b_adh5_D_48_3_6_5_5_5_0.5989698262131917,5.0,0.5989698262131917,5,8,88.72963938994866,107.58581134704245,18
out_debug_ver2b_adh5_D_48_3_6_5_5_5_0.5989698262131917,5.0,0.5989698262131917,5,9,102.29387615622113,85.5141541868047,18
out_debug_ver2b_adh5_D_48_3_6_5_5_5_0.5989698262131917,5.0,0.5989698262131917,5,10,129.80891007879003,109.49400076322426,18
out_debug_ver2b_adh5_D_48_3_6_5_5_5_0.5989698262131917,5.0,0.5989698262131917,5,11,142.56556488011327,85.81651276275501,18
out_debug_ver2b_adh5_D_48_3_6_5_5_5_0.5989698262131917,5.0,0.5989698262131917,5,12,35.12813574222506,65.61416784117021,18
out_debug_ver2b_adh5_D_48_3_6_5_5_5_0.5989698262131917,5.0,0.5989698262131917,5,13,51.163084427472334,40.38542982805835,18
out_debug_ver2b_adh5_D_48_3_6_5_5_5_0.5989698262131917,5.0,0.5989698262131917,5,14,75.55180705528322,62.63482706870965,18
out_debug_ver2b_adh5_D_48_3_6_5_5_5_0.5989698262131917,5.0,0.5989698262131917,5,15,89.0818477584712,37.660542977432094,18
out_debug_ver2b_adh5_D_48_3_6_5_5_5_0.5989698262131917,5.0,0.5989698262131917,5,16,115.9575079883838,62.793919318164576,18
out_debug_ver2b_adh5_D_48_3_6_5_5_5_0.5989698262131917,5.0,0.5989698262131917,5,17,128.12182764822748,41.84369041569071,18
out_debug_ver2b_adh5_D_49_3_6_5_5_5_0.9202565924845427,5.0,0.9202565924845427,5,0,25.109261079965083,151.87541317557518,18
out_debug_ver2b_adh5_D_49_3_6_5_5_5_0.9202565924845427,5.0,0.9202565924845427,5,1,36.087394039894996,127.08884859919915,18
out_debug_ver2b_adh5_D_49_3_6_5_5_5_0.9202565924845427,5.0,0.9202565924845427,5,2,63.654000016981634,156.98949465049762,18
out_debug_ver2b_adh5_D_49_3_6_5_5_5_0.9202565924845427,5.0,0.9202565924845427,5,3,76.40275830017545,130.67383797242184,18
out_debug_ver2b_adh5_D_49_3_6_5_5_5_0.9202565924845427,5.0,0.9202565924845427,5,4,101.84553086268618,155.8918794687876,18
out_debug_ver2b_adh5_D_49_3_6_5_5_5_0.9202565924845427,5.0,0.9202565924845427,5,5,118.69031723692432,132.3938417242019,18
out_debug_ver2b_adh5_D_49_3_6_5_5_5_0.9202565924845427,5.0,0.9202565924845427,5,6,45.03272009798932,104.44510924122322,18
out_debug_ver2b_adh5_D_49_3_6_5_5_5_0.9202565924845427,5.0,0.9202565924845427,5,7,59.48643337855577,85.51390937468774,18
out_debug_ver2b_adh5_D_49_3_6_5_5_5_0.9202565924845427,5.0,0.9202565924845427,5,8,88.87661339926609,107.74128173191104,18
out_debug_ver2b_adh5_D_49_3_6_5_5_5_0.9202565924845427,5.0,0.9202565924845427,5,9,102.54866257320255,85.27176387653545,18
out_debug_ver2b_adh5_D_49_3_6_5_5_5_0.9202565924845427,5.0,0.9202565924845427,5,10,130.7861465009628,109.69276176449218,18
out_debug_ver2b_adh5_D_49_3_6_5_5_5_0.9202565924845427,5.0,0.9202565924845427,5,11,143.79073457782434,85.48136647244428,18
out_debug_ver2b_adh5_D_49_3_6_5_5_5_0.9202565924845427,5.0,0.9202565924845427,5,12,34.49112312878571,65.24908938300418,18
out_debug_ver2b_adh5_D_49_3_6_5_5_5_0.9202565924845427,5.0,0.9202565924845427,5,13,50.86980169802669,39.262866054269175,18
out_debug_ver2b_adh5_D_49_3_6_5_5_5_0.9202565924845427,5.0,0.9202565924845427,5,14,75.72303854520555,62.12129697221629,18
out_debug_ver2b_adh5_D_49_3_6_5_5_5_0.9202565924845427,5.0,0.9202565924845427,5,15,89.23166048430909,36.38495695025741,18
out_debug_ver2b_adh5_D_49_3_6_5_5_5_0.9202565924845427,5.0,0.9202565924845427,5,16,116.53694577013876,62.232245237845596,18
out_debug_ver2b_adh5_D_49_3_6_5_5_5_0.9202565924845427,5.0,0.9202565924845427,5,17,129.11798417959162,40.96191189337109,18
out_debug_ver2b_adh5_D_4_3_6_5_5_5_0.9769888161839331,5.0,0.9769888161839331,5,0,25.061240042065773,151.97123479743573,18
out_debug_ver2b_adh5_D_4_3_6_5_5_5_0.9769888161839331,5.0,0.9769888161839331,5,1,36.01496363023879,127.09885815288442,18
out_debug_ver2b_adh5_D_4_3_6_5_5_5_0.9769888161839331,5.0,0.9769888161839331,5,2,63.63935507957663,157.10732575443316,18
out_debug_ver2b_adh5_D_4_3_6_5_5_5_0.9769888161839331,5.0,0.9769888161839331,5,3,76.42132431722881,130.7147235612455,18
out_debug_ver2b_adh5_D_4_3_6_5_5_5_0.9769888161839331,5.0,0.9769888161839331,5,4,101.90393902063958,156.03002760068952,18
out_debug_ver2b_adh5_D_4_3_6_5_5_5_0.9769888161839331,5.0,0.9769888161839331,5,5,118.80013009280952,132.45096274315523,18
out_debug_ver2b_adh5_D_4_3_6_5_5_5_0.9769888161839331,5.0,0.9769888161839331,5,6,45.02080162668787,104.4889404602266,18
out_debug_ver2b_adh5_D_4_3_6_5_5_5_0.9769888161839331,5.0,0.9769888161839331,5,7,59.43686573728638,85.4784604954445,18
out_debug_ver2b_adh5_D_4_3_6_5_5_5_0.9769888161839331,5.0,0.9769888161839331,5,8,88.91680798858357,107.76318261178153,18
out_debug_ver2b_adh5_D_4_3_6_5_5_5_0.9769888161839331,5.0,0.9769888161839331,5,9,102.59375921488083,85.27192843331056,18
out_debug_ver2b_adh5_D_4_3_6_5_5_5_0.9769888161839331,5.0,0.9769888161839331,5,10,130.9197711979926,109.72887697002074,18
out_debug_ver2b_adh5_D_4_3_6_5_5_5_0.9769888161839331,5.0,0.9769888161839331,5,11,143.93029927524353,85.43840359925764,18
out_debug_ver2b_adh5_D_4_3_6_5_5_5_0.9769888161839331,5.0,0.9769888161839331,5,12,34.4211786634059,65.243760226275,18
out_debug_ver2b_adh5_D_4_3_6_5_5_5_0.9769888161839331,5.0,0.9769888161839331,5,13,50.83718421367623,39.148600658861476,18
out_debug_ver2b_adh5_D_4_3_6_5_5_5_0.9769888161839331,5.0,0.9769888161839331,5,14,75.74801772681323,62.06554468338509,18
out_debug_ver2b_adh5_D_4_3_6_5_5_5_0.9769888161839331,5.0,0.9769888161839331,5,15,89.25884555667778,36.28863560391289,18
out_debug_ver2b_adh5_D_4_3_6_5_5_5_0.9769888161839331,5.0,0.9769888161839331,5,16,116.66393971247834,62.2167183445434,18
out_debug_ver2b_adh5_D_4_3_6_5_5_5_0.9769888161839331,5.0,0.9769888161839331,5,17,129.19560200561264,40.825437149095706,18
out_debug_ver2b_adh5_D_50_3_6_5_5_5_0.7113428206348664,5.0,0.7113428206348664,5,0,25.410329519091757,151.4632864391981,18
out_debug_ver2b_adh5_D_50_3_6_5_5_5_0.7113428206348664,5.0,0.7113428206348664,5,1,36.4292743449053,127.11418085198748,18
out_debug_ver2b_adh5_D_50_3_6_5_5_5_0.7113428206348664,5.0,0.7113428206348664,5,2,63.69684666920191,156.3675113019883,18
out_debug_ver2b_adh5_D_50_3_6_5_5_5_0.7113428206348664,5.0,0.7113428206348664,5,3,76.43214906206445,130.52554607474036,18
out_debug_ver2b_adh5_D_50_3_6_5_5_5_0.7113428206348664,5.0,0.7113428206348664,5,4,101.55639839483236,155.21731349081466,18
out_debug_ver2b_adh5_D_50_3_6_5_5_5_0.7113428206348664,5.0,0.7113428206348664,5,5,118.23588923545839,132.13498159818906,18
out_debug_ver2b_adh5_D_50_3_6_5_5_5_0.7113428206348664,5.0,0.7113428206348664,5,6,45.556778444949565,104.58117325293887,18
out_debug_ver2b_adh5_D_50_3_6_5_5_5_0.7113428206348664,5.0,0.7113428206348664,5,7,59.71832815878228,85.72853608697562,18
out_debug_ver2b_adh5_D_50_3_6_5_5_5_0.7113428206348664,5.0,0.7113428206348664,5,8,88.76874168835552,107.69079797139813,18
out_debug_ver2b_adh5_D_50_3_6_5_5_5_0.7113428206348664,5.0,0.7113428206348664,5,9,102.32140410099368,85.42489957795395,18
out_debug_ver2b_adh5_D_50_3_6_5_5_5_0.7113428206348664,5.0,0.7113428206348664,5,10,130.19616345590515,109.58093250299083,18
out_debug_ver2b_adh5_D_50_3_6_5_5_5_0.7113428206348664,5.0,0.7113428206348664,5,11,143.07505612684866,85.66909107452405,18
out_debug_ver2b_adh5_D_50_3_6_5_5_5_0.7113428206348664,5.0,0.7113428206348664,5,12,34.79541611800026,65.41613862977574,18
out_debug_ver2b_adh5_D_50_3_6_5_5_5_0.7113428206348664,5.0,0.7113428206348664,5,13,51.08276338876349,39.91781518066952,18
out_debug_ver2b_adh5_D_50_3_6_5_5_5_0.7113428206348664,5.0,0.7113428206348664,5,14,75.55796489045484,62.47120369184137,18
out_debug_ver2b_adh5_D_50_3_6_5_5_5_0.7113428206348664,5.0,0.7113428206348664,5,15,89.13391419906837,37.16629634185734,18
out_debug_ver2b_adh5_D_50_3_6_5_5_5_0.7113428206348664,5.0,0.7113428206348664,5,16,116.10651536773138,62.57667228785101,18
out_debug_ver2b_adh5_D_50_3_6_5_5_5_0.7113428206348664,5.0,0.7113428206348664,5,17,128.5853768873541,41.577674601881334,18
out_debug_ver2b_adh5_D_51_3_6_5_5_5_1.237707529298568,5.0,1.237707529298568,5,0,24.922678498643894,152.41097151935108,18
out_debug_ver2b_adh5_D_51_3_6_5_5_5_1.237707529298568,5.0,1.237707529298568,5,1,35.77689849496999,127.09175599426432,18
out_debug_ver2b_adh5_D_51_3_6_5_5_5_1.237707529298568,5.0,1.237707529298568,5,2,63.60105780924935,157.5280199721302,18
out_debug_ver2b_adh5_D_51_3_6_5_5_5_1.237707529298568,5.0,1.237707529298568,5,3,76.4948488143394,130.8957960789718,18
out_debug_ver2b_adh5_D_51_3_6_5_5_5_1.237707529298568,5.0,1.237707529298568,5,4,102.1533689322597,156.59685965075258,18
out_debug_ver2b_adh5_D_51_3_6_5_5_5_1.237707529298568,5.0,1.237707529298568,5,5,119.23743987243036,132.6463860108814,18
out_debug_ver2b_adh5_D_51_3_6_5_5_5_1.237707529298568,5.0,1.237707529298568,5,6,44.99459950029155,104.50689571166043,18
out_debug_ver2b_adh5_D_51_3_6_5_5_5_1.237707529298568,5.0,1.237707529298568,5,7,59.159682253929326,85.27470370353598,18
out_debug_ver2b_adh5_D_51_3_6_5_5_5_1.237707529298568,5.0,1.237707529298568,5,8,89.09508230740272,107.88459417810192,18
out_debug_ver2b_adh5_D_51_3_6_5_5_5_1.237707529298568,5.0,1.237707529298568,5,9,102.84276432637385,85.14787135423053,18
out_debug_ver2b_adh5_D_51_3_6_5_5_5_1.237707529298568,5.0,1.237707529298568,5,10,131.3707020011806,109.7643454503555,18
out_debug_ver2b_adh5_D_51_3_6_5_5_5_1.237707529298568,5.0,1.237707529298568,5,11,144.43128833379726,85.23210106369298,18
out_debug_ver2b_adh5_D_51_3_6_5_5_5_1.237707529298568,5.0,1.237707529298568,5,12,34.12713634676651,65.07969476950251,18
out_debug_ver2b_adh5_D_51_3_6_5_5_5_1.237707529298568,5.0,1.237707529298568,5,13,50.72910944312835,38.64498487072833,18
out_debug_ver2b_adh5_D_51_3_6_5_5_5_1.237707529298568,5.0,1.237707529298568,5,14,75.77907570344031,61.9499118932229,18
out_debug_ver2b_adh5_D_51_3_6_5_5_5_1.237707529298568,5.0,1.237707529298568,5,15,89.33210642430362,35.77800095609056,18
out_debug_ver2b_adh5_D_51_3_6_5_5_5_1.237707529298568,5.0,1.237707529298568,5,16,116.99140142516335,61.98089497145702,18
out_debug_ver2b_adh5_D_51_3_6_5_5_5_1.237707529298568,5.0,1.237707529298568,5,17,129.5616725701474,40.21390837990402,18
out_debug_ver2b_adh5_D_52_3_6_5_5_5_0.4073163035297721,5.0,0.4073163035297721,5,0,26.308793668099458,150.5073459354364,18
out_debug_ver2b_adh5_D_52_3_6_5_5_5_0.4073163035297721,5.0,0.4073163035297721,5,1,37.63173808439266,127.19428055817268,18
out_debug_ver2b_adh5_D_52_3_6_5_5_5_0.4073163035297721,5.0,0.4073163035297721,5,2,63.719344420136004,154.77520404271215,18
out_debug_ver2b_adh5_D_52_3_6_5_5_5_0.4073163035297721,5.0,0.4073163035297721,5,3,76.69448714471066,130.04280610377097,18
out_debug_ver2b_adh5_D_52_3_6_5_5_5_0.4073163035297721,5.0,0.4073163035297721,5,4,101.02818260907247,153.75138529772624,18
out_debug_ver2b_adh5_D_52_3_6_5_5_5_0.4073163035297721,5.0,0.4073163035297721,5,5,117.45222886310273,131.5803400599619,18
out_debug_ver2b_adh5_D_52_3_6_5_5_5_0.4073163035297721,5.0,0.4073163035297721,5,6,47.036377793059636,104.85374322360309,18
out_debug_ver2b_adh5_D_52_3_6_5_5_5_0.4073163035297721,5.0,0.4073163035297721,5,7,60.55893580563162,85.89020076021497,18
out_debug_ver2b_adh5_D_52_3_6_5_5_5_0.4073163035297721,5.0,0.4073163035297721,5,8,88.71924427393463,107.51821288553907,18
out_debug_ver2b_adh5_D_52_3_6_5_5_5_0.4073163035297721,5.0,0.4073163035297721,5,9,102.08191434013692,85.73573381893293,18
out_debug_ver2b_adh5_D_52_3_6_5_5_5_0.4073163035297721,5.0,0.4073163035297721,5,10,128.81477009710073,109.09526193179049,18
out_debug_ver2b_adh5_D_52_3_6_5_5_5_0.4073163035297721,5.0,0.4073163035297721,5,11,141.3914396414971,86.03353270695605,18
out_debug_ver2b_adh5_D_52_3_6_5_5_5_0.4073163035297721,5.0,0.4073163035297721,5,12,36.09109115375834,65.7277820223489,18
out_debug_ver2b_adh5_D_52_3_6_5_5_5_0.4073163035297721,5.0,0.4073163035297721,5,13,51.50812988078721,41.28905763327583,18
out_debug_ver2b_adh5_D_52_3_6_5_5_5_0.4073163035297721,5.0,0.4073163035297721,5,14,75.71184628100872,63.03302229850402,18
out_debug_ver2b_adh5_D_52_3_6_5_5_5_0.4073163035297721,5.0,0.4073163035297721,5,15,89.01644275200083,38.780202553892984,18
out_debug_ver2b_adh5_D_52_3_6_5_5_5_0.4073163035297721,5.0,0.4073163035297721,5,16,115.66955489423215,63.22310810716621,18
out_debug_ver2b_adh5_D_52_3_6_5_5_5_0.4073163035297721,5.0,0.4073163035297721,5,17,127.32770529767596,42.49189931172467,18
out_debug_ver2b_adh5_D_53_3_6_5_5_5_1.084285199945564,5.0,1.084285199945564,5,0,24.959610243638974,152.13409623189546,18
out_debug_ver2b_adh5_D_53_3_6_5_5_5_1.084285199945564,5.0,1.084285199945564,5,1,35.88610653961835,127.08822710195965,18
out_debug_ver2b_adh5_D_53_3_6_5_5_5_1.084285199945564,5.0,1.084285199945564,5,2,63.60580084854954,157.31353229735876,18
out_debug_ver2b_adh5_D_53_3_6_5_5_5_1.084285199945564,5.0,1.084285199945564,5,3,76.44038828539364,130.78026259734767,18
out_debug_ver2b_adh5_D_53_3_6_5_5_5_1.084285199945564,5.0,1.084285199945564,5,4,102.00817209962524,156.28231098949604,18
out_debug_ver2b_adh5_D_53_3_6_5_5_5_1.084285199945564,5.0,1.084285199945564,5,5,119.00968323730082,132.56098014395613,18
out_debug_ver2b_adh5_D_53_3_6_5_5_5_1.084285199945564,5.0,1.084285199945564,5,6,44.93613323065122,104.4865827243644,18
out_debug_ver2b_adh5_D_53_3_6_5_5_5_1.084285199945564,5.0,1.084285199945564,5,7,59.32362549175409,85.40098787642295,18
out_debug_ver2b_adh5_D_53_3_6_5_5_5_1.084285199945564,5.0,1.084285199945564,5,8,88.99884465790656,107.80641197686111,18
out_debug_ver2b_adh5_D_53_3_6_5_5_5_1.084285199945564,5.0,1.084285199945564,5,9,102.67992304842163,85.21603133935075,18
out_debug_ver2b_adh5_D_53_3_6_5_5_5_1.084285199945564,5.0,1.084285199945564,5,10,131.1537848620968,109.76990299083305,18
out_debug_ver2b_adh5_D_53_3_6_5_5_5_1.084285199945564,5.0,1.084285199945564,5,11,144.16140456854768,85.34324333151949,18
out_debug_ver2b_adh5_D_53_3_6_5_5_5_1.084285199945564,5.0,1.084285199945564,5,12,34.216847049226445,65.15394211609303,18
out_debug_ver2b_adh5_D_53_3_6_5_5_5_1.084285199945564,5.0,1.084285199945564,5,13,50.76537113591066,38.934731246121544,18
out_debug_ver2b_adh5_D_53_3_6_5_5_5_1.084285199945564,5.0,1.084285199945564,5,14,75.73036041604013,61.97394088331316,18
out_debug_ver2b_adh5_D_53_3_6_5_5_5_1.084285199945564,5.0,1.084285199945564,5,15,89.2851447242305,36.0092724101212,18
out_debug_ver2b_adh5_D_53_3_6_5_5_5_1.084285199945564,5.0,1.084285199945564,5,16,116.75140732386653,62.10228693722329,18
out_debug_ver2b_adh5_D_53_3_6_5_5_5_1.084285199945564,5.0,1.084285199945564,5,17,129.36538117608825,40.575998422374276,18
out_debug_ver2b_adh5_D_54_3_6_5_5_5_0.2827382593151664,5.0,0.2827382593151664,5,0,26.732264701121817,149.8698171709781,18
out_debug_ver2b_adh5_D_54_3_6_5_5_5_0.2827382593151664,5.0,0.2827382593151664,5,1,38.415187623769164,127.27144494770266,18
out_debug_ver2b_adh5_D_54_3_6_5_5_5_0.2827382593151664,5.0,0.2827382593151664,5,2,63.61569814761634,153.8348693425068,18
out_debug_ver2b_adh5_D_54_3_6_5_5_5_0.2827382593151664,5.0,0.2827382593151664,5,3,76.78556709390548,129.85820572046023,18
out_debug_ver2b_adh5_D_54_3_6_5_5_5_0.2827382593151664,5.0,0.2827382593151664,5,4,100.68707079889514,153.020582037955,18
out_debug_ver2b_adh5_D_54_3_6_5_5_5_0.2827382593151664,5.0,0.2827382593151664,5,5,116.99571062443215,131.20122140051004,18
out_debug_ver2b_adh5_D_54_3_6_5_5_5_0.2827382593151664,5.0,0.2827382593151664,5,6,47.79499017295125,104.99987100187673,18
out_debug_ver2b_adh5_D_54_3_6_5_5_5_0.2827382593151664,5.0,0.2827382593151664,5,7,61.06681627716839,86.03430355335644,18
out_debug_ver2b_adh5_D_54_3_6_5_5_5_0.2827382593151664,5.0,0.2827382593151664,5,8,88.64629743486284,107.4991757790964,18
out_debug_ver2b_adh5_D_54_3_6_5_5_5_0.2827382593151664,5.0,0.2827382593151664,5,9,101.8786997606996,85.92737638444744,18
out_debug_ver2b_adh5_D_54_3_6_5_5_5_0.2827382593151664,5.0,0.2827382593151664,5,10,127.8920448127244,108.83805983994218,18
out_debug_ver2b_adh5_D_54_3_6_5_5_5_0.2827382593151664,5.0,0.2827382593151664,5,11,140.34278469326253,86.17057961815489,18
out_debug_ver2b_adh5_D_54_3_6_5_5_5_0.2827382593151664,5.0,0.2827382593151664,5,12,36.813621382602804,66.0063021559609,18
out_debug_ver2b_adh5_D_54_3_6_5_5_5_0.2827382593151664,5.0,0.2827382593151664,5,13,51.83626716762293,42.102185150372826,18
out_debug_ver2b_adh5_D_54_3_6_5_5_5_0.2827382593151664,5.0,0.2827382593151664,5,14,75.64580684133094,63.451153189811826,18
out_debug_ver2b_adh5_D_54_3_6_5_5_5_0.2827382593151664,5.0,0.2827382593151664,5,15,88.96106226919665,39.81671029951482,18
out_debug_ver2b_adh5_D_54_3_6_5_5_5_0.2827382593151664,5.0,0.2827382593151664,5,16,115.21490212149779,63.67740265661092,18
out_debug_ver2b_adh5_D_54_3_6_5_5_5_0.2827382593151664,5.0,0.2827382593151664,5,17,126.59761792339252,43.12992017472911,18
out_debug_ver2b_adh5_D_55_3_6_5_5_5_0.42427420891454914,5.0,0.42427420891454914,5,0,26.25434473263221,150.56979673158844,18
out_debug_ver2b_adh5_D_55_3_6_5_5_5_0.42427420891454914,5.0,0.42427420891454914,5,1,37.554422349922355,127.1798122782074,18
out_debug_ver2b_adh5_D_55_3_6_5_5_5_0.42427420891454914,5.0,0.42427420891454914,5,2,63.72178176193199,154.8767356392955,18
out_debug_ver2b_adh5_D_55_3_6_5_5_5_0.42427420891454914,5.0,0.42427420891454914,5,3,76.67239726091778,130.06057092003465,18
out_debug_ver2b_adh5_D_55_3_6_5_5_5_0.42427420891454914,5.0,0.42427420891454914,5,4,101.06299097198605,153.8541704159694,18
out_debug_ver2b_adh5_D_55_3_6_5_5_5_0.42427420891454914,5.0,0.42427420891454914,5,5,117.47404685256492,131.6143057089408,18
out_debug_ver2b_adh5_D_55_3_6_5_5_5_0.42427420891454914,5.0,0.42427420891454914,5,6,46.86995267855096,104.80641889473473,18
out_debug_ver2b_adh5_D_55_3_6_5_5_5_0.42427420891454914,5.0,0.42427420891454914,5,7,60.518920296218745,85.89144708220533,18
out_debug_ver2b_adh5_D_55_3_6_5_5_5_0.42427420891454914,5.0,0.42427420891454914,5,8,88.72042847610226,107.53034503619328,18
out_debug_ver2b_adh5_D_55_3_6_5_5_5_0.42427420891454914,5.0,0.42427420891454914,5,9,102.0890908421709,85.71904590671777,18
out_debug_ver2b_adh5_D_55_3_6_5_5_5_0.42427420891454914,5.0,0.42427420891454914,5,10,128.93033336330006,109.14540598372703,18
out_debug_ver2b_adh5_D_55_3_6_5_5_5_0.42427420891454914,5.0,0.42427420891454914,5,11,141.508892266344,86.01500610188778,18
out_debug_ver2b_adh5_D_55_3_6_5_5_5_0.42427420891454914,5.0,0.42427420891454914,5,12,36.001831072538735,65.71350444670935,18
out_debug_ver2b_adh5_D_55_3_6_5_5_5_0.42427420891454914,5.0,0.42427420891454914,5,13,51.47459783255561,41.203011217692,18
out_debug_ver2b_adh5_D_55_3_6_5_5_5_0.42427420891454914,5.0,0.42427420891454914,5,14,75.70258460829932,62.99598619116273,18
out_debug_ver2b_adh5_D_55_3_6_5_5_5_0.42427420891454914,5.0,0.42427420891454914,5,15,89.02248336238064,38.66930691040739,18
out_debug_ver2b_adh5_D_55_3_6_5_5_5_0.42427420891454914,5.0,0.42427420891454914,5,16,115.69952543688844,63.18998080668924,18
out_debug_ver2b_adh5_D_55_3_6_5_5_5_0.42427420891454914,5.0,0.42427420891454914,5,17,127.40540596595126,42.430041636569875,18
out_debug_ver2b_adh5_D_56_3_6_5_5_5_0.23647398730996474,5.0,0.23647398730996474,5,0,26.93610327058525,149.58547113431072,18
out_debug_ver2b_adh5_D_56_3_6_5_5_5_0.23647398730996474,5.0,0.23647398730996474,5,1,38.70619828821402,127.31214807264861,18
out_debug_ver2b_adh5_D_56_3_6_5_5_5_0.23647398730996474,5.0,0.23647398730996474,5,2,63.55659654448527,153.34405493686796,18
out_debug_ver2b_adh5_D_56_3_6_5_5_5_0.23647398730996474,5.0,0.23647398730996474,5,3,76.839919656226,129.75526757553266,18
out_debug_ver2b_adh5_D_56_3_6_5_5_5_0.23647398730996474,5.0,0.23647398730996474,5,4,100.51665531597963,152.7062699153524,18
out_debug_ver2b_adh5_D_56_3_6_5_5_5_0.23647398730996474,5.0,0.23647398730996474,5,5,116.69311278817575,130.971156247926,18
out_debug_ver2b_adh5_D_56_3_6_5_5_5_0.23647398730996474,5.0,0.23647398730996474,5,6,48.269108126660534,105.11086491000889,18
out_debug_ver2b_adh5_D_56_3_6_5_5_5_0.23647398730996474,5.0,0.23647398730996474,5,7,61.27208932096389,86.04915251668388,18
out_debug_ver2b_adh5_D_56_3_6_5_5_5_0.23647398730996474,5.0,0.23647398730996474,5,8,88.60277442494323,107.43360235702467,18
out_debug_ver2b_adh5_D_56_3_6_5_5_5_0.23647398730996474,5.0,0.23647398730996474,5,9,101.82305218452018,85.98279189633492,18
out_debug_ver2b_adh5_D_56_3_6_5_5_5_0.23647398730996474,5.0,0.23647398730996474,5,10,127.53835762472137,108.68514234872343,18
out_debug_ver2b_adh5_D_56_3_6_5_5_5_0.23647398730996474,5.0,0.23647398730996474,5,11,139.9052085717955,86.19697146799683,18
out_debug_ver2b_adh5_D_56_3_6_5_5_5_0.23647398730996474,5.0,0.23647398730996474,5,12,37.205338659906516,66.01030600427707,18
out_debug_ver2b_adh5_D_56_3_6_5_5_5_0.23647398730996474,5.0,0.23647398730996474,5,13,51.971771822066025,42.43146678780565,18
out_debug_ver2b_adh5_D_56_3_6_5_5_5_0.23647398730996474,5.0,0.23647398730996474,5,14,75.73609722399202,63.60827413372792,18
out_debug_ver2b_adh5_D_56_3_6_5_5_5_0.23647398730996474,5.0,0.23647398730996474,5,15,88.94363646745995,40.229510769148874,18
out_debug_ver2b_adh5_D_56_3_6_5_5_5_0.23647398730996474,5.0,0.23647398730996474,5,16,115.05113734743873,63.78717141342747,18
out_debug_ver2b_adh5_D_56_3_6_5_5_5_0.23647398730996474,5.0,0.23647398730996474,5,17,126.3418081697093,43.36246123217578,18
out_debug_ver2b_adh5_D_57_3_6_5_5_5_0.6553500535877138,5.0,0.6553500535877138,5,0,25.516447637090078,151.3045440871585,18
out_debug_ver2b_adh5_D_57_3_6_5_5_5_0.6553500535877138,5.0,0.6553500535877138,5,1,36.63841009270289,127.13533003456628,18
out_debug_ver2b_adh5_D_57_3_6_5_5_5_0.6553500535877138,5.0,0.6553500535877138,5,2,63.72046417939176,156.1462799387442,18
out_debug_ver2b_adh5_D_57_3_6_5_5_5_0.6553500535877138,5.0,0.6553500535877138,5,3,76.46585963661484,130.44802124985407,18
out_debug_ver2b_adh5_D_57_3_6_5_5_5_0.6553500535877138,5.0,0.6553500535877138,5,4,101.47157879610008,154.98669282953702,18
out_debug_ver2b_adh5_D_57_3_6_5_5_5_0.6553500535877138,5.0,0.6553500535877138,5,5,118.080583912936,132.02296047065056,18
out_debug_ver2b_adh5_D_57_3_6_5_5_5_0.6553500535877138,5.0,0.6553500535877138,5,6,45.707409772890976,104.60875871980282,18
out_debug_ver2b_adh5_D_57_3_6_5_5_5_0.6553500535877138,5.0,0.6553500535877138,5,7,59.78972257478532,85.77427754328941,18
out_debug_ver2b_adh5_D_57_3_6_5_5_5_0.6553500535877138,5.0,0.6553500535877138,5,8,88.73433834150042,107.63206289610669,18
out_debug_ver2b_adh5_D_57_3_6_5_5_5_0.6553500535877138,5.0,0.6553500535877138,5,9,102.25774777145203,85.45835272300117,18
out_debug_ver2b_adh5_D_57_3_6_5_5_5_0.6553500535877138,5.0,0.6553500535877138,5,10,129.99317476597983,109.50865376751783,18
out_debug_ver2b_adh5_D_57_3_6_5_5_5_0.6553500535877138,5.0,0.6553500535877138,5,11,142.83581176900896,85.7434130063616,18
out_debug_ver2b_adh5_D_57_3_6_5_5_5_0.6553500535877138,5.0,0.6553500535877138,5,12,34.9355488115018,65.48668294543512,18
out_debug_ver2b_adh5_D_57_3_6_5_5_5_0.6553500535877138,5.0,0.6553500535877138,5,13,51.085342768848555,40.16481393434456,18
out_debug_ver2b_adh5_D_57_3_6_5_5_5_0.6553500535877138,5.0,0.6553500535877138,5,14,75.54979128619303,62.54075353580786,18
out_debug_ver2b_adh5_D_57_3_6_5_5_5_0.6553500535877138,5.0,0.6553500535877138,5,15,89.09421360434902,37.3895364711771,18
out_debug_ver2b_adh5_D_57_3_6_5_5_5_0.6553500535877138,5.0,0.6553500535877138,5,16,116.02814805823937,62.689917826116364,18
out_debug_ver2b_adh5_D_57_3_6_5_5_5_0.6553500535877138,5.0,0.6553500535877138,5,17,128.33383528146587,41.693911695754345,18
out_debug_ver2b_adh5_D_58_3_6_5_5_5_1.06303015889928,5.0,1.06303015889928,5,0,24.97881064407129,152.1049333704971,18
out_debug_ver2b_adh5_D_58_3_6_5_5_5_1.06303015889928,5.0,1.06303015889928,5,1,35.91336845767327,127.08928156384128,18
out_debug_ver2b_adh5_D_58_3_6_5_5_5_1.06303015889928,5.0,1.06303015889928,5,2,63.611880231571284,157.27667674217258,18
out_debug_ver2b_adh5_D_58_3_6_5_5_5_1.06303015889928,5.0,1.06303015889928,5,3,76.43477679857432,130.76564089150762,18
out_debug_ver2b_adh5_D_58_3_6_5_5_5_1.06303015889928,5.0,1.06303015889928,5,4,101.98843981967782,156.23375344212727,18
out_debug_ver2b_adh5_D_58_3_6_5_5_5_1.06303015889928,5.0,1.06303015889928,5,5,118.97030530292886,132.53916059437387,18
out_debug_ver2b_adh5_D_58_3_6_5_5_5_1.06303015889928,5.0,1.06303015889928,5,6,44.9490835585347,104.48182649428777,18
out_debug_ver2b_adh5_D_58_3_6_5_5_5_1.06303015889928,5.0,1.06303015889928,5,7,59.34363527361413,85.41358853761379,18
out_debug_ver2b_adh5_D_58_3_6_5_5_5_1.06303015889928,5.0,1.06303015889928,5,8,88.98347548693938,107.79415488112475,18
out_debug_ver2b_adh5_D_58_3_6_5_5_5_1.06303015889928,5.0,1.06303015889928,5,9,102.65908495170181,85.21962280874517,18
out_debug_ver2b_adh5_D_58_3_6_5_5_5_1.06303015889928,5.0,1.06303015889928,5,10,131.1075665401849,109.75994735520099,18
out_debug_ver2b_adh5_D_58_3_6_5_5_5_1.06303015889928,5.0,1.06303015889928,5,11,144.11311895639065,85.35958158232587,18
out_debug_ver2b_adh5_D_58_3_6_5_5_5_1.06303015889928,5.0,1.06303015889928,5,12,34.24129905055701,65.1588726280298,18
out_debug_ver2b_adh5_D_58_3_6_5_5_5_1.06303015889928,5.0,1.06303015889928,5,13,50.778013992568845,38.975124588126214,18
out_debug_ver2b_adh5_D_58_3_6_5_5_5_1.06303015889928,5.0,1.06303015889928,5,14,75.72352384616396,61.98556901930338,18
out_debug_ver2b_adh5_D_58_3_6_5_5_5_1.06303015889928,5.0,1.06303015889928,5,15,89.2788147594769,36.04732512095844,18
out_debug_ver2b_adh5_D_58_3_6_5_5_5_1.06303015889928,5.0,1.06303015889928,5,16,116.71938574908711,62.11742009725324,18
out_debug_ver2b_adh5_D_58_3_6_5_5_5_1.06303015889928,5.0,1.06303015889928,5,17,129.33571586822782,40.626824213252966,18
out_debug_ver2b_adh5_D_59_3_6_5_5_5_0.556142820485277,5.0,0.556142820485277,5,0,25.779396917048008,151.01782506163246,18
out_debug_ver2b_adh5_D_59_3_6_5_5_5_0.556142820485277,5.0,0.556142820485277,5,1,36.990908724921205,127.14524945886426,18
out_debug_ver2b_adh5_D_59_3_6_5_5_5_0.556142820485277,5.0,0.556142820485277,5,2,63.71110741014473,155.66122568056997,18
out_debug_ver2b_adh5_D_59_3_6_5_5_5_0.556142820485277,5.0,0.556142820485277,5,3,76.64190039801194,130.29808147001884,18
out_debug_ver2b_adh5_D_59_3_6_5_5_5_0.556142820485277,5.0,0.556142820485277,5,4,101.31347012664918,154.54008471317948,18
out_debug_ver2b_adh5_D_59_3_6_5_5_5_0.556142820485277,5.0,0.556142820485277,5,5,117.81364322117447,131.87191182506024,18
out_debug_ver2b_adh5_D_59_3_6_5_5_5_0.556142820485277,5.0,0.556142820485277,5,6,46.174509834244,104.7332813130498,18
out_debug_ver2b_adh5_D_59_3_6_5_5_5_0.556142820485277,5.0,0.556142820485277,5,7,60.23311261797134,85.85671133438007,18
out_debug_ver2b_adh5_D_59_3_6_5_5_5_0.556142820485277,5.0,0.556142820485277,5,8,88.70666528961665,107.53223973648925,18
out_debug_ver2b_adh5_D_59_3_6_5_5_5_0.556142820485277,5.0,0.556142820485277,5,9,102.24095490018429,85.54251861729436,18
out_debug_ver2b_adh5_D_59_3_6_5_5_5_0.556142820485277,5.0,0.556142820485277,5,10,129.63556388488269,109.4250830810488,18
out_debug_ver2b_adh5_D_59_3_6_5_5_5_0.556142820485277,5.0,0.556142820485277,5,11,142.34998031001615,85.85183897414937,18
out_debug_ver2b_adh5_D_59_3_6_5_5_5_0.556142820485277,5.0,0.556142820485277,5,12,35.32399762679115,65.63575803799925,18
out_debug_ver2b_adh5_D_59_3_6_5_5_5_0.556142820485277,5.0,0.556142820485277,5,13,51.22861864260693,40.56146873493623,18
out_debug_ver2b_adh5_D_59_3_6_5_5_5_0.556142820485277,5.0,0.556142820485277,5,14,75.55629182070057,62.706013460389755,18
out_debug_ver2b_adh5_D_59_3_6_5_5_5_0.556142820485277,5.0,0.556142820485277,5,15,89.06730435734924,37.87279385568477,18
out_debug_ver2b_adh5_D_59_3_6_5_5_5_0.556142820485277,5.0,0.556142820485277,5,16,115.84773253635167,62.88882495073569,18
out_debug_ver2b_adh5_D_59_3_6_5_5_5_0.556142820485277,5.0,0.556142820485277,5,17,127.9710601212526,42.00586975381646,18
out_debug_ver2b_adh5_D_5_3_6_5_5_5_0.8025400775017721,5.0,0.8025400775017721,5,0,25.268141472262737,151.6544752824311,18
out_debug_ver2b_adh5_D_5_3_6_5_5_5_0.8025400775017721,5.0,0.8025400775017721,5,1,36.27327496570383,127.07752299523808,18
out_debug_ver2b_adh5_D_5_3_6_5_5_5_0.8025400775017721,5.0,0.8025400775017721,5,2,63.66635271778885,156.6412768082363,18
out_debug_ver2b_adh5_D_5_3_6_5_5_5_0.8025400775017721,5.0,0.8025400775017721,5,3,76.42863525531386,130.5969274658787,18
out_debug_ver2b_adh5_D_5_3_6_5_5_5_0.8025400775017721,5.0,0.8025400775017721,5,4,101.69457806488151,155.52568656234791,18
out_debug_ver2b_adh5_D_5_3_6_5_5_5_0.8025400775017721,5.0,0.8025400775017721,5,5,118.40527064306478,132.2213607920304,18
out_debug_ver2b_adh5_D_5_3_6_5_5_5_0.8025400775017721,5.0,0.8025400775017721,5,6,45.358553190031024,104.50303261081824,18
out_debug_ver2b_adh5_D_5_3_6_5_5_5_0.8025400775017721,5.0,0.8025400775017721,5,7,59.55080064487299,85.5682325289467,18
out_debug_ver2b_adh5_D_5_3_6_5_5_5_0.8025400775017721,5.0,0.8025400775017721,5,8,88.81331780792073,107.66123192474977,18
out_debug_ver2b_adh5_D_5_3_6_5_5_5_0.8025400775017721,5.0,0.8025400775017721,5,9,102.45168806450454,85.31802725000604,18
out_debug_ver2b_adh5_D_5_3_6_5_5_5_0.8025400775017721,5.0,0.8025400775017721,5,10,130.4694181338667,109.59969199142343,18
out_debug_ver2b_adh5_D_5_3_6_5_5_5_0.8025400775017721,5.0,0.8025400775017721,5,11,143.4394135908475,85.58774006086072,18
out_debug_ver2b_adh5_D_5_3_6_5_5_5_0.8025400775017721,5.0,0.8025400775017721,5,12,34.74998937582105,65.28874117247308,18
out_debug_ver2b_adh5_D_5_3_6_5_5_5_0.8025400775017721,5.0,0.8025400775017721,5,13,50.97868921861126,39.58262813477715,18
out_debug_ver2b_adh5_D_5_3_6_5_5_5_0.8025400775017721,5.0,0.8025400775017721,5,14,75.73147293500448,62.240978562874396,18
out_debug_ver2b_adh5_D_5_3_6_5_5_5_0.8025400775017721,5.0,0.8025400775017721,5,15,89.19316799948388,36.724640183814124,18
out_debug_ver2b_adh5_D_5_3_6_5_5_5_0.8025400775017721,5.0,0.8025400775017721,5,16,116.38281502181155,62.37577598432468,18
out_debug_ver2b_adh5_D_5_3_6_5_5_5_0.8025400775017721,5.0,0.8025400775017721,5,17,128.85064652756384,41.24412674084321,18
out_debug_ver2b_adh5_D_6_3_6_5_5_5_0.3694624337518133,5.0,0.3694624337518133,5,0,26.449413960100767,150.34353877958765,18
out_debug_ver2b_adh5_D_6_3_6_5_5_5_0.3694624337518133,5.0,0.3694624337518133,5,1,37.84914167961188,127.21012131877085,18
out_debug_ver2b_adh5_D_6_3_6_5_5_5_0.3694624337518133,5.0,0.3694624337518133,5,2,63.71073646281891,154.4931592437649,18
out_debug_ver2b_adh5_D_6_3_6_5_5_5_0.3694624337518133,5.0,0.3694624337518133,5,3,76.71523754120811,129.97043026373743,18
out_debug_ver2b_adh5_D_6_3_6_5_5_5_0.3694624337518133,5.0,0.3694624337518133,5,4,100.93082341554653,153.48855797096593,18
out_debug_ver2b_adh5_D_6_3_6_5_5_5_0.3694624337518133,5.0,0.3694624337518133,5,5,117.38119553347883,131.48262960355638,18
out_debug_ver2b_adh5_D_6_3_6_5_5_5_0.3694624337518133,5.0,0.3694624337518133,5,6,47.26344465859825,104.8950037997343,18
out_debug_ver2b_adh5_D_6_3_6_5_5_5_0.3694624337518133,5.0,0.3694624337518133,5,7,60.739870047596895,85.91001309834284,18
out_debug_ver2b_adh5_D_6_3_6_5_5_5_0.3694624337518133,5.0,0.3694624337518133,5,8,88.70437849148043,107.49846590692282,18
out_debug_ver2b_adh5_D_6_3_6_5_5_5_0.3694624337518133,5.0,0.3694624337518133,5,9,102.05445427247783,85.7797634071325,18
out_debug_ver2b_adh5_D_6_3_6_5_5_5_0.3694624337518133,5.0,0.3694624337518133,5,10,128.54958775511327,108.98566583977424,18
out_debug_ver2b_adh5_D_6_3_6_5_5_5_0.3694624337518133,5.0,0.3694624337518133,5,11,141.11148224200656,86.06265854412176,18
out_debug_ver2b_adh5_D_6_3_6_5_5_5_0.3694624337518133,5.0,0.3694624337518133,5,12,36.351683265485384,65.80579790542573,18
out_debug_ver2b_adh5_D_6_3_6_5_5_5_0.3694624337518133,5.0,0.3694624337518133,5,13,51.59223412710719,41.50058862829726,18
out_debug_ver2b_adh5_D_6_3_6_5_5_5_0.3694624337518133,5.0,0.3694624337518133,5,14,75.74089378985137,63.11804166708794,18
out_debug_ver2b_adh5_D_6_3_6_5_5_5_0.3694624337518133,5.0,0.3694624337518133,5,15,89.00127445861433,39.0508426694492,18
out_debug_ver2b_adh5_D_6_3_6_5_5_5_0.3694624337518133,5.0,0.3694624337518133,5,16,115.58197358742183,63.31146294007885,18
out_debug_ver2b_adh5_D_6_3_6_5_5_5_0.3694624337518133,5.0,0.3694624337518133,5,17,127.14127393247524,42.64504351814542,18
out_debug_ver2b_adh5_D_7_3_6_5_5_5_1.456227186396982,5.0,1.456227186396982,5,0,24.880604199373664,152.5532009200197,18
out_debug_ver2b_adh5_D_7_3_6_5_5_5_1.456227186396982,5.0,1.456227186396982,5,1,35.56059027750935,126.97002563584635,18
out_debug_ver2b_adh5_D_7_3_6_5_5_5_1.456227186396982,5.0,1.456227186396982,5,2,63.577158476140426,157.71549129165444,18
out_debug_ver2b_adh5_D_7_3_6_5_5_5_1.456227186396982,5.0,1.456227186396982,5,3,76.69814183342893,131.09577963298358,18
out_debug_ver2b_adh5_D_7_3_6_5_5_5_1.456227186396982,5.0,1.456227186396982,5,4,102.33770173704102,156.98393464382505,18
out_debug_ver2b_adh5_D_7_3_6_5_5_5_1.456227186396982,5.0,1.456227186396982,5,5,119.58384583641858,132.7959614438536,18
out_debug_ver2b_adh5_D_7_3_6_5_5_5_1.456227186396982,5.0,1.456227186396982,5,6,45.663555985014135,104.64434752510823,18
out_debug_ver2b_adh5_D_7_3_6_5_5_5_1.456227186396982,5.0,1.456227186396982,5,7,58.57182267154729,85.19424258035066,18
out_debug_ver2b_adh5_D_7_3_6_5_5_5_1.456227186396982,5.0,1.456227186396982,5,8,89.39907008037177,107.9374629349082,18
out_debug_ver2b_adh5_D_7_3_6_5_5_5_1.456227186396982,5.0,1.456227186396982,5,9,103.06389890585984,85.07314910053958,18
out_debug_ver2b_adh5_D_7_3_6_5_5_5_1.456227186396982,5.0,1.456227186396982,5,10,131.7780299663713,109.78084725030538,18
out_debug_ver2b_adh5_D_7_3_6_5_5_5_1.456227186396982,5.0,1.456227186396982,5,11,144.24168798155296,85.08198701371815,18
out_debug_ver2b_adh5_D_7_3_6_5_5_5_1.456227186396982,5.0,1.456227186396982,5,12,34.934032475142054,65.04575781298794,18
out_debug_ver2b_adh5_D_7_3_6_5_5_5_1.456227186396982,5.0,1.456227186396982,5,13,50.53344871171549,38.02668357486089,18
out_debug_ver2b_adh5_D_7_3_6_5_5_5_1.456227186396982,5.0,1.456227186396982,5,14,75.74353609671307,61.71065620424986,18
out_debug_ver2b_adh5_D_7_3_6_5_5_5_1.456227186396982,5.0,1.456227186396982,5,15,89.38502717280407,35.37604865772017,18
out_debug_ver2b_adh5_D_7_3_6_5_5_5_1.456227186396982,5.0,1.456227186396982,5,16,118.48384309291413,61.86155586561287,18
out_debug_ver2b_adh5_D_7_3_6_5_5_5_1.456227186396982,5.0,1.456227186396982,5,17,128.68414047991226,38.978359774051505,18
out_debug_ver2b_adh5_D_8_3_6_5_5_5_0.7672117779686058,5.0,0.7672117779686058,5,0,25.320842488399432,151.58027694453057,18
out_debug_ver2b_adh5_D_8_3_6_5_5_5_0.7672117779686058,5.0,0.7672117779686058,5,1,36.340704182540115,127.0807311219683,18
out_debug_ver2b_adh5_D_8_3_6_5_5_5_0.7672117779686058,5.0,0.7672117779686058,5,2,63.670208273369234,156.53938976760926,18
out_debug_ver2b_adh5_D_8_3_6_5_5_5_0.7672117779686058,5.0,0.7672117779686058,5,3,76.4129189438683,130.58370075135733,18
out_debug_ver2b_adh5_D_8_3_6_5_5_5_0.7672117779686058,5.0,0.7672117779686058,5,4,101.64973891141996,155.42934262957735,18
out_debug_ver2b_adh5_D_8_3_6_5_5_5_0.7672117779686058,5.0,0.7672117779686058,5,5,118.33542381174465,132.2145155826823,18
out_debug_ver2b_adh5_D_8_3_6_5_5_5_0.7672117779686058,5.0,0.7672117779686058,5,6,45.446224764727994,104.50684319016119,18
out_debug_ver2b_adh5_D_8_3_6_5_5_5_0.7672117779686058,5.0,0.7672117779686058,5,7,59.56907732502998,85.60596856170436,18
out_debug_ver2b_adh5_D_8_3_6_5_5_5_0.7672117779686058,5.0,0.7672117779686058,5,8,88.80943319972413,107.68709876629072,18
out_debug_ver2b_adh5_D_8_3_6_5_5_5_0.7672117779686058,5.0,0.7672117779686058,5,9,102.36955164973118,85.39568926530524,18
out_debug_ver2b_adh5_D_8_3_6_5_5_5_0.7672117779686058,5.0,0.7672117779686058,5,10,130.38146500030146,109.64693746224295,18
out_debug_ver2b_adh5_D_8_3_6_5_5_5_0.7672117779686058,5.0,0.7672117779686058,5,11,143.29453204503145,85.61179156285391,18
out_debug_ver2b_adh5_D_8_3_6_5_5_5_0.7672117779686058,5.0,0.7672117779686058,5,12,34.81883033151211,65.3027749393513,18
out_debug_ver2b_adh5_D_8_3_6_5_5_5_0.7672117779686058,5.0,0.7672117779686058,5,13,51.011444344969824,39.67381707268202,18
out_debug_ver2b_adh5_D_8_3_6_5_5_5_0.7672117779686058,5.0,0.7672117779686058,5,14,75.67394470116545,62.269084925388626,18
out_debug_ver2b_adh5_D_8_3_6_5_5_5_0.7672117779686058,5.0,0.7672117779686058,5,15,89.20681458730036,36.8485094001255,18
out_debug_ver2b_adh5_D_8_3_6_5_5_5_0.7672117779686058,5.0,0.7672117779686058,5,16,116.2098947945588,62.50661198746462,18
out_debug_ver2b_adh5_D_8_3_6_5_5_5_0.7672117779686058,5.0,0.7672117779686058,5,17,128.76189311727043,41.425884109110505,18
out_debug_ver2b_adh5_D_9_3_6_5_5_5_0.5071167595960393,5.0,0.5071167595960393,5,0,25.928902141331434,150.86352800524014,18
out_debug_ver2b_adh5_D_9_3_6_5_5_5_0.5071167595960393,5.0,0.5071167595960393,5,1,37.17113916340639,127.15031184481684,18
out_debug_ver2b_adh5_D_9_3_6_5_5_5_0.5071167595960393,5.0,0.5071167595960393,5,2,63.699648532238804,155.37218124419482,18
out_debug_ver2b_adh5_D_9_3_6_5_5_5_0.5071167595960393,5.0,0.5071167595960393,5,3,76.65701495615889,130.19598460190028,18
out_debug_ver2b_adh5_D_9_3_6_5_5_5_0.5071167595960393,5.0,0.5071167595960393,5,4,101.22004720534291,154.31875126425805,18
out_debug_ver2b_adh5_D_9_3_6_5_5_5_0.5071167595960393,5.0,0.5071167595960393,5,5,117.64576391446798,131.78153745033947,18
out_debug_ver2b_adh5_D_9_3_6_5_5_5_0.5071167595960393,5.0,0.5071167595960393,5,6,46.40978062587016,104.76299320067227,18
out_debug_ver2b_adh5_D_9_3_6_5_5_5_0.5071167595960393,5.0,0.5071167595960393,5,7,60.29630246864804,85.85779390395767,18
out_debug_ver2b_adh5_D_9_3_6_5_5_5_0.5071167595960393,5.0,0.5071167595960393,5,8,88.70010296213724,107.5272599712211,18
out_debug_ver2b_adh5_D_9_3_6_5_5_5_0.5071167595960393,5.0,0.5071167595960393,5,9,102.15118866268263,85.61109791598282,18
out_debug_ver2b_adh5_D_9_3_6_5_5_5_0.5071167595960393,5.0,0.5071167595960393,5,10,129.38987780002734,109.32842827139892,18
out_debug_ver2b_adh5_D_9_3_6_5_5_5_0.5071167595960393,5.0,0.5071167595960393,5,11,142.03826683230596,85.9145907036339,18
out_debug_ver2b_adh5_D_9_3_6_5_5_5_0.5071167595960393,5.0,0.5071167595960393,5,12,35.5522372236207,65.66136131542424,18
out_debug_ver2b_adh5_D_9_3_6_5_5_5_0.5071167595960393,5.0,0.5071167595960393,5,13,51.31144093576027,40.77785072379944,18
out_debug_ver2b_adh5_D_9_3_6_5_5_5_0.5071167595960393,5.0,0.5071167595960393,5,14,75.58504794521069,62.802623150911074,18
out_debug_ver2b_adh5_D_9_3_6_5_5_5_0.5071167595960393,5.0,0.5071167595960393,5,15,89.04934071755736,38.14464891340625,18
out_debug_ver2b_adh5_D_9_3_6_5_5_5_0.5071167595960393,5.0,0.5071167595960393,5,16,115.76132446440185,62.99410641153947,18
out_debug_ver2b_adh5_D_9_3_6_5_5_5_0.5071167595960393,5.0,0.5071167595960393,5,17,127.76944878083852,42.15894572095191,18
