run,rep,dif,adh,bundle,x,y,n_bundles
out_debug_unity_adh5_D_0_3_6_5_5_5_0.8411106215679058,5.0,0.8411106215679058,5,0,23.13835842577265,138.54686548956929,18
out_debug_unity_adh5_D_0_3_6_5_5_5_0.8411106215679058,5.0,0.8411106215679058,5,1,36.084474510320035,113.56561007450976,18
out_debug_unity_adh5_D_0_3_6_5_5_5_0.8411106215679058,5.0,0.8411106215679058,5,2,64.53711790504005,137.5421118002765,18
out_debug_unity_adh5_D_0_3_6_5_5_5_0.8411106215679058,5.0,0.8411106215679058,5,3,76.12206997660734,112.53345064238897,18
out_debug_unity_adh5_D_0_3_6_5_5_5_0.8411106215679058,5.0,0.8411106215679058,5,4,102.97298831044405,136.94477741368317,18
out_debug_unity_adh5_D_0_3_6_5_5_5_0.8411106215679058,5.0,0.8411106215679058,5,5,115.21646973154384,112.94323131559197,18
out_debug_unity_adh5_D_0_3_6_5_5_5_0.8411106215679058,5.0,0.8411106215679058,5,6,47.51251585250217,91.02940911680322,18
out_debug_unity_adh5_D_0_3_6_5_5_5_0.8411106215679058,5.0,0.8411106215679058,5,7,58.26994626064609,69.29633034464602,18
out_debug_unity_adh5_D_0_3_6_5_5_5_0.8411106215679058,5.0,0.8411106215679058,5,8,88.11679135580381,89.97812317157108,18
out_debug_unity_adh5_D_0_3_6_5_5_5_0.8411106215679058,5.0,0.8411106215679058,5,9,100.74352928166888,67.50238975823271,18
out_debug_unity_adh5_D_0_3_6_5_5_5_0.8411106215679058,5.0,0.8411106215679058,5,10,127.89824211561881,90.29640984293167,18
out_debug_unity_adh5_D_0_3_6_5_5_5_0.8411106215679058,5.0,0.8411106215679058,5,11,141.12865641135815,65.45609879194917,18
out_debug_unity_adh5_D_0_3_6_5_5_5_0.8411106215679058,5.0,0.8411106215679058,5,12,30.429062046745187,52.230022110077364,18
out_debug_unity_adh5_D_0_3_6_5_5_5_0.8411106215679058,5.0,0.8411106215679058,5,13,41.40708274566574,26.9962039043961,18
out_debug_unity_adh5_D_0_3_6_5_5_5_0.8411106215679058,5.0,0.8411106215679058,5,14,72.31884367162608,47.83670063484782,18
out_debug_unity_adh5_D_0_3_6_5_5_5_0.8411106215679058,5.0,0.8411106215679058,5,15,83.35097586497274,23.41067028656335,18
out_debug_unity_adh5_D_0_3_6_5_5_5_0.8411106215679058,5.0,0.8411106215679058,5,16,113.48465875853951,44.711691387396606,18
out_debug_unity_adh5_D_0_3_6_5_5_5_0.8411106215679058,5.0,0.8411106215679058,5,17,124.14528431500678,17.907333654441015,18
out_debug_unity_adh5_D_10_3_6_5_5_5_1.032392751536074,5.0,1.032392751536074,5,0,23.115962430789192,138.70066938334995,18
out_debug_unity_adh5_D_10_3_6_5_5_5_1.032392751536074,5.0,1.032392751536074,5,1,35.926900044656065,113.52760965885385,18
out_debug_unity_adh5_D_10_3_6_5_5_5_1.032392751536074,5.0,1.032392751536074,5,2,64.5336422889238,137.8787632095209,18
out_debug_unity_adh5_D_10_3_6_5_5_5_1.032392751536074,5.0,1.032392751536074,5,3,76.13335391815447,112.58541041941629,18
out_debug_unity_adh5_D_10_3_6_5_5_5_1.032392751536074,5.0,1.032392751536074,5,4,103.04533495122439,137.19556086753735,18
out_debug_unity_adh5_D_10_3_6_5_5_5_1.032392751536074,5.0,1.032392751536074,5,5,115.43433448384322,113.06419759370236,18
out_debug_unity_adh5_D_10_3_6_5_5_5_1.032392751536074,5.0,1.032392751536074,5,6,47.33368346959941,91.0179349442255,18
out_debug_unity_adh5_D_10_3_6_5_5_5_1.032392751536074,5.0,1.032392751536074,5,7,58.24790586676854,69.31505411309682,18
out_debug_unity_adh5_D_10_3_6_5_5_5_1.032392751536074,5.0,1.032392751536074,5,8,88.14273164574564,90.00795933516737,18
out_debug_unity_adh5_D_10_3_6_5_5_5_1.032392751536074,5.0,1.032392751536074,5,9,100.83622834835963,67.4743366123473,18
out_debug_unity_adh5_D_10_3_6_5_5_5_1.032392751536074,5.0,1.032392751536074,5,10,128.18162412526178,90.40145639694066,18
out_debug_unity_adh5_D_10_3_6_5_5_5_1.032392751536074,5.0,1.032392751536074,5,11,141.36793694992735,65.33570384036658,18
out_debug_unity_adh5_D_10_3_6_5_5_5_1.032392751536074,5.0,1.032392751536074,5,12,30.192513780149564,52.24583477369083,18
out_debug_unity_adh5_D_10_3_6_5_5_5_1.032392751536074,5.0,1.032392751536074,5,13,41.338378055483794,26.72914712604154,18
out_debug_unity_adh5_D_10_3_6_5_5_5_1.032392751536074,5.0,1.032392751536074,5,14,72.24570157958182,47.625507336286894,18
out_debug_unity_adh5_D_10_3_6_5_5_5_1.032392751536074,5.0,1.032392751536074,5,15,83.3772889548356,23.10333739968249,18
out_debug_unity_adh5_D_10_3_6_5_5_5_1.032392751536074,5.0,1.032392751536074,5,16,113.58130663999009,44.530592944536686,18
out_debug_unity_adh5_D_10_3_6_5_5_5_1.032392751536074,5.0,1.032392751536074,5,17,124.22100395688506,17.779376617831844,18
out_debug_unity_adh5_D_11_3_6_5_5_5_0.47538483954324245,5.0,0.47538483954324245,5,0,23.208475214443936,138.16821335846808,18
out_debug_unity_adh5_D_11_3_6_5_5_5_0.47538483954324245,5.0,0.47538483954324245,5,1,36.56590402502804,113.7066745095792,18
out_debug_unity_adh5_D_11_3_6_5_5_5_0.47538483954324245,5.0,0.47538483954324245,5,2,64.49122789662526,136.5614664241591,18
out_debug_unity_adh5_D_11_3_6_5_5_5_0.47538483954324245,5.0,0.47538483954324245,5,3,76.11815118872612,112.47389587940434,18
out_debug_unity_adh5_D_11_3_6_5_5_5_0.47538483954324245,5.0,0.47538483954324245,5,4,102.7409550178085,136.16583313172686,18
out_debug_unity_adh5_D_11_3_6_5_5_5_0.47538483954324245,5.0,0.47538483954324245,5,5,114.59214206859822,112.63102926316542,18
out_debug_unity_adh5_D_11_3_6_5_5_5_0.47538483954324245,5.0,0.47538483954324245,5,6,48.088824630677465,91.05500891507363,18
out_debug_unity_adh5_D_11_3_6_5_5_5_0.47538483954324245,5.0,0.47538483954324245,5,7,58.35402640261008,69.23695565774092,18
out_debug_unity_adh5_D_11_3_6_5_5_5_0.47538483954324245,5.0,0.47538483954324245,5,8,87.93227613686274,89.81858876815191,18
out_debug_unity_adh5_D_11_3_6_5_5_5_0.47538483954324245,5.0,0.47538483954324245,5,9,100.45885958432365,67.60976987437884,18
out_debug_unity_adh5_D_11_3_6_5_5_5_0.47538483954324245,5.0,0.47538483954324245,5,10,127.17493126057514,89.8923161238946,18
out_debug_unity_adh5_D_11_3_6_5_5_5_0.47538483954324245,5.0,0.47538483954324245,5,11,140.2463583284108,65.77199447594161,18
out_debug_unity_adh5_D_11_3_6_5_5_5_0.47538483954324245,5.0,0.47538483954324245,5,12,31.127261671798664,52.15031856393758,18
out_debug_unity_adh5_D_11_3_6_5_5_5_0.47538483954324245,5.0,0.47538483954324245,5,13,41.49434724617986,27.799154478901443,18
out_debug_unity_adh5_D_11_3_6_5_5_5_0.47538483954324245,5.0,0.47538483954324245,5,14,72.43853435753067,48.45353990393206,18
out_debug_unity_adh5_D_11_3_6_5_5_5_0.47538483954324245,5.0,0.47538483954324245,5,15,83.24814543132919,24.183982323447577,18
out_debug_unity_adh5_D_11_3_6_5_5_5_0.47538483954324245,5.0,0.47538483954324245,5,16,113.08337132343998,45.100604495853155,18
out_debug_unity_adh5_D_11_3_6_5_5_5_0.47538483954324245,5.0,0.47538483954324245,5,17,123.73892460403802,18.342214376003703,18
out_debug_unity_adh5_D_12_3_6_5_5_5_1.469370680508597,5.0,1.469370680508597,5,0,23.025727993966864,138.9802323940378,18
out_debug_unity_adh5_D_12_3_6_5_5_5_1.469370680508597,5.0,1.469370680508597,5,1,35.67895003789541,113.4741135090361,18
out_debug_unity_adh5_D_12_3_6_5_5_5_1.469370680508597,5.0,1.469370680508597,5,2,64.4062650850113,138.38345015019738,18
out_debug_unity_adh5_D_12_3_6_5_5_5_1.469370680508597,5.0,1.469370680508597,5,3,76.1774966100558,112.75604640661707,18
out_debug_unity_adh5_D_12_3_6_5_5_5_1.469370680508597,5.0,1.469370680508597,5,4,103.11353296801626,137.60284136854668,18
out_debug_unity_adh5_D_12_3_6_5_5_5_1.469370680508597,5.0,1.469370680508597,5,5,115.75465013350667,113.24203131215035,18
out_debug_unity_adh5_D_12_3_6_5_5_5_1.469370680508597,5.0,1.469370680508597,5,6,47.01513707690548,90.91126846034261,18
out_debug_unity_adh5_D_12_3_6_5_5_5_1.469370680508597,5.0,1.469370680508597,5,7,58.233460951698966,69.36454730475373,18
out_debug_unity_adh5_D_12_3_6_5_5_5_1.469370680508597,5.0,1.469370680508597,5,8,88.14047037398863,89.98344560795904,18
out_debug_unity_adh5_D_12_3_6_5_5_5_1.469370680508597,5.0,1.469370680508597,5,9,100.96853654255303,67.45837113806851,18
out_debug_unity_adh5_D_12_3_6_5_5_5_1.469370680508597,5.0,1.469370680508597,5,10,128.63455235710742,90.50410117993523,18
out_debug_unity_adh5_D_12_3_6_5_5_5_1.469370680508597,5.0,1.469370680508597,5,11,141.60723818068485,65.12202486347606,18
out_debug_unity_adh5_D_12_3_6_5_5_5_1.469370680508597,5.0,1.469370680508597,5,12,29.770492871768027,52.27595220664358,18
out_debug_unity_adh5_D_12_3_6_5_5_5_1.469370680508597,5.0,1.469370680508597,5,13,41.14563362156721,26.2879933754724,18
out_debug_unity_adh5_D_12_3_6_5_5_5_1.469370680508597,5.0,1.469370680508597,5,14,72.13736952869002,47.252264671401456,18
out_debug_unity_adh5_D_12_3_6_5_5_5_1.469370680508597,5.0,1.469370680508597,5,15,83.35987292781498,22.513222685996553,18
out_debug_unity_adh5_D_12_3_6_5_5_5_1.469370680508597,5.0,1.469370680508597,5,16,113.66191297725742,44.15314335110724,18
out_debug_unity_adh5_D_12_3_6_5_5_5_1.469370680508597,5.0,1.469370680508597,5,17,124.18491273229266,17.567524320647788,18
out_debug_unity_adh5_D_13_3_6_5_5_5_0.5309700739485943,5.0,0.5309700739485943,5,0,23.199324004537672,138.23124447068201,18
out_debug_unity_adh5_D_13_3_6_5_5_5_0.5309700739485943,5.0,0.5309700739485943,5,1,36.4795879240877,113.67715570660806,18
out_debug_unity_adh5_D_13_3_6_5_5_5_0.5309700739485943,5.0,0.5309700739485943,5,2,64.50247120916416,136.73794505008925,18
out_debug_unity_adh5_D_13_3_6_5_5_5_0.5309700739485943,5.0,0.5309700739485943,5,3,76.11758460197247,112.47449431544341,18
out_debug_unity_adh5_D_13_3_6_5_5_5_0.5309700739485943,5.0,0.5309700739485943,5,4,102.78366952875903,136.30977539591083,18
out_debug_unity_adh5_D_13_3_6_5_5_5_0.5309700739485943,5.0,0.5309700739485943,5,5,114.6988304328175,112.67572565297546,18
out_debug_unity_adh5_D_13_3_6_5_5_5_0.5309700739485943,5.0,0.5309700739485943,5,6,47.988644843147625,91.04565558495374,18
out_debug_unity_adh5_D_13_3_6_5_5_5_0.5309700739485943,5.0,0.5309700739485943,5,7,58.341402609393505,69.24964940975154,18
out_debug_unity_adh5_D_13_3_6_5_5_5_0.5309700739485943,5.0,0.5309700739485943,5,8,87.9815092111312,89.85299490900984,18
out_debug_unity_adh5_D_13_3_6_5_5_5_0.5309700739485943,5.0,0.5309700739485943,5,9,100.51290773498374,67.58929178582065,18
out_debug_unity_adh5_D_13_3_6_5_5_5_0.5309700739485943,5.0,0.5309700739485943,5,10,127.28934409263333,89.97291517331071,18
out_debug_unity_adh5_D_13_3_6_5_5_5_0.5309700739485943,5.0,0.5309700739485943,5,11,140.41404497460073,65.71575413002738,18
out_debug_unity_adh5_D_13_3_6_5_5_5_0.5309700739485943,5.0,0.5309700739485943,5,12,31.000137734602347,52.1690229424535,18
out_debug_unity_adh5_D_13_3_6_5_5_5_0.5309700739485943,5.0,0.5309700739485943,5,13,41.48701961183584,27.6486062921535,18
out_debug_unity_adh5_D_13_3_6_5_5_5_0.5309700739485943,5.0,0.5309700739485943,5,14,72.43680385033521,48.338246145736264,18
out_debug_unity_adh5_D_13_3_6_5_5_5_0.5309700739485943,5.0,0.5309700739485943,5,15,83.26734176998174,24.05305063731707,18
out_debug_unity_adh5_D_13_3_6_5_5_5_0.5309700739485943,5.0,0.5309700739485943,5,16,113.16258424553389,45.04193789580157,18
out_debug_unity_adh5_D_13_3_6_5_5_5_0.5309700739485943,5.0,0.5309700739485943,5,17,123.82401159105522,18.25488287932315,18
out_debug_unity_adh5_D_14_3_6_5_5_5_1.3106322130526427,5.0,1.3106322130526427,5,0,23.06559435346436,138.8980257703797,18
out_debug_unity_adh5_D_14_3_6_5_5_5_1.3106322130526427,5.0,1.3106322130526427,5,1,35.74219022245938,113.48635545452441,18
out_debug_unity_adh5_D_14_3_6_5_5_5_1.3106322130526427,5.0,1.3106322130526427,5,2,64.47418048242989,138.26104228261016,18
out_debug_unity_adh5_D_14_3_6_5_5_5_1.3106322130526427,5.0,1.3106322130526427,5,3,76.15830073701895,112.69309887732898,18
out_debug_unity_adh5_D_14_3_6_5_5_5_1.3106322130526427,5.0,1.3106322130526427,5,4,103.11087484523796,137.49139869859025,18
out_debug_unity_adh5_D_14_3_6_5_5_5_1.3106322130526427,5.0,1.3106322130526427,5,5,115.68266211038825,113.19908805543234,18
out_debug_unity_adh5_D_14_3_6_5_5_5_1.3106322130526427,5.0,1.3106322130526427,5,6,47.107677483386205,90.9631073246399,18
out_debug_unity_adh5_D_14_3_6_5_5_5_1.3106322130526427,5.0,1.3106322130526427,5,7,58.227571704604124,69.34761838325358,18
out_debug_unity_adh5_D_14_3_6_5_5_5_1.3106322130526427,5.0,1.3106322130526427,5,8,88.13802290759331,90.01034382617225,18
out_debug_unity_adh5_D_14_3_6_5_5_5_1.3106322130526427,5.0,1.3106322130526427,5,9,100.93295900671774,67.46017892516322,18
out_debug_unity_adh5_D_14_3_6_5_5_5_1.3106322130526427,5.0,1.3106322130526427,5,10,128.5213600030625,90.49321004612177,18
out_debug_unity_adh5_D_14_3_6_5_5_5_1.3106322130526427,5.0,1.3106322130526427,5,11,141.58715902346572,65.18906692754636,18
out_debug_unity_adh5_D_14_3_6_5_5_5_1.3106322130526427,5.0,1.3106322130526427,5,12,29.893562486014474,52.26684661690165,18
out_debug_unity_adh5_D_14_3_6_5_5_5_1.3106322130526427,5.0,1.3106322130526427,5,13,41.21838121062705,26.412235055713364,18
out_debug_unity_adh5_D_14_3_6_5_5_5_1.3106322130526427,5.0,1.3106322130526427,5,14,72.16643295416854,47.37144717835836,18
out_debug_unity_adh5_D_14_3_6_5_5_5_1.3106322130526427,5.0,1.3106322130526427,5,15,83.3838121761234,22.69760772667424,18
out_debug_unity_adh5_D_14_3_6_5_5_5_1.3106322130526427,5.0,1.3106322130526427,5,16,113.65932708732481,44.28108515887553,18
out_debug_unity_adh5_D_14_3_6_5_5_5_1.3106322130526427,5.0,1.3106322130526427,5,17,124.24552926133448,17.62851767985449,18
out_debug_unity_adh5_D_15_3_6_5_5_5_1.1943795344279908,5.0,1.1943795344279908,5,0,23.100757752828187,138.80869459186536,18
out_debug_unity_adh5_D_15_3_6_5_5_5_1.1943795344279908,5.0,1.1943795344279908,5,1,35.83247962393921,113.50517775910701,18
out_debug_unity_adh5_D_15_3_6_5_5_5_1.1943795344279908,5.0,1.1943795344279908,5,2,64.50625920740072,138.08471652275594,18
out_debug_unity_adh5_D_15_3_6_5_5_5_1.1943795344279908,5.0,1.1943795344279908,5,3,76.14888314080254,112.63942639232069,18
out_debug_unity_adh5_D_15_3_6_5_5_5_1.1943795344279908,5.0,1.1943795344279908,5,4,103.08032130470514,137.35274941049326,18
out_debug_unity_adh5_D_15_3_6_5_5_5_1.1943795344279908,5.0,1.1943795344279908,5,5,115.56611124893136,113.13257278759566,18
out_debug_unity_adh5_D_15_3_6_5_5_5_1.1943795344279908,5.0,1.1943795344279908,5,6,47.22198925701563,90.99071003833699,18
out_debug_unity_adh5_D_15_3_6_5_5_5_1.1943795344279908,5.0,1.1943795344279908,5,7,58.239017150734604,69.33241967513139,18
out_debug_unity_adh5_D_15_3_6_5_5_5_1.1943795344279908,5.0,1.1943795344279908,5,8,88.13807685470333,90.00940022312977,18
out_debug_unity_adh5_D_15_3_6_5_5_5_1.1943795344279908,5.0,1.1943795344279908,5,9,100.88985223573593,67.46722642566453,18
out_debug_unity_adh5_D_15_3_6_5_5_5_1.1943795344279908,5.0,1.1943795344279908,5,10,128.36627306652505,90.44906009043417,18
out_debug_unity_adh5_D_15_3_6_5_5_5_1.1943795344279908,5.0,1.1943795344279908,5,11,141.4766877245183,65.24988229139728,18
out_debug_unity_adh5_D_15_3_6_5_5_5_1.1943795344279908,5.0,1.1943795344279908,5,12,30.040427593051934,52.25640445030074,18
out_debug_unity_adh5_D_15_3_6_5_5_5_1.1943795344279908,5.0,1.1943795344279908,5,13,41.27376684145177,26.555335161136288,18
out_debug_unity_adh5_D_15_3_6_5_5_5_1.1943795344279908,5.0,1.1943795344279908,5,14,72.19999274196108,47.47952823083386,18
out_debug_unity_adh5_D_15_3_6_5_5_5_1.1943795344279908,5.0,1.1943795344279908,5,15,83.37929585966272,22.88325921870434,18
out_debug_unity_adh5_D_15_3_6_5_5_5_1.1943795344279908,5.0,1.1943795344279908,5,16,113.62035714883581,44.3908126525859,18
out_debug_unity_adh5_D_15_3_6_5_5_5_1.1943795344279908,5.0,1.1943795344279908,5,17,124.22557074879451,17.699601959159583,18
out_debug_unity_adh5_D_16_3_6_5_5_5_0.21899544273840021,5.0,0.21899544273840021,5,0,23.16166815781688,137.86208476081117,18
out_debug_unity_adh5_D_16_3_6_5_5_5_0.21899544273840021,5.0,0.21899544273840021,5,1,36.90010495396619,113.85108113310976,18
out_debug_unity_adh5_D_16_3_6_5_5_5_0.21899544273840021,5.0,0.21899544273840021,5,2,64.38490834924026,135.74190814816367,18
out_debug_unity_adh5_D_16_3_6_5_5_5_0.21899544273840021,5.0,0.21899544273840021,5,3,76.12879490693561,112.50170353383555,18
out_debug_unity_adh5_D_16_3_6_5_5_5_0.21899544273840021,5.0,0.21899544273840021,5,4,102.47725116152878,135.50542823095955,18
out_debug_unity_adh5_D_16_3_6_5_5_5_0.21899544273840021,5.0,0.21899544273840021,5,5,114.16672321306122,112.45679272627525,18
out_debug_unity_adh5_D_16_3_6_5_5_5_0.21899544273840021,5.0,0.21899544273840021,5,6,48.46464804072523,91.10173217167767,18
out_debug_unity_adh5_D_16_3_6_5_5_5_0.21899544273840021,5.0,0.21899544273840021,5,7,58.278558273519614,69.22649711854096,18
out_debug_unity_adh5_D_16_3_6_5_5_5_0.21899544273840021,5.0,0.21899544273840021,5,8,87.60868794530138,89.69150394559796,18
out_debug_unity_adh5_D_16_3_6_5_5_5_0.21899544273840021,5.0,0.21899544273840021,5,9,100.16942101721462,67.74320302484601,18
out_debug_unity_adh5_D_16_3_6_5_5_5_0.21899544273840021,5.0,0.21899544273840021,5,10,126.70393141679217,89.55061668193798,18
out_debug_unity_adh5_D_16_3_6_5_5_5_0.21899544273840021,5.0,0.21899544273840021,5,11,139.44980830593963,66.03567953103713,18
out_debug_unity_adh5_D_16_3_6_5_5_5_0.21899544273840021,5.0,0.21899544273840021,5,12,31.665890817855303,52.048445290868365,18
out_debug_unity_adh5_D_16_3_6_5_5_5_0.21899544273840021,5.0,0.21899544273840021,5,13,41.47772888626043,28.574598950566834,18
out_debug_unity_adh5_D_16_3_6_5_5_5_0.21899544273840021,5.0,0.21899544273840021,5,14,72.40569133201946,48.95496257820915,18
out_debug_unity_adh5_D_16_3_6_5_5_5_0.21899544273840021,5.0,0.21899544273840021,5,15,83.0883151324268,24.812493384548244,18
out_debug_unity_adh5_D_16_3_6_5_5_5_0.21899544273840021,5.0,0.21899544273840021,5,16,112.73413199056962,45.33222454340603,18
out_debug_unity_adh5_D_16_3_6_5_5_5_0.21899544273840021,5.0,0.21899544273840021,5,17,123.25843533987938,18.83769003506904,18
out_debug_unity_adh5_D_17_3_6_5_5_5_0.24817904243134165,5.0,0.24817904243134165,5,0,23.18526299066364,137.89598979402254,18
out_debug_unity_adh5_D_17_3_6_5_5_5_0.24817904243134165,5.0,0.24817904243134165,5,1,36.87825338244006,113.83802027878538,18
out_debug_unity_adh5_D_17_3_6_5_5_5_0.24817904243134165,5.0,0.24817904243134165,5,2,64.40582752971922,135.82389970389053,18
out_debug_unity_adh5_D_17_3_6_5_5_5_0.24817904243134165,5.0,0.24817904243134165,5,3,76.12859627772933,112.49711625342661,18
out_debug_unity_adh5_D_17_3_6_5_5_5_0.24817904243134165,5.0,0.24817904243134165,5,4,102.51753337462274,135.56822003833736,18
out_debug_unity_adh5_D_17_3_6_5_5_5_0.24817904243134165,5.0,0.24817904243134165,5,5,114.2104735373221,112.47283997689902,18
out_debug_unity_adh5_D_17_3_6_5_5_5_0.24817904243134165,5.0,0.24817904243134165,5,6,48.43248143141136,91.09862757793007,18
out_debug_unity_adh5_D_17_3_6_5_5_5_0.24817904243134165,5.0,0.24817904243134165,5,7,58.30303152123628,69.22066550631291,18
out_debug_unity_adh5_D_17_3_6_5_5_5_0.24817904243134165,5.0,0.24817904243134165,5,8,87.64353300295977,89.69680131205934,18
out_debug_unity_adh5_D_17_3_6_5_5_5_0.24817904243134165,5.0,0.24817904243134165,5,9,100.20107286455986,67.72654995679991,18
out_debug_unity_adh5_D_17_3_6_5_5_5_0.24817904243134165,5.0,0.24817904243134165,5,10,126.7570005052035,89.57619806780242,18
out_debug_unity_adh5_D_17_3_6_5_5_5_0.24817904243134165,5.0,0.24817904243134165,5,11,139.53529507858767,66.00307192407736,18
out_debug_unity_adh5_D_17_3_6_5_5_5_0.24817904243134165,5.0,0.24817904243134165,5,12,31.62300523497069,52.06011526101194,18
out_debug_unity_adh5_D_17_3_6_5_5_5_0.24817904243134165,5.0,0.24817904243134165,5,13,41.48684775618504,28.489769422341382,18
out_debug_unity_adh5_D_17_3_6_5_5_5_0.24817904243134165,5.0,0.24817904243134165,5,14,72.40077440326802,48.90573453523413,18
out_debug_unity_adh5_D_17_3_6_5_5_5_0.24817904243134165,5.0,0.24817904243134165,5,15,83.11674102300732,24.74029711071824,18
out_debug_unity_adh5_D_17_3_6_5_5_5_0.24817904243134165,5.0,0.24817904243134165,5,16,112.77158948987405,45.3143908736342,18
out_debug_unity_adh5_D_17_3_6_5_5_5_0.24817904243134165,5.0,0.24817904243134165,5,17,123.31377700122579,18.78098333000969,18
out_debug_unity_adh5_D_18_3_6_5_5_5_1.1374855373063457,5.0,1.1374855373063457,5,0,23.101052463839107,138.77748294884643,18
out_debug_unity_adh5_D_18_3_6_5_5_5_1.1374855373063457,5.0,1.1374855373063457,5,1,35.853678543503946,113.51101037693417,18
out_debug_unity_adh5_D_18_3_6_5_5_5_1.1374855373063457,5.0,1.1374855373063457,5,2,64.51891716103574,138.0342972926671,18
out_debug_unity_adh5_D_18_3_6_5_5_5_1.1374855373063457,5.0,1.1374855373063457,5,3,76.14150669315369,112.62214542634308,18
out_debug_unity_adh5_D_18_3_6_5_5_5_1.1374855373063457,5.0,1.1374855373063457,5,4,103.07451220030198,137.3133254572214,18
out_debug_unity_adh5_D_18_3_6_5_5_5_1.1374855373063457,5.0,1.1374855373063457,5,5,115.53614876437034,113.11942782289167,18
out_debug_unity_adh5_D_18_3_6_5_5_5_1.1374855373063457,5.0,1.1374855373063457,5,6,47.24909115576832,91.00280457989477,18
out_debug_unity_adh5_D_18_3_6_5_5_5_1.1374855373063457,5.0,1.1374855373063457,5,7,58.238968083423714,69.32579838309816,18
out_debug_unity_adh5_D_18_3_6_5_5_5_1.1374855373063457,5.0,1.1374855373063457,5,8,88.14212294492864,90.01438995069981,18
out_debug_unity_adh5_D_18_3_6_5_5_5_1.1374855373063457,5.0,1.1374855373063457,5,9,100.87706527672712,67.46678439121733,18
out_debug_unity_adh5_D_18_3_6_5_5_5_1.1374855373063457,5.0,1.1374855373063457,5,10,128.31837173607028,90.44239381230352,18
out_debug_unity_adh5_D_18_3_6_5_5_5_1.1374855373063457,5.0,1.1374855373063457,5,11,141.46340639147647,65.27690489520269,18
out_debug_unity_adh5_D_18_3_6_5_5_5_1.1374855373063457,5.0,1.1374855373063457,5,12,30.077815857253555,52.254000896275386,18
out_debug_unity_adh5_D_18_3_6_5_5_5_1.1374855373063457,5.0,1.1374855373063457,5,13,41.29562781483975,26.60244122655965,18
out_debug_unity_adh5_D_18_3_6_5_5_5_1.1374855373063457,5.0,1.1374855373063457,5,14,72.21215364715347,47.52439143244743,18
out_debug_unity_adh5_D_18_3_6_5_5_5_1.1374855373063457,5.0,1.1374855373063457,5,15,83.38418645604739,22.946753895709104,18
out_debug_unity_adh5_D_18_3_6_5_5_5_1.1374855373063457,5.0,1.1374855373063457,5,16,113.61698806434686,44.43537709562107,18
out_debug_unity_adh5_D_18_3_6_5_5_5_1.1374855373063457,5.0,1.1374855373063457,5,17,124.23957100902335,17.719820122882965,18
out_debug_unity_adh5_D_19_3_6_5_5_5_0.3327033321612797,5.0,0.3327033321612797,5,0,23.21299399476258,137.9984763302567,18
out_debug_unity_adh5_D_19_3_6_5_5_5_0.3327033321612797,5.0,0.3327033321612797,5,1,36.78076650373879,113.79047103663068,18
out_debug_unity_adh5_D_19_3_6_5_5_5_0.3327033321612797,5.0,0.3327033321612797,5,2,64.45164256486653,136.0947437609294,18
out_debug_unity_adh5_D_19_3_6_5_5_5_0.3327033321612797,5.0,0.3327033321612797,5,3,76.12636796000638,112.49207965881783,18
out_debug_unity_adh5_D_19_3_6_5_5_5_0.3327033321612797,5.0,0.3327033321612797,5,4,102.6148290441007,135.7793367839254,18
out_debug_unity_adh5_D_19_3_6_5_5_5_0.3327033321612797,5.0,0.3327033321612797,5,5,114.34296879627901,112.53065334112642,18
out_debug_unity_adh5_D_19_3_6_5_5_5_0.3327033321612797,5.0,0.3327033321612797,5,6,48.31907953297989,91.08494153076049,18
out_debug_unity_adh5_D_19_3_6_5_5_5_0.3327033321612797,5.0,0.3327033321612797,5,7,58.3462126282489,69.21059530800075,18
out_debug_unity_adh5_D_19_3_6_5_5_5_0.3327033321612797,5.0,0.3327033321612797,5,8,87.74755068985564,89.72987282579753,18
out_debug_unity_adh5_D_19_3_6_5_5_5_0.3327033321612797,5.0,0.3327033321612797,5,9,100.30013382005461,67.67631947764359,18
out_debug_unity_adh5_D_19_3_6_5_5_5_0.3327033321612797,5.0,0.3327033321612797,5,10,126.90680777496361,89.68182427879583,18
out_debug_unity_adh5_D_19_3_6_5_5_5_0.3327033321612797,5.0,0.3327033321612797,5,11,139.797004193877,65.9173947952943,18
out_debug_unity_adh5_D_19_3_6_5_5_5_0.3327033321612797,5.0,0.3327033321612797,5,12,31.456357658848933,52.094646855130954,18
out_debug_unity_adh5_D_19_3_6_5_5_5_0.3327033321612797,5.0,0.3327033321612797,5,13,41.49934010757589,28.224871593418424,18
out_debug_unity_adh5_D_19_3_6_5_5_5_0.3327033321612797,5.0,0.3327033321612797,5,14,72.40491293622829,48.75084755749763,18
out_debug_unity_adh5_D_19_3_6_5_5_5_0.3327033321612797,5.0,0.3327033321612797,5,15,83.17971517807908,24.528488142780862,18
out_debug_unity_adh5_D_19_3_6_5_5_5_0.3327033321612797,5.0,0.3327033321612797,5,16,112.88074971473593,45.23943484996952,18
out_debug_unity_adh5_D_19_3_6_5_5_5_0.3327033321612797,5.0,0.3327033321612797,5,17,123.4833811073723,18.605008688512868,18
out_debug_unity_adh5_D_1_3_6_5_5_5_1.3555484762962557,5.0,1.3555484762962557,5,0,23.05384550823237,138.92812031579606,18
out_debug_unity_adh5_D_1_3_6_5_5_5_1.3555484762962557,5.0,1.3555484762962557,5,1,35.71534748400798,113.480976598092,18
out_debug_unity_adh5_D_1_3_6_5_5_5_1.3555484762962557,5.0,1.3555484762962557,5,2,64.45859286717639,138.31325298101277,18
out_debug_unity_adh5_D_1_3_6_5_5_5_1.3555484762962557,5.0,1.3555484762962557,5,3,76.16319982647929,112.71303152451783,18
out_debug_unity_adh5_D_1_3_6_5_5_5_1.3555484762962557,5.0,1.3555484762962557,5,4,103.11753034950061,137.53313816454866,18
out_debug_unity_adh5_D_1_3_6_5_5_5_1.3555484762962557,5.0,1.3555484762962557,5,5,115.71542805794256,113.21794045851333,18
out_debug_unity_adh5_D_1_3_6_5_5_5_1.3555484762962557,5.0,1.3555484762962557,5,6,47.07113991106852,90.95009435121734,18
out_debug_unity_adh5_D_1_3_6_5_5_5_1.3555484762962557,5.0,1.3555484762962557,5,7,58.22576669998559,69.35322850671474,18
out_debug_unity_adh5_D_1_3_6_5_5_5_1.3555484762962557,5.0,1.3555484762962557,5,8,88.13918765942059,90.00647205094924,18
out_debug_unity_adh5_D_1_3_6_5_5_5_1.3555484762962557,5.0,1.3555484762962557,5,9,100.94575852896865,67.45889126332004,18
out_debug_unity_adh5_D_1_3_6_5_5_5_1.3555484762962557,5.0,1.3555484762962557,5,10,128.56815730817695,90.5032930529186,18
out_debug_unity_adh5_D_1_3_6_5_5_5_1.3555484762962557,5.0,1.3555484762962557,5,11,141.61116894790246,65.16845079500719,18
out_debug_unity_adh5_D_1_3_6_5_5_5_1.3555484762962557,5.0,1.3555484762962557,5,12,29.84711527023387,52.27026840079852,18
out_debug_unity_adh5_D_1_3_6_5_5_5_1.3555484762962557,5.0,1.3555484762962557,5,13,41.19711445198478,26.366811465004336,18
out_debug_unity_adh5_D_1_3_6_5_5_5_1.3555484762962557,5.0,1.3555484762962557,5,14,72.15624170673385,47.334008481446205,18
out_debug_unity_adh5_D_1_3_6_5_5_5_1.3555484762962557,5.0,1.3555484762962557,5,15,83.38117504849798,22.635397138199195,18
out_debug_unity_adh5_D_1_3_6_5_5_5_1.3555484762962557,5.0,1.3555484762962557,5,16,113.66705933686406,44.24205621425,18
out_debug_unity_adh5_D_1_3_6_5_5_5_1.3555484762962557,5.0,1.3555484762962557,5,17,124.2409641410541,17.606086443471618,18
out_debug_unity_adh5_D_20_3_6_5_5_5_1.4843450557691142,5.0,1.4843450557691142,5,0,23.02398131853893,138.9852812716383,18
out_debug_unity_adh5_D_20_3_6_5_5_5_1.4843450557691142,5.0,1.4843450557691142,5,1,35.678368513782516,113.47392089352432,18
out_debug_unity_adh5_D_20_3_6_5_5_5_1.4843450557691142,5.0,1.4843450557691142,5,2,64.39797192498527,138.38587747048092,18
out_debug_unity_adh5_D_20_3_6_5_5_5_1.4843450557691142,5.0,1.4843450557691142,5,3,76.18004500233505,112.76052616784965,18
out_debug_unity_adh5_D_20_3_6_5_5_5_1.4843450557691142,5.0,1.4843450557691142,5,4,103.1104846417939,137.60650737855093,18
out_debug_unity_adh5_D_20_3_6_5_5_5_1.4843450557691142,5.0,1.4843450557691142,5,5,115.75437989856421,113.2417958384434,18
out_debug_unity_adh5_D_20_3_6_5_5_5_1.4843450557691142,5.0,1.4843450557691142,5,6,47.01246596318879,90.9051522136448,18
out_debug_unity_adh5_D_20_3_6_5_5_5_1.4843450557691142,5.0,1.4843450557691142,5,7,58.236197230447324,69.36523946769917,18
out_debug_unity_adh5_D_20_3_6_5_5_5_1.4843450557691142,5.0,1.4843450557691142,5,8,88.14098998174599,89.97850884684534,18
out_debug_unity_adh5_D_20_3_6_5_5_5_1.4843450557691142,5.0,1.4843450557691142,5,9,100.97002032079138,67.45862843070863,18
out_debug_unity_adh5_D_20_3_6_5_5_5_1.4843450557691142,5.0,1.4843450557691142,5,10,128.63621530325818,90.50055414438582,18
out_debug_unity_adh5_D_20_3_6_5_5_5_1.4843450557691142,5.0,1.4843450557691142,5,11,141.5980037780814,65.11616003998118,18
out_debug_unity_adh5_D_20_3_6_5_5_5_1.4843450557691142,5.0,1.4843450557691142,5,12,29.765694447747546,52.276410052446806,18
out_debug_unity_adh5_D_20_3_6_5_5_5_1.4843450557691142,5.0,1.4843450557691142,5,13,41.13945145500174,26.281684681402307,18
out_debug_unity_adh5_D_20_3_6_5_5_5_1.4843450557691142,5.0,1.4843450557691142,5,14,72.13612455251452,47.243247840778146,18
out_debug_unity_adh5_D_20_3_6_5_5_5_1.4843450557691142,5.0,1.4843450557691142,5,15,83.35526070199094,22.50192963617101,18
out_debug_unity_adh5_D_20_3_6_5_5_5_1.4843450557691142,5.0,1.4843450557691142,5,16,113.65813391859797,44.14280261075978,18
out_debug_unity_adh5_D_20_3_6_5_5_5_1.4843450557691142,5.0,1.4843450557691142,5,17,124.171436593569,17.56457144458604,18
out_debug_unity_adh5_D_21_3_6_5_5_5_1.4196793083861061,5.0,1.4196793083861061,5,0,23.037179075006055,138.96250810803664,18
out_debug_unity_adh5_D_21_3_6_5_5_5_1.4196793083861061,5.0,1.4196793083861061,5,1,35.68895630013488,113.47613943818163,18
out_debug_unity_adh5_D_21_3_6_5_5_5_1.4196793083861061,5.0,1.4196793083861061,5,2,64.4310426189437,138.364864331435,18
out_debug_unity_adh5_D_21_3_6_5_5_5_1.4196793083861061,5.0,1.4196793083861061,5,3,76.17019231513288,112.73910831070002,18
out_debug_unity_adh5_D_21_3_6_5_5_5_1.4196793083861061,5.0,1.4196793083861061,5,4,103.1191988294355,137.58022804373078,18
out_debug_unity_adh5_D_21_3_6_5_5_5_1.4196793083861061,5.0,1.4196793083861061,5,5,115.74674634592412,113.23596667993799,18
out_debug_unity_adh5_D_21_3_6_5_5_5_1.4196793083861061,5.0,1.4196793083861061,5,6,47.031932782245484,90.92972113126876,18
out_debug_unity_adh5_D_21_3_6_5_5_5_1.4196793083861061,5.0,1.4196793083861061,5,7,58.227250512792914,69.36037291955377,18
out_debug_unity_adh5_D_21_3_6_5_5_5_1.4196793083861061,5.0,1.4196793083861061,5,8,88.13968921841604,89.99636290324982,18
out_debug_unity_adh5_D_21_3_6_5_5_5_1.4196793083861061,5.0,1.4196793083861061,5,9,100.96119223476433,67.45844702672389,18
out_debug_unity_adh5_D_21_3_6_5_5_5_1.4196793083861061,5.0,1.4196793083861061,5,10,128.61644856473632,90.50810499719108,18
out_debug_unity_adh5_D_21_3_6_5_5_5_1.4196793083861061,5.0,1.4196793083861061,5,11,141.621882784535,65.14100804049019,18
out_debug_unity_adh5_D_21_3_6_5_5_5_1.4196793083861061,5.0,1.4196793083861061,5,12,29.795724899064805,52.27364613393157,18
out_debug_unity_adh5_D_21_3_6_5_5_5_1.4196793083861061,5.0,1.4196793083861061,5,13,41.16697034044541,26.315419742138783,18
out_debug_unity_adh5_D_21_3_6_5_5_5_1.4196793083861061,5.0,1.4196793083861061,5,14,72.14382204717985,47.28533374977803,18
out_debug_unity_adh5_D_21_3_6_5_5_5_1.4196793083861061,5.0,1.4196793083861061,5,15,83.37199845395885,22.55981149304436,18
out_debug_unity_adh5_D_21_3_6_5_5_5_1.4196793083861061,5.0,1.4196793083861061,5,16,113.66911486695528,44.190520981857695,18
out_debug_unity_adh5_D_21_3_6_5_5_5_1.4196793083861061,5.0,1.4196793083861061,5,17,124.21906148750058,17.581008091560474,18
out_debug_unity_adh5_D_22_3_6_5_5_5_0.3831805151729437,5.0,0.3831805151729437,5,0,23.2161549485876,138.0604223613938,18
out_debug_unity_adh5_D_22_3_6_5_5_5_0.3831805151729437,5.0,0.3831805151729437,5,1,36.70825377011541,113.76041053410513,18
out_debug_unity_adh5_D_22_3_6_5_5_5_0.3831805151729437,5.0,0.3831805151729437,5,2,64.46681350847741,136.26206256000185,18
out_debug_unity_adh5_D_22_3_6_5_5_5_0.3831805151729437,5.0,0.3831805151729437,5,3,76.1231140373829,112.48412805072529,18
out_debug_unity_adh5_D_22_3_6_5_5_5_0.3831805151729437,5.0,0.3831805151729437,5,4,102.66324246267716,135.91760616208998,18
out_debug_unity_adh5_D_22_3_6_5_5_5_0.3831805151729437,5.0,0.3831805151729437,5,5,114.4259287094277,112.56606590134906,18
out_debug_unity_adh5_D_22_3_6_5_5_5_0.3831805151729437,5.0,0.3831805151729437,5,6,48.24081430305538,91.07386746153429,18
out_debug_unity_adh5_D_22_3_6_5_5_5_0.3831805151729437,5.0,0.3831805151729437,5,7,58.35921576183775,69.21663281976937,18
out_debug_unity_adh5_D_22_3_6_5_5_5_0.3831805151729437,5.0,0.3831805151729437,5,8,87.8213460774095,89.75983384968764,18
out_debug_unity_adh5_D_22_3_6_5_5_5_0.3831805151729437,5.0,0.3831805151729437,5,9,100.35970456217579,67.65064609065571,18
out_debug_unity_adh5_D_22_3_6_5_5_5_0.3831805151729437,5.0,0.3831805151729437,5,10,126.9980944193225,89.7536666736551,18
out_debug_unity_adh5_D_22_3_6_5_5_5_0.3831805151729437,5.0,0.3831805151729437,5,11,139.95905434963575,65.86680146929199,18
out_debug_unity_adh5_D_22_3_6_5_5_5_0.3831805151729437,5.0,0.3831805151729437,5,12,31.34007515521024,52.114893833443496,18
out_debug_unity_adh5_D_22_3_6_5_5_5_0.3831805151729437,5.0,0.3831805151729437,5,13,41.50081336802745,28.06595905859741,18
out_debug_unity_adh5_D_22_3_6_5_5_5_0.3831805151729437,5.0,0.3831805151729437,5,14,72.41954780722928,48.64789355331134,18
out_debug_unity_adh5_D_22_3_6_5_5_5_0.3831805151729437,5.0,0.3831805151729437,5,15,83.20906982342483,24.403676218363064,18
out_debug_unity_adh5_D_22_3_6_5_5_5_0.3831805151729437,5.0,0.3831805151729437,5,16,112.95221716981185,45.19093300118468,18
out_debug_unity_adh5_D_22_3_6_5_5_5_0.3831805151729437,5.0,0.3831805151729437,5,17,123.58153931076724,18.503640340136084,18
out_debug_unity_adh5_D_23_3_6_5_5_5_1.3781978882493757,5.0,1.3781978882493757,5,0,23.04812341136805,138.9414310983006,18
out_debug_unity_adh5_D_23_3_6_5_5_5_1.3781978882493757,5.0,1.3781978882493757,5,1,35.70424578145593,113.47879418119392,18
out_debug_unity_adh5_D_23_3_6_5_5_5_1.3781978882493757,5.0,1.3781978882493757,5,2,64.44963323513785,138.33459751904445,18
out_debug_unity_adh5_D_23_3_6_5_5_5_1.3781978882493757,5.0,1.3781978882493757,5,3,76.16546736611095,112.72251041842428,18
out_debug_unity_adh5_D_23_3_6_5_5_5_1.3781978882493757,5.0,1.3781978882493757,5,4,103.11908135784232,137.5518453670213,18
out_debug_unity_adh5_D_23_3_6_5_5_5_1.3781978882493757,5.0,1.3781978882493757,5,5,115.72868514715763,113.22564618653354,18
out_debug_unity_adh5_D_23_3_6_5_5_5_1.3781978882493757,5.0,1.3781978882493757,5,6,47.05531057104025,90.94314654993364,18
out_debug_unity_adh5_D_23_3_6_5_5_5_1.3781978882493757,5.0,1.3781978882493757,5,7,58.22585276222466,69.35591009086957,18
out_debug_unity_adh5_D_23_3_6_5_5_5_1.3781978882493757,5.0,1.3781978882493757,5,8,88.13912670594073,90.0035930004024,18
out_debug_unity_adh5_D_23_3_6_5_5_5_1.3781978882493757,5.0,1.3781978882493757,5,9,100.95153028944462,67.45830393201645,18
out_debug_unity_adh5_D_23_3_6_5_5_5_1.3781978882493757,5.0,1.3781978882493757,5,10,128.58796339659168,90.50638783961564,18
out_debug_unity_adh5_D_23_3_6_5_5_5_1.3781978882493757,5.0,1.3781978882493757,5,11,141.61839606555628,65.15865146772097,18
out_debug_unity_adh5_D_23_3_6_5_5_5_1.3781978882493757,5.0,1.3781978882493757,5,12,29.826554006729733,52.27150035421719,18
out_debug_unity_adh5_D_23_3_6_5_5_5_1.3781978882493757,5.0,1.3781978882493757,5,13,41.18629744937988,26.346831928565695,18
out_debug_unity_adh5_D_23_3_6_5_5_5_1.3781978882493757,5.0,1.3781978882493757,5,14,72.15127252804582,47.31625018400606,18
out_debug_unity_adh5_D_23_3_6_5_5_5_1.3781978882493757,5.0,1.3781978882493757,5,15,83.37905426670197,22.606888549722076,18
out_debug_unity_adh5_D_23_3_6_5_5_5_1.3781978882493757,5.0,1.3781978882493757,5,16,113.66907357325226,44.22336595044853,18
out_debug_unity_adh5_D_23_3_6_5_5_5_1.3781978882493757,5.0,1.3781978882493757,5,17,124.23550485933083,17.596071013747974,18
out_debug_unity_adh5_D_24_3_6_5_5_5_0.3197455095164391,5.0,0.3197455095164391,5,0,23.211352742650117,137.98376126928267,18
out_debug_unity_adh5_D_24_3_6_5_5_5_0.3197455095164391,5.0,0.3197455095164391,5,1,36.79713892685972,113.79712343418784,18
out_debug_unity_adh5_D_24_3_6_5_5_5_0.3197455095164391,5.0,0.3197455095164391,5,2,64.4469148350512,136.05336201195078,18
out_debug_unity_adh5_D_24_3_6_5_5_5_0.3197455095164391,5.0,0.3197455095164391,5,3,76.12617146099493,112.49339053132373,18
out_debug_unity_adh5_D_24_3_6_5_5_5_0.3197455095164391,5.0,0.3197455095164391,5,4,102.60165383693148,135.7457718691205,18
out_debug_unity_adh5_D_24_3_6_5_5_5_0.3197455095164391,5.0,0.3197455095164391,5,5,114.32263789326153,112.52182330875102,18
out_debug_unity_adh5_D_24_3_6_5_5_5_0.3197455095164391,5.0,0.3197455095164391,5,6,48.33709028346951,91.08717501763512,18
out_debug_unity_adh5_D_24_3_6_5_5_5_0.3197455095164391,5.0,0.3197455095164391,5,7,58.34205956535565,69.20985109528965,18
out_debug_unity_adh5_D_24_3_6_5_5_5_0.3197455095164391,5.0,0.3197455095164391,5,8,87.73159548850965,89.72484925184608,18
out_debug_unity_adh5_D_24_3_6_5_5_5_0.3197455095164391,5.0,0.3197455095164391,5,9,100.28587286320844,67.68274904826093,18
out_debug_unity_adh5_D_24_3_6_5_5_5_0.3197455095164391,5.0,0.3197455095164391,5,10,126.8844232133023,89.66445466371597,18
out_debug_unity_adh5_D_24_3_6_5_5_5_0.3197455095164391,5.0,0.3197455095164391,5,11,139.758128098376,65.930321076099,18
out_debug_unity_adh5_D_24_3_6_5_5_5_0.3197455095164391,5.0,0.3197455095164391,5,12,31.484017131630747,52.08962601490496,18
out_debug_unity_adh5_D_24_3_6_5_5_5_0.3197455095164391,5.0,0.3197455095164391,5,13,41.498596013325674,28.265273092703694,18
out_debug_unity_adh5_D_24_3_6_5_5_5_0.3197455095164391,5.0,0.3197455095164391,5,14,72.40173891368443,48.775558514978435,18
out_debug_unity_adh5_D_24_3_6_5_5_5_0.3197455095164391,5.0,0.3197455095164391,5,15,83.17178657754074,24.559657926271825,18
out_debug_unity_adh5_D_24_3_6_5_5_5_0.3197455095164391,5.0,0.3197455095164391,5,16,112.86361949455699,45.251153443426084,18
out_debug_unity_adh5_D_24_3_6_5_5_5_0.3197455095164391,5.0,0.3197455095164391,5,17,123.45824871708525,18.630144802199364,18
out_debug_unity_adh5_D_25_3_6_5_5_5_1.203299489956901,5.0,1.203299489956901,5,0,23.100290949363227,138.81434906509958,18
out_debug_unity_adh5_D_25_3_6_5_5_5_1.203299489956901,5.0,1.203299489956901,5,1,35.82810573665307,113.50419511268582,18
out_debug_unity_adh5_D_25_3_6_5_5_5_1.203299489956901,5.0,1.203299489956901,5,2,64.50374283269969,138.09394964755649,18
out_debug_unity_adh5_D_25_3_6_5_5_5_1.203299489956901,5.0,1.203299489956901,5,3,76.14996624108976,112.64252228186194,18
out_debug_unity_adh5_D_25_3_6_5_5_5_1.203299489956901,5.0,1.203299489956901,5,4,103.08194430325688,137.36019397429308,18
out_debug_unity_adh5_D_25_3_6_5_5_5_1.203299489956901,5.0,1.203299489956901,5,5,115.57204723503934,113.13551951166092,18
out_debug_unity_adh5_D_25_3_6_5_5_5_1.203299489956901,5.0,1.203299489956901,5,6,47.21636695762894,90.98878244366456,18
out_debug_unity_adh5_D_25_3_6_5_5_5_1.203299489956901,5.0,1.203299489956901,5,7,58.23878632471486,69.33357874811476,18
out_debug_unity_adh5_D_25_3_6_5_5_5_1.203299489956901,5.0,1.203299489956901,5,8,88.1375154088857,90.00874026421015,18
out_debug_unity_adh5_D_25_3_6_5_5_5_1.203299489956901,5.0,1.203299489956901,5,9,100.89220651285738,67.46721535324613,18
out_debug_unity_adh5_D_25_3_6_5_5_5_1.203299489956901,5.0,1.203299489956901,5,10,128.3748635550637,90.45061338776311,18
out_debug_unity_adh5_D_25_3_6_5_5_5_1.203299489956901,5.0,1.203299489956901,5,11,141.48028101253422,65.24547682119153,18
out_debug_unity_adh5_D_25_3_6_5_5_5_1.203299489956901,5.0,1.203299489956901,5,12,30.033139645643995,52.25687806391804,18
out_debug_unity_adh5_D_25_3_6_5_5_5_1.203299489956901,5.0,1.203299489956901,5,13,41.2702605320636,26.546797227601758,18
out_debug_unity_adh5_D_25_3_6_5_5_5_1.203299489956901,5.0,1.203299489956901,5,14,72.19797514997937,47.47231840468328,18
out_debug_unity_adh5_D_25_3_6_5_5_5_1.203299489956901,5.0,1.203299489956901,5,15,83.37902834513386,22.87217669907763,18
out_debug_unity_adh5_D_25_3_6_5_5_5_1.203299489956901,5.0,1.203299489956901,5,16,113.62155179630356,44.38352024287504,18
out_debug_unity_adh5_D_25_3_6_5_5_5_1.203299489956901,5.0,1.203299489956901,5,17,124.22444119706093,17.695744229714645,18
out_debug_unity_adh5_D_26_3_6_5_5_5_0.298843546487125,5.0,0.298843546487125,5,0,23.207315680929213,137.9610657075098,18
out_debug_unity_adh5_D_26_3_6_5_5_5_0.298843546487125,5.0,0.298843546487125,5,1,36.822311031394285,113.80852289338799,18
out_debug_unity_adh5_D_26_3_6_5_5_5_0.298843546487125,5.0,0.298843546487125,5,2,64.43861216634662,135.98737170454203,18
out_debug_unity_adh5_D_26_3_6_5_5_5_0.298843546487125,5.0,0.298843546487125,5,3,76.12646181745787,112.49611221402454,18
out_debug_unity_adh5_D_26_3_6_5_5_5_0.298843546487125,5.0,0.298843546487125,5,4,102.5805634094059,135.69337917243897,18
out_debug_unity_adh5_D_26_3_6_5_5_5_0.298843546487125,5.0,0.298843546487125,5,5,114.29155085459632,112.50921814011366,18
out_debug_unity_adh5_D_26_3_6_5_5_5_0.298843546487125,5.0,0.298843546487125,5,6,48.364272403262504,91.09133810182347,18
out_debug_unity_adh5_D_26_3_6_5_5_5_0.298843546487125,5.0,0.298843546487125,5,7,58.3342603293797,69.20950771787696,18
out_debug_unity_adh5_D_26_3_6_5_5_5_0.298843546487125,5.0,0.298843546487125,5,8,87.70564692392556,89.71618402038025,18
out_debug_unity_adh5_D_26_3_6_5_5_5_0.298843546487125,5.0,0.298843546487125,5,9,100.26199549867228,67.69438222213245,18
out_debug_unity_adh5_D_26_3_6_5_5_5_0.298843546487125,5.0,0.298843546487125,5,10,126.84905405580109,89.63746060233824,18
out_debug_unity_adh5_D_26_3_6_5_5_5_0.298843546487125,5.0,0.298843546487125,5,11,139.69559132459722,65.9503822154824,18
out_debug_unity_adh5_D_26_3_6_5_5_5_0.298843546487125,5.0,0.298843546487125,5,12,31.524797124919996,52.081550198487726,18
out_debug_unity_adh5_D_26_3_6_5_5_5_0.298843546487125,5.0,0.298843546487125,5,13,41.4965967603543,28.329140373571605,18
out_debug_unity_adh5_D_26_3_6_5_5_5_0.298843546487125,5.0,0.298843546487125,5,14,72.39858831309571,48.814352161221244,18
out_debug_unity_adh5_D_26_3_6_5_5_5_0.298843546487125,5.0,0.298843546487125,5,15,83.15817603169579,24.610700826131083,18
out_debug_unity_adh5_D_26_3_6_5_5_5_0.298843546487125,5.0,0.298843546487125,5,16,112.83615653177598,45.27014770689786,18
out_debug_unity_adh5_D_26_3_6_5_5_5_0.298843546487125,5.0,0.298843546487125,5,17,123.41724281330987,18.67207891830466,18
out_debug_unity_adh5_D_27_3_6_5_5_5_0.8569633285019598,5.0,0.8569633285019598,5,0,23.135627308718284,138.56088197117586,18
out_debug_unity_adh5_D_27_3_6_5_5_5_0.8569633285019598,5.0,0.8569633285019598,5,1,36.06758753021756,113.56144033021015,18
out_debug_unity_adh5_D_27_3_6_5_5_5_0.8569633285019598,5.0,0.8569633285019598,5,2,64.53778816517423,137.57677456258187,18
out_debug_unity_adh5_D_27_3_6_5_5_5_0.8569633285019598,5.0,0.8569633285019598,5,3,76.12266206078301,112.53784891450233,18
out_debug_unity_adh5_D_27_3_6_5_5_5_0.8569633285019598,5.0,0.8569633285019598,5,4,102.98083896487385,136.97095869153785,18
out_debug_unity_adh5_D_27_3_6_5_5_5_0.8569633285019598,5.0,0.8569633285019598,5,5,115.23899880191296,112.95567169730383,18
out_debug_unity_adh5_D_27_3_6_5_5_5_0.8569633285019598,5.0,0.8569633285019598,5,6,47.49338038847153,91.02898939843776,18
out_debug_unity_adh5_D_27_3_6_5_5_5_0.8569633285019598,5.0,0.8569633285019598,5,7,58.26718866798697,69.29810674182701,18
out_debug_unity_adh5_D_27_3_6_5_5_5_0.8569633285019598,5.0,0.8569633285019598,5,8,88.12084228085807,89.9822510359761,18
out_debug_unity_adh5_D_27_3_6_5_5_5_0.8569633285019598,5.0,0.8569633285019598,5,9,100.7530735940558,67.49899040394057,18
out_debug_unity_adh5_D_27_3_6_5_5_5_0.8569633285019598,5.0,0.8569633285019598,5,10,127.92635998183619,90.30855197939474,18
out_debug_unity_adh5_D_27_3_6_5_5_5_0.8569633285019598,5.0,0.8569633285019598,5,11,141.1562808348308,65.44479355885872,18
out_debug_unity_adh5_D_27_3_6_5_5_5_0.8569633285019598,5.0,0.8569633285019598,5,12,30.4045371646487,52.23202258817829,18
out_debug_unity_adh5_D_27_3_6_5_5_5_0.8569633285019598,5.0,0.8569633285019598,5,13,41.40154311067079,26.969350454144916,18
out_debug_unity_adh5_D_27_3_6_5_5_5_0.8569633285019598,5.0,0.8569633285019598,5,14,72.31201305840715,47.81623122223724,18
out_debug_unity_adh5_D_27_3_6_5_5_5_0.8569633285019598,5.0,0.8569633285019598,5,15,83.35401536442555,23.381314079926383,18
out_debug_unity_adh5_D_27_3_6_5_5_5_0.8569633285019598,5.0,0.8569633285019598,5,16,113.49652473418821,44.69547117666155,18
out_debug_unity_adh5_D_27_3_6_5_5_5_0.8569633285019598,5.0,0.8569633285019598,5,17,124.15655619034494,17.894143248126216,18
out_debug_unity_adh5_D_28_3_6_5_5_5_0.6448748824000496,5.0,0.6448748824000496,5,0,23.17481867157589,138.3568581050364,18
out_debug_unity_adh5_D_28_3_6_5_5_5_0.6448748824000496,5.0,0.6448748824000496,5,1,36.31172297195095,113.62538999853801,18
out_debug_unity_adh5_D_28_3_6_5_5_5_0.6448748824000496,5.0,0.6448748824000496,5,2,64.5199162587757,137.07589058907135,18
out_debug_unity_adh5_D_28_3_6_5_5_5_0.6448748824000496,5.0,0.6448748824000496,5,3,76.11779325039699,112.48913899415506,18
out_debug_unity_adh5_D_28_3_6_5_5_5_0.6448748824000496,5.0,0.6448748824000496,5,4,102.86360574916137,136.5825088554127,18
out_debug_unity_adh5_D_28_3_6_5_5_5_0.6448748824000496,5.0,0.6448748824000496,5,5,114.91410019499493,112.77987329556191,18
out_debug_unity_adh5_D_28_3_6_5_5_5_0.6448748824000496,5.0,0.6448748824000496,5,6,47.78574925182807,91.03396609681077,18
out_debug_unity_adh5_D_28_3_6_5_5_5_0.6448748824000496,5.0,0.6448748824000496,5,7,58.31147342935776,69.27147236440341,18
out_debug_unity_adh5_D_28_3_6_5_5_5_0.6448748824000496,5.0,0.6448748824000496,5,8,88.05092470324723,89.91270829907613,18
out_debug_unity_adh5_D_28_3_6_5_5_5_0.6448748824000496,5.0,0.6448748824000496,5,9,100.61193190916644,67.55174153955282,18
out_debug_unity_adh5_D_28_3_6_5_5_5_0.6448748824000496,5.0,0.6448748824000496,5,10,127.53034663457676,90.11929397689977,18
out_debug_unity_adh5_D_28_3_6_5_5_5_0.6448748824000496,5.0,0.6448748824000496,5,11,140.7284486320444,65.60819438533117,18
out_debug_unity_adh5_D_28_3_6_5_5_5_0.6448748824000496,5.0,0.6448748824000496,5,12,30.757202474994386,52.200581993326715,18
out_debug_unity_adh5_D_28_3_6_5_5_5_0.6448748824000496,5.0,0.6448748824000496,5,13,41.46355044283664,27.36924141749401,18
out_debug_unity_adh5_D_28_3_6_5_5_5_0.6448748824000496,5.0,0.6448748824000496,5,14,72.40347378943069,48.12396994873689,18
out_debug_unity_adh5_D_28_3_6_5_5_5_0.6448748824000496,5.0,0.6448748824000496,5,15,83.30366653845046,23.79377664505772,18
out_debug_unity_adh5_D_28_3_6_5_5_5_0.6448748824000496,5.0,0.6448748824000496,5,16,113.30895440043271,44.917157603153896,18
out_debug_unity_adh5_D_28_3_6_5_5_5_0.6448748824000496,5.0,0.6448748824000496,5,17,123.97490121747664,18.100155529245118,18
out_debug_unity_adh5_D_29_3_6_5_5_5_0.6174084576534971,5.0,0.6174084576534971,5,0,23.180498854666457,138.3277749282058,18
out_debug_unity_adh5_D_29_3_6_5_5_5_0.6174084576534971,5.0,0.6174084576534971,5,1,36.34961656630523,113.63605358890716,18
out_debug_unity_adh5_D_29_3_6_5_5_5_0.6174084576534971,5.0,0.6174084576534971,5,2,64.51651390553225,136.99868264256298,18
out_debug_unity_adh5_D_29_3_6_5_5_5_0.6174084576534971,5.0,0.6174084576534971,5,3,76.11775096880963,112.4843920192385,18
out_debug_unity_adh5_D_29_3_6_5_5_5_0.6174084576534971,5.0,0.6174084576534971,5,4,102.84565085988118,136.5216402735279,18
out_debug_unity_adh5_D_29_3_6_5_5_5_0.6174084576534971,5.0,0.6174084576534971,5,5,114.86482244257694,112.75513088669318,18
out_debug_unity_adh5_D_29_3_6_5_5_5_0.6174084576534971,5.0,0.6174084576534971,5,6,47.83209298515737,91.0359926372069,18
out_debug_unity_adh5_D_29_3_6_5_5_5_0.6174084576534971,5.0,0.6174084576534971,5,7,58.318522131012806,69.26677954615589,18
out_debug_unity_adh5_D_29_3_6_5_5_5_0.6174084576534971,5.0,0.6174084576534971,5,8,88.03733387692802,89.89994249293892,18
out_debug_unity_adh5_D_29_3_6_5_5_5_0.6174084576534971,5.0,0.6174084576534971,5,9,100.58976500177543,67.56033681818954,18
out_debug_unity_adh5_D_29_3_6_5_5_5_0.6174084576534971,5.0,0.6174084576534971,5,10,127.47386840142748,90.08722629503758,18
out_debug_unity_adh5_D_29_3_6_5_5_5_0.6174084576534971,5.0,0.6174084576534971,5,11,140.65872804252453,65.63281562397847,18
out_debug_unity_adh5_D_29_3_6_5_5_5_0.6174084576534971,5.0,0.6174084576534971,5,12,30.81163743609515,52.19394646192396,18
out_debug_unity_adh5_D_29_3_6_5_5_5_0.6174084576534971,5.0,0.6174084576534971,5,13,41.47027117736378,27.43193184392858,18
out_debug_unity_adh5_D_29_3_6_5_5_5_0.6174084576534971,5.0,0.6174084576534971,5,14,72.41393391345768,48.17165025203071,18
out_debug_unity_adh5_D_29_3_6_5_5_5_0.6174084576534971,5.0,0.6174084576534971,5,15,83.29546647092884,23.853970478324683,18
out_debug_unity_adh5_D_29_3_6_5_5_5_0.6174084576534971,5.0,0.6174084576534971,5,16,113.27663248653431,44.94685855588199,18
out_debug_unity_adh5_D_29_3_6_5_5_5_0.6174084576534971,5.0,0.6174084576534971,5,17,123.94269603766209,18.134060737168266,18
out_debug_unity_adh5_D_2_3_6_5_5_5_0.8927300116523647,5.0,0.8927300116523647,5,0,23.12898046296188,138.59298458718015,18
out_debug_unity_adh5_D_2_3_6_5_5_5_0.8927300116523647,5.0,0.8927300116523647,5,1,36.03283015070415,113.55286800418845,18
out_debug_unity_adh5_D_2_3_6_5_5_5_0.8927300116523647,5.0,0.8927300116523647,5,2,64.5387629213882,137.6498975020767,18
out_debug_unity_adh5_D_2_3_6_5_5_5_0.8927300116523647,5.0,0.8927300116523647,5,3,76.12421550365634,112.54753539156127,18
out_debug_unity_adh5_D_2_3_6_5_5_5_0.8927300116523647,5.0,0.8927300116523647,5,4,102.99709651217871,137.02573252523325,18
out_debug_unity_adh5_D_2_3_6_5_5_5_0.8927300116523647,5.0,0.8927300116523647,5,5,115.2858673879556,112.98220939640301,18
out_debug_unity_adh5_D_2_3_6_5_5_5_0.8927300116523647,5.0,0.8927300116523647,5,6,47.453133565102156,91.02752488870169,18
out_debug_unity_adh5_D_2_3_6_5_5_5_0.8927300116523647,5.0,0.8927300116523647,5,7,58.26130487124606,69.3020810372115,18
out_debug_unity_adh5_D_2_3_6_5_5_5_0.8927300116523647,5.0,0.8927300116523647,5,8,88.1283620700036,89.9903899930042,18
out_debug_unity_adh5_D_2_3_6_5_5_5_0.8927300116523647,5.0,0.8927300116523647,5,9,100.77321208335047,67.49207757520078,18
out_debug_unity_adh5_D_2_3_6_5_5_5_0.8927300116523647,5.0,0.8927300116523647,5,10,127.98608384292913,90.3332274742164,18
out_debug_unity_adh5_D_2_3_6_5_5_5_0.8927300116523647,5.0,0.8927300116523647,5,11,141.21307467633846,65.4205708063944,18
out_debug_unity_adh5_D_2_3_6_5_5_5_0.8927300116523647,5.0,0.8927300116523647,5,12,30.353075380595754,52.23582539791955,18
out_debug_unity_adh5_D_2_3_6_5_5_5_0.8927300116523647,5.0,0.8927300116523647,5,13,41.38906284081011,26.91217944992992,18
out_debug_unity_adh5_D_2_3_6_5_5_5_0.8927300116523647,5.0,0.8927300116523647,5,14,72.29714524053176,47.772741430042466,18
out_debug_unity_adh5_D_2_3_6_5_5_5_0.8927300116523647,5.0,0.8927300116523647,5,15,83.36111355426446,23.317603472636282,18
out_debug_unity_adh5_D_2_3_6_5_5_5_0.8927300116523647,5.0,0.8927300116523647,5,16,113.51971713005351,44.65938420432905,18
out_debug_unity_adh5_D_2_3_6_5_5_5_0.8927300116523647,5.0,0.8927300116523647,5,17,124.17749509105823,17.865414924494313,18
out_debug_unity_adh5_D_30_3_6_5_5_5_0.8962753995916808,5.0,0.8962753995916808,5,0,23.12884602392474,138.5961196634925,18
out_debug_unity_adh5_D_30_3_6_5_5_5_0.8962753995916808,5.0,0.8962753995916808,5,1,36.02959751390265,113.55218563343298,18
out_debug_unity_adh5_D_30_3_6_5_5_5_0.8962753995916808,5.0,0.8962753995916808,5,2,64.53889246597703,137.65683173724344,18
out_debug_unity_adh5_D_30_3_6_5_5_5_0.8962753995916808,5.0,0.8962753995916808,5,3,76.12441212621307,112.54849531292906,18
out_debug_unity_adh5_D_30_3_6_5_5_5_0.8962753995916808,5.0,0.8962753995916808,5,4,102.99865563313921,137.03081467091968,18
out_debug_unity_adh5_D_30_3_6_5_5_5_0.8962753995916808,5.0,0.8962753995916808,5,5,115.29030500984481,112.98461806896775,18
out_debug_unity_adh5_D_30_3_6_5_5_5_0.8962753995916808,5.0,0.8962753995916808,5,6,47.44943099398662,91.0273796352252,18
out_debug_unity_adh5_D_30_3_6_5_5_5_0.8962753995916808,5.0,0.8962753995916808,5,7,58.26090997001129,69.30238036405423,18
out_debug_unity_adh5_D_30_3_6_5_5_5_0.8962753995916808,5.0,0.8962753995916808,5,8,88.129113175716,89.99109917277961,18
out_debug_unity_adh5_D_30_3_6_5_5_5_0.8962753995916808,5.0,0.8962753995916808,5,9,100.77510719285753,67.49146666160674,18
out_debug_unity_adh5_D_30_3_6_5_5_5_0.8962753995916808,5.0,0.8962753995916808,5,10,127.99174357311396,90.33552406074504,18
out_debug_unity_adh5_D_30_3_6_5_5_5_0.8962753995916808,5.0,0.8962753995916808,5,11,141.21820761193632,65.41824402392136,18
out_debug_unity_adh5_D_30_3_6_5_5_5_0.8962753995916808,5.0,0.8962753995916808,5,12,30.348272152314888,52.2360090682009,18
out_debug_unity_adh5_D_30_3_6_5_5_5_0.8962753995916808,5.0,0.8962753995916808,5,13,41.38761811620976,26.90692518930993,18
out_debug_unity_adh5_D_30_3_6_5_5_5_0.8962753995916808,5.0,0.8962753995916808,5,14,72.29569598738259,47.76842871240546,18
out_debug_unity_adh5_D_30_3_6_5_5_5_0.8962753995916808,5.0,0.8962753995916808,5,15,83.36154592742082,23.31131923855088,18
out_debug_unity_adh5_D_30_3_6_5_5_5_0.8962753995916808,5.0,0.8962753995916808,5,16,113.52186622224337,44.65588217653484,18
out_debug_unity_adh5_D_30_3_6_5_5_5_0.8962753995916808,5.0,0.8962753995916808,5,17,124.1793691163154,17.86277655631177,18
out_debug_unity_adh5_D_31_3_6_5_5_5_0.8140214510347925,5.0,0.8140214510347925,5,0,23.144547328858092,138.52106077455662,18
out_debug_unity_adh5_D_31_3_6_5_5_5_0.8140214510347925,5.0,0.8140214510347925,5,1,36.11451169090113,113.57310788837754,18
out_debug_unity_adh5_D_31_3_6_5_5_5_0.8140214510347925,5.0,0.8140214510347925,5,2,64.53583356344274,137.4807148070785,18
out_debug_unity_adh5_D_31_3_6_5_5_5_0.8140214510347925,5.0,0.8140214510347925,5,3,76.12147893090368,112.5261431951998,18
out_debug_unity_adh5_D_31_3_6_5_5_5_0.8140214510347925,5.0,0.8140214510347925,5,4,102.95898868552958,136.8977604328741,18
out_debug_unity_adh5_D_31_3_6_5_5_5_0.8140214510347925,5.0,0.8140214510347925,5,5,115.17599572881177,112.920556409119,18
out_debug_unity_adh5_D_31_3_6_5_5_5_0.8140214510347925,5.0,0.8140214510347925,5,6,47.548171861089884,91.03035813179355,18
out_debug_unity_adh5_D_31_3_6_5_5_5_0.8140214510347925,5.0,0.8140214510347925,5,7,58.275427389285774,69.29341063856019,18
out_debug_unity_adh5_D_31_3_6_5_5_5_0.8140214510347925,5.0,0.8140214510347925,5,8,88.10996074945301,89.97067821887832,18
out_debug_unity_adh5_D_31_3_6_5_5_5_0.8140214510347925,5.0,0.8140214510347925,5,9,100.72655768631047,67.50850666479167,18
out_debug_unity_adh5_D_31_3_6_5_5_5_0.8140214510347925,5.0,0.8140214510347925,5,10,127.84824427619765,90.27419546031666,18
out_debug_unity_adh5_D_31_3_6_5_5_5_0.8140214510347925,5.0,0.8140214510347925,5,11,141.07779146440808,65.47590202351144,18
out_debug_unity_adh5_D_31_3_6_5_5_5_0.8140214510347925,5.0,0.8140214510347925,5,12,30.472730732121093,52.22663871324155,18
out_debug_unity_adh5_D_31_3_6_5_5_5_0.8140214510347925,5.0,0.8140214510347925,5,13,41.41605468940015,27.044743119852964,18
out_debug_unity_adh5_D_31_3_6_5_5_5_0.8140214510347925,5.0,0.8140214510347925,5,14,72.33106758850218,47.873312859270726,18
out_debug_unity_adh5_D_31_3_6_5_5_5_0.8140214510347925,5.0,0.8140214510347925,5,15,83.3444024193905,23.46274143307075,18
out_debug_unity_adh5_D_31_3_6_5_5_5_0.8140214510347925,5.0,0.8140214510347925,5,16,113.46303297067021,44.74039943036027,18
out_debug_unity_adh5_D_31_3_6_5_5_5_0.8140214510347925,5.0,0.8140214510347925,5,17,124.12383024595913,17.931820471606652,18
out_debug_unity_adh5_D_32_3_6_5_5_5_0.5868584354979942,5.0,0.5868584354979942,5,0,23.186892375662126,138.2939482391184,18
out_debug_unity_adh5_D_32_3_6_5_5_5_0.5868584354979942,5.0,0.5868584354979942,5,1,36.39436085764573,113.64978767935982,18
out_debug_unity_adh5_D_32_3_6_5_5_5_0.5868584354979942,5.0,0.5868584354979942,5,2,64.51182367350215,136.90977939864086,18
out_debug_unity_adh5_D_32_3_6_5_5_5_0.5868584354979942,5.0,0.5868584354979942,5,3,76.117906162967,112.47976572377216,18
out_debug_unity_adh5_D_32_3_6_5_5_5_0.5868584354979942,5.0,0.5868584354979942,5,4,102.82455682548084,136.45014353017731,18
out_debug_unity_adh5_D_32_3_6_5_5_5_0.5868584354979942,5.0,0.5868584354979942,5,5,114.8076746968453,112.72692177270368,18
out_debug_unity_adh5_D_32_3_6_5_5_5_0.5868584354979942,5.0,0.5868584354979942,5,6,47.886175479644606,91.0386559411392,18
out_debug_unity_adh5_D_32_3_6_5_5_5_0.5868584354979942,5.0,0.5868584354979942,5,7,58.326584074079385,69.26117992330593,18
out_debug_unity_adh5_D_32_3_6_5_5_5_0.5868584354979942,5.0,0.5868584354979942,5,8,88.02016753900966,89.88444499655249,18
out_debug_unity_adh5_D_32_3_6_5_5_5_0.5868584354979942,5.0,0.5868584354979942,5,9,100.56387066074234,67.57001835557298,18
out_debug_unity_adh5_D_32_3_6_5_5_5_0.5868584354979942,5.0,0.5868584354979942,5,10,127.4088462099365,90.04921281428018,18
out_debug_unity_adh5_D_32_3_6_5_5_5_0.5868584354979942,5.0,0.5868584354979942,5,11,140.57601449313918,65.66130276893749,18
out_debug_unity_adh5_D_32_3_6_5_5_5_0.5868584354979942,5.0,0.5868584354979942,5,12,30.876166959890625,52.18629493032626,18
out_debug_unity_adh5_D_32_3_6_5_5_5_0.5868584354979942,5.0,0.5868584354979942,5,13,41.47698424925591,27.505652139782924,18
out_debug_unity_adh5_D_32_3_6_5_5_5_0.5868584354979942,5.0,0.5868584354979942,5,14,72.42392036616025,48.22804968758647,18
out_debug_unity_adh5_D_32_3_6_5_5_5_0.5868584354979942,5.0,0.5868584354979942,5,15,83.28618208465622,23.92240095864618,18
out_debug_unity_adh5_D_32_3_6_5_5_5_0.5868584354979942,5.0,0.5868584354979942,5,16,113.23880694324423,44.980475212097566,18
out_debug_unity_adh5_D_32_3_6_5_5_5_0.5868584354979942,5.0,0.5868584354979942,5,17,123.90390400117614,18.17425731344814,18
out_debug_unity_adh5_D_33_3_6_5_5_5_0.49040414012168415,5.0,0.49040414012168415,5,0,23.205946654306533,138.18516858723032,18
out_debug_unity_adh5_D_33_3_6_5_5_5_0.49040414012168415,5.0,0.49040414012168415,5,1,36.542541601967436,113.69864315583679,18
out_debug_unity_adh5_D_33_3_6_5_5_5_0.49040414012168415,5.0,0.49040414012168415,5,2,64.49436106139383,136.60900538561654,18
out_debug_unity_adh5_D_33_3_6_5_5_5_0.49040414012168415,5.0,0.49040414012168415,5,3,76.11814720633423,112.47353164091152,18
out_debug_unity_adh5_D_33_3_6_5_5_5_0.49040414012168415,5.0,0.49040414012168415,5,4,102.75258587017487,136.20503598325982,18
out_debug_unity_adh5_D_33_3_6_5_5_5_0.49040414012168415,5.0,0.49040414012168415,5,5,114.62071864415071,112.64216487819355,18
out_debug_unity_adh5_D_33_3_6_5_5_5_0.49040414012168415,5.0,0.49040414012168415,5,6,48.06217335286056,91.05224545457304,18
out_debug_unity_adh5_D_33_3_6_5_5_5_0.49040414012168415,5.0,0.49040414012168415,5,7,58.351091223934866,69.24044578437166,18
out_debug_unity_adh5_D_33_3_6_5_5_5_0.49040414012168415,5.0,0.49040414012168415,5,8,87.94664009267649,89.82817870419619,18
out_debug_unity_adh5_D_33_3_6_5_5_5_0.49040414012168415,5.0,0.49040414012168415,5,9,100.47379744197328,67.60423551769067,18
out_debug_unity_adh5_D_33_3_6_5_5_5_0.49040414012168415,5.0,0.49040414012168415,5,10,127.20488726307464,89.91446411286302,18
out_debug_unity_adh5_D_33_3_6_5_5_5_0.49040414012168415,5.0,0.49040414012168415,5,11,140.29233429364453,65.75670943637056,18
out_debug_unity_adh5_D_33_3_6_5_5_5_0.49040414012168415,5.0,0.49040414012168415,5,12,31.092612183199652,52.15611014284939,18
out_debug_unity_adh5_D_33_3_6_5_5_5_0.49040414012168415,5.0,0.49040414012168415,5,13,41.49236388672595,27.758127887926662,18
out_debug_unity_adh5_D_33_3_6_5_5_5_0.49040414012168415,5.0,0.49040414012168415,5,14,72.4395904757105,48.422050500538724,18
out_debug_unity_adh5_D_33_3_6_5_5_5_0.49040414012168415,5.0,0.49040414012168415,5,15,83.25334428423226,24.148688601037264,18
out_debug_unity_adh5_D_33_3_6_5_5_5_0.49040414012168415,5.0,0.49040414012168415,5,16,113.10470479867406,45.084996278443406,18
out_debug_unity_adh5_D_33_3_6_5_5_5_0.49040414012168415,5.0,0.49040414012168415,5,17,123.76267056450747,18.317828855625084,18
out_debug_unity_adh5_D_34_3_6_5_5_5_0.7277855757414504,5.0,0.7277855757414504,5,0,23.158072446074684,138.4411721731831,18
out_debug_unity_adh5_D_34_3_6_5_5_5_0.7277855757414504,5.0,0.7277855757414504,5,1,36.20697612633118,113.59666119085507,18
out_debug_unity_adh5_D_34_3_6_5_5_5_0.7277855757414504,5.0,0.7277855757414504,5,2,64.52898625617001,137.28842133322527,18
out_debug_unity_adh5_D_34_3_6_5_5_5_0.7277855757414504,5.0,0.7277855757414504,5,3,76.11898737082332,112.5062268783072,18
out_debug_unity_adh5_D_34_3_6_5_5_5_0.7277855757414504,5.0,0.7277855757414504,5,4,102.91394904692838,136.7500140698924,18
out_debug_unity_adh5_D_34_3_6_5_5_5_0.7277855757414504,5.0,0.7277855757414504,5,5,115.05231670230705,112.85292518905113,18
out_debug_unity_adh5_D_34_3_6_5_5_5_0.7277855757414504,5.0,0.7277855757414504,5,6,47.65798496977671,91.0310595968614,18
out_debug_unity_adh5_D_34_3_6_5_5_5_0.7277855757414504,5.0,0.7277855757414504,5,7,58.29202808307298,69.28334840458551,18
out_debug_unity_adh5_D_34_3_6_5_5_5_0.7277855757414504,5.0,0.7277855757414504,5,8,88.08429571613073,89.94497623560903,18
out_debug_unity_adh5_D_34_3_6_5_5_5_0.7277855757414504,5.0,0.7277855757414504,5,9,100.67251676481112,67.5286054031938,18
out_debug_unity_adh5_D_34_3_6_5_5_5_0.7277855757414504,5.0,0.7277855757414504,5,10,127.6943688707679,90.20398449225662,18
out_debug_unity_adh5_D_34_3_6_5_5_5_0.7277855757414504,5.0,0.7277855757414504,5,11,140.9179608930625,65.53916305840852,18
out_debug_unity_adh5_D_34_3_6_5_5_5_0.7277855757414504,5.0,0.7277855757414504,5,12,30.606480152382925,52.21557440988949,18
out_debug_unity_adh5_D_34_3_6_5_5_5_0.7277855757414504,5.0,0.7277855757414504,5,13,41.44210412679034,27.19750212236285,18
out_debug_unity_adh5_D_34_3_6_5_5_5_0.7277855757414504,5.0,0.7277855757414504,5,14,72.36856655293097,47.99186295809869,18
out_debug_unity_adh5_D_34_3_6_5_5_5_0.7277855757414504,5.0,0.7277855757414504,5,15,83.32571778196105,23.623090966215205,18
out_debug_unity_adh5_D_34_3_6_5_5_5_0.7277855757414504,5.0,0.7277855757414504,5,16,113.39402855148192,44.828393044405026,18
out_debug_unity_adh5_D_34_3_6_5_5_5_0.7277855757414504,5.0,0.7277855757414504,5,17,124.05912792264321,18.009416457001603,18
out_debug_unity_adh5_D_35_3_6_5_5_5_0.985993287528691,5.0,0.985993287528691,5,0,23.122062045072582,138.66413809594403,18
out_debug_unity_adh5_D_35_3_6_5_5_5_0.985993287528691,5.0,0.985993287528691,5,1,35.963571001600236,113.53654016476163,18
out_debug_unity_adh5_D_35_3_6_5_5_5_0.985993287528691,5.0,0.985993287528691,5,2,64.53701785022464,137.80058154574195,18
out_debug_unity_adh5_D_35_3_6_5_5_5_0.985993287528691,5.0,0.985993287528691,5,3,76.13028301257147,112.57091177218872,18
out_debug_unity_adh5_D_35_3_6_5_5_5_0.985993287528691,5.0,0.985993287528691,5,4,103.0293130106182,137.13724781595076,18
out_debug_unity_adh5_D_35_3_6_5_5_5_0.985993287528691,5.0,0.985993287528691,5,5,115.38294985889304,113.03549042762101,18
out_debug_unity_adh5_D_35_3_6_5_5_5_0.985993287528691,5.0,0.985993287528691,5,6,47.375424707581836,91.02282857306442,18
out_debug_unity_adh5_D_35_3_6_5_5_5_0.985993287528691,5.0,0.985993287528691,5,7,58.25279918402803,69.31082762935193,18
out_debug_unity_adh5_D_35_3_6_5_5_5_0.985993287528691,5.0,0.985993287528691,5,8,88.13920705675282,90.00222407674971,18
out_debug_unity_adh5_D_35_3_6_5_5_5_0.985993287528691,5.0,0.985993287528691,5,9,100.81515794455872,67.47974784275316,18
out_debug_unity_adh5_D_35_3_6_5_5_5_0.985993287528691,5.0,0.985993287528691,5,10,128.11493932566597,90.37876445448431,18
out_debug_unity_adh5_D_35_3_6_5_5_5_0.985993287528691,5.0,0.985993287528691,5,11,141.3151625504781,65.36286285001066,18
out_debug_unity_adh5_D_35_3_6_5_5_5_0.985993287528691,5.0,0.985993287528691,5,12,30.248767327135624,52.241927113746414,18
out_debug_unity_adh5_D_35_3_6_5_5_5_0.985993287528691,5.0,0.985993287528691,5,13,41.35600754436073,26.791422936046843,18
out_debug_unity_adh5_D_35_3_6_5_5_5_0.985993287528691,5.0,0.985993287528691,5,14,72.26265536579038,47.67406044038277,18
out_debug_unity_adh5_D_35_3_6_5_5_5_0.985993287528691,5.0,0.985993287528691,5,15,83.37141622241943,23.17684633767489,18
out_debug_unity_adh5_D_35_3_6_5_5_5_0.985993287528691,5.0,0.985993287528691,5,16,113.56038307402714,44.57475131373345,18
out_debug_unity_adh5_D_35_3_6_5_5_5_0.985993287528691,5.0,0.985993287528691,5,17,124.20522991259342,17.808627951867223,18
out_debug_unity_adh5_D_36_3_6_5_5_5_1.110881824959817,5.0,1.110881824959817,5,0,23.10311079434743,138.75968979559448,18
out_debug_unity_adh5_D_36_3_6_5_5_5_1.110881824959817,5.0,1.110881824959817,5,1,35.86845486648719,113.51447947713949,18
out_debug_unity_adh5_D_36_3_6_5_5_5_1.110881824959817,5.0,1.110881824959817,5,2,64.52400945760208,138.00143349548443,18
out_debug_unity_adh5_D_36_3_6_5_5_5_1.110881824959817,5.0,1.110881824959817,5,3,76.13880833325531,112.61315087440032,18
out_debug_unity_adh5_D_36_3_6_5_5_5_1.110881824959817,5.0,1.110881824959817,5,4,103.06919163844087,137.2886461875886,18
out_debug_unity_adh5_D_36_3_6_5_5_5_1.110881824959817,5.0,1.110881824959817,5,5,115.51565183130543,113.10863968712617,18
out_debug_unity_adh5_D_36_3_6_5_5_5_1.110881824959817,5.0,1.110881824959817,5,6,47.26656846744291,91.00752022214631,18
out_debug_unity_adh5_D_36_3_6_5_5_5_1.110881824959817,5.0,1.110881824959817,5,7,58.240306755997835,69.32301635818517,18
out_debug_unity_adh5_D_36_3_6_5_5_5_1.110881824959817,5.0,1.110881824959817,5,8,88.14296778682558,90.01438032600062,18
out_debug_unity_adh5_D_36_3_6_5_5_5_1.110881824959817,5.0,1.110881824959817,5,9,100.86871189187328,67.46762807227888,18
out_debug_unity_adh5_D_36_3_6_5_5_5_1.110881824959817,5.0,1.110881824959817,5,10,128.28905211208942,90.43513878052806,18
out_debug_unity_adh5_D_36_3_6_5_5_5_1.110881824959817,5.0,1.110881824959817,5,11,141.44643241539038,65.2901576650874,18
out_debug_unity_adh5_D_36_3_6_5_5_5_1.110881824959817,5.0,1.110881824959817,5,12,30.10157131497804,52.25212459387952,18
out_debug_unity_adh5_D_36_3_6_5_5_5_1.110881824959817,5.0,1.110881824959817,5,13,41.30559319834351,26.630225891996346,18
out_debug_unity_adh5_D_36_3_6_5_5_5_1.110881824959817,5.0,1.110881824959817,5,14,72.2197377216525,47.54783696329759,18
out_debug_unity_adh5_D_36_3_6_5_5_5_1.110881824959817,5.0,1.110881824959817,5,15,83.3840762180507,22.981951156310846,18
out_debug_unity_adh5_D_36_3_6_5_5_5_1.110881824959817,5.0,1.110881824959817,5,16,113.61196844128001,44.458459247947076,18
out_debug_unity_adh5_D_36_3_6_5_5_5_1.110881824959817,5.0,1.110881824959817,5,17,124.23940361909136,17.732322869983843,18
out_debug_unity_adh5_D_37_3_6_5_5_5_0.4465864796865203,5.0,0.4465864796865203,5,0,23.211424274014234,138.1352894023361,18
out_debug_unity_adh5_D_37_3_6_5_5_5_0.4465864796865203,5.0,0.4465864796865203,5,1,36.61070518758259,113.72260328565686,18
out_debug_unity_adh5_D_37_3_6_5_5_5_0.4465864796865203,5.0,0.4465864796865203,5,2,64.48467844415119,136.46974706037398,18
out_debug_unity_adh5_D_37_3_6_5_5_5_0.4465864796865203,5.0,0.4465864796865203,5,3,76.1186375787938,112.476226017992,18
out_debug_unity_adh5_D_37_3_6_5_5_5_0.4465864796865203,5.0,0.4465864796865203,5,4,102.7182263930204,136.08917681476046,18
out_debug_unity_adh5_D_37_3_6_5_5_5_0.4465864796865203,5.0,0.4465864796865203,5,5,114.53789570738793,112.60940399135421,18
out_debug_unity_adh5_D_37_3_6_5_5_5_0.4465864796865203,5.0,0.4465864796865203,5,6,48.13792558386757,91.06143467160621,18
out_debug_unity_adh5_D_37_3_6_5_5_5_0.4465864796865203,5.0,0.4465864796865203,5,7,58.35866932687019,69.22992182803915,18
out_debug_unity_adh5_D_37_3_6_5_5_5_0.4465864796865203,5.0,0.4465864796865203,5,8,87.90206122446097,89.80034510009881,18
out_debug_unity_adh5_D_37_3_6_5_5_5_0.4465864796865203,5.0,0.4465864796865203,5,9,100.42940711718099,67.62187921791651,18
out_debug_unity_adh5_D_37_3_6_5_5_5_0.4465864796865203,5.0,0.4465864796865203,5,10,127.11781134434325,89.84906284223682,18
out_debug_unity_adh5_D_37_3_6_5_5_5_0.4465864796865203,5.0,0.4465864796865203,5,11,140.15834286080965,65.80179479569291,18
out_debug_unity_adh5_D_37_3_6_5_5_5_0.4465864796865203,5.0,0.4465864796865203,5,12,31.19324382179759,52.139540848636415,18
out_debug_unity_adh5_D_37_3_6_5_5_5_0.4465864796865203,5.0,0.4465864796865203,5,13,41.497624819438755,27.8794888638743,18
out_debug_unity_adh5_D_37_3_6_5_5_5_0.4465864796865203,5.0,0.4465864796865203,5,14,72.43515449342347,48.514421622228475,18
out_debug_unity_adh5_D_37_3_6_5_5_5_0.4465864796865203,5.0,0.4465864796865203,5,15,83.23678076864468,24.252265322678685,18
out_debug_unity_adh5_D_37_3_6_5_5_5_0.4465864796865203,5.0,0.4465864796865203,5,16,113.04267619631956,45.129511261825144,18
out_debug_unity_adh5_D_37_3_6_5_5_5_0.4465864796865203,5.0,0.4465864796865203,5,17,123.6928264079939,18.38995124379819,18
out_debug_unity_adh5_D_38_3_6_5_5_5_1.106100942538518,5.0,1.106100942538518,5,0,23.10373593780731,138.75642275896357,18
out_debug_unity_adh5_D_38_3_6_5_5_5_1.106100942538518,5.0,1.106100942538518,5,1,35.871380564919015,113.51514721247266,18
out_debug_unity_adh5_D_38_3_6_5_5_5_1.106100942538518,5.0,1.106100942538518,5,2,64.52470629692888,137.9950626646491,18
out_debug_unity_adh5_D_38_3_6_5_5_5_1.106100942538518,5.0,1.106100942538518,5,3,76.1384440802146,112.61149221727932,18
out_debug_unity_adh5_D_38_3_6_5_5_5_1.106100942538518,5.0,1.106100942538518,5,4,103.06800995479311,137.28378943456997,18
out_debug_unity_adh5_D_38_3_6_5_5_5_1.106100942538518,5.0,1.106100942538518,5,5,115.51153105812641,113.10643284713895,18
out_debug_unity_adh5_D_38_3_6_5_5_5_1.106100942538518,5.0,1.106100942538518,5,6,47.27016360305375,91.00834724640804,18
out_debug_unity_adh5_D_38_3_6_5_5_5_1.106100942538518,5.0,1.106100942538518,5,7,58.24050505144249,69.3226240978796,18
out_debug_unity_adh5_D_38_3_6_5_5_5_1.106100942538518,5.0,1.106100942538518,5,8,88.14309073755352,90.01429812772749,18
out_debug_unity_adh5_D_38_3_6_5_5_5_1.106100942538518,5.0,1.106100942538518,5,9,100.86702477448115,67.46790189524857,18
out_debug_unity_adh5_D_38_3_6_5_5_5_1.106100942538518,5.0,1.106100942538518,5,10,128.28358737915286,90.43370498150927,18
out_debug_unity_adh5_D_38_3_6_5_5_5_1.106100942538518,5.0,1.106100942538518,5,11,141.44297930383894,65.29266423953905,18
out_debug_unity_adh5_D_38_3_6_5_5_5_1.106100942538518,5.0,1.106100942538518,5,12,30.106349803578528,52.251757738079704,18
out_debug_unity_adh5_D_38_3_6_5_5_5_1.106100942538518,5.0,1.106100942538518,5,13,41.30764276124448,26.63545033936455,18
out_debug_unity_adh5_D_38_3_6_5_5_5_1.106100942538518,5.0,1.106100942538518,5,14,72.2212067157236,47.552168069983416,18
out_debug_unity_adh5_D_38_3_6_5_5_5_1.106100942538518,5.0,1.106100942538518,5,15,83.38396767639641,22.988639538587815,18
out_debug_unity_adh5_D_38_3_6_5_5_5_1.106100942538518,5.0,1.106100942538518,5,16,113.61075516409888,44.46269592944768,18
out_debug_unity_adh5_D_38_3_6_5_5_5_1.106100942538518,5.0,1.106100942538518,5,17,124.23947871011349,17.734493812240434,18
out_debug_unity_adh5_D_39_3_6_5_5_5_1.163775420827241,5.0,1.163775420827241,5,0,23.09991838806289,138.79286696182155,18
out_debug_unity_adh5_D_39_3_6_5_5_5_1.163775420827241,5.0,1.163775420827241,5,1,35.84206031132127,113.50786980090304,18
out_debug_unity_adh5_D_39_3_6_5_5_5_1.163775420827241,5.0,1.163775420827241,5,2,64.51337366723963,138.0611728866361,18
out_debug_unity_adh5_D_39_3_6_5_5_5_1.163775420827241,5.0,1.163775420827241,5,3,76.14466783214857,112.63038430094842,18
out_debug_unity_adh5_D_39_3_6_5_5_5_1.163775420827241,5.0,1.163775420827241,5,4,103.07838295743032,137.33404552220938,18
out_debug_unity_adh5_D_39_3_6_5_5_5_1.163775420827241,5.0,1.163775420827241,5,5,115.55229499477356,113.12688475535818,18
out_debug_unity_adh5_D_39_3_6_5_5_5_1.163775420827241,5.0,1.163775420827241,5,6,47.23460527566368,90.99755762301027,18
out_debug_unity_adh5_D_39_3_6_5_5_5_1.163775420827241,5.0,1.163775420827241,5,7,58.23844026901421,69.32883084862682,18
out_debug_unity_adh5_D_39_3_6_5_5_5_1.163775420827241,5.0,1.163775420827241,5,8,88.14049920392581,90.01294863813096,18
out_debug_unity_adh5_D_39_3_6_5_5_5_1.163775420827241,5.0,1.163775420827241,5,9,100.88398536112668,67.46665487147713,18
out_debug_unity_adh5_D_39_3_6_5_5_5_1.163775420827241,5.0,1.163775420827241,5,10,128.3434938315755,90.44694691638581,18
out_debug_unity_adh5_D_39_3_6_5_5_5_1.163775420827241,5.0,1.163775420827241,5,11,141.47345597815325,65.26389441142722,18
out_debug_unity_adh5_D_39_3_6_5_5_5_1.163775420827241,5.0,1.163775420827241,5,12,30.058243350116566,52.254873032713824,18
out_debug_unity_adh5_D_39_3_6_5_5_5_1.163775420827241,5.0,1.163775420827241,5,13,41.28507080609008,26.57843610948632,18
out_debug_unity_adh5_D_39_3_6_5_5_5_1.163775420827241,5.0,1.163775420827241,5,14,72.20612325542307,47.502631826249264,18
out_debug_unity_adh5_D_39_3_6_5_5_5_1.163775420827241,5.0,1.163775420827241,5,15,83.38302238001718,22.914912557950483,18
out_debug_unity_adh5_D_39_3_6_5_5_5_1.163775420827241,5.0,1.163775420827241,5,16,113.62035616339574,44.414045722829314,18
out_debug_unity_adh5_D_39_3_6_5_5_5_1.163775420827241,5.0,1.163775420827241,5,17,124.23580693178546,17.708945784770282,18
out_debug_unity_adh5_D_3_3_6_5_5_5_1.4119797824064197,5.0,1.4119797824064197,5,0,23.03900415636554,138.9587256662687,18
out_debug_unity_adh5_D_3_3_6_5_5_5_1.4119797824064197,5.0,1.4119797824064197,5,1,35.69151959479982,113.4763639590297,18
out_debug_unity_adh5_D_3_3_6_5_5_5_1.4119797824064197,5.0,1.4119797824064197,5,2,64.43449782802377,138.3601706030245,18
out_debug_unity_adh5_D_3_3_6_5_5_5_1.4119797824064197,5.0,1.4119797824064197,5,3,76.16933025592944,112.73606472506947,18
out_debug_unity_adh5_D_3_3_6_5_5_5_1.4119797824064197,5.0,1.4119797824064197,5,4,103.11976889010295,137.57562526976295,18
out_debug_unity_adh5_D_3_3_6_5_5_5_1.4119797824064197,5.0,1.4119797824064197,5,5,115.74393349913903,113.23445306429471,18
out_debug_unity_adh5_D_3_3_6_5_5_5_1.4119797824064197,5.0,1.4119797824064197,5,6,47.03549800677786,90.93224322590872,18
out_debug_unity_adh5_D_3_3_6_5_5_5_1.4119797824064197,5.0,1.4119797824064197,5,7,58.226845408947206,69.3595073973783,18
out_debug_unity_adh5_D_3_3_6_5_5_5_1.4119797824064197,5.0,1.4119797824064197,5,8,88.13953192846951,89.99788732593704,18
out_debug_unity_adh5_D_3_3_6_5_5_5_1.4119797824064197,5.0,1.4119797824064197,5,9,100.95964211939379,67.45835948742746,18
out_debug_unity_adh5_D_3_3_6_5_5_5_1.4119797824064197,5.0,1.4119797824064197,5,10,128.61190957535302,90.50821486112022,18
out_debug_unity_adh5_D_3_3_6_5_5_5_1.4119797824064197,5.0,1.4119797824064197,5,11,141.62233847190848,65.14428491266163,18
out_debug_unity_adh5_D_3_3_6_5_5_5_1.4119797824064197,5.0,1.4119797824064197,5,12,29.800797454792704,52.27344131256057,18
out_debug_unity_adh5_D_3_3_6_5_5_5_1.4119797824064197,5.0,1.4119797824064197,5,13,41.170446141213276,26.32086857924374,18
out_debug_unity_adh5_D_3_3_6_5_5_5_1.4119797824064197,5.0,1.4119797824064197,5,14,72.14515357550628,47.290805656496865,18
out_debug_unity_adh5_D_3_3_6_5_5_5_1.4119797824064197,5.0,1.4119797824064197,5,15,83.37359872673971,22.56811788340205,18
out_debug_unity_adh5_D_3_3_6_5_5_5_1.4119797824064197,5.0,1.4119797824064197,5,16,113.66946167143891,44.19657654793006,18
out_debug_unity_adh5_D_3_3_6_5_5_5_1.4119797824064197,5.0,1.4119797824064197,5,17,124.2226604062945,17.583285451984025,18
out_debug_unity_adh5_D_40_3_6_5_5_5_1.0183154002210189,5.0,1.0183154002210189,5,0,23.118615000483743,138.68871776174487,18
out_debug_unity_adh5_D_40_3_6_5_5_5_1.0183154002210189,5.0,1.0183154002210189,5,1,35.93952479254305,113.53041504108815,18
out_debug_unity_adh5_D_40_3_6_5_5_5_1.0183154002210189,5.0,1.0183154002210189,5,2,64.53449828167611,137.8530053136352,18
out_debug_unity_adh5_D_40_3_6_5_5_5_1.0183154002210189,5.0,1.0183154002210189,5,3,76.13259140469653,112.58044830387456,18
out_debug_unity_adh5_D_40_3_6_5_5_5_1.0183154002210189,5.0,1.0183154002210189,5,4,103.03995440268379,137.1763004806929,18
out_debug_unity_adh5_D_40_3_6_5_5_5_1.0183154002210189,5.0,1.0183154002210189,5,5,115.4170686339995,113.05432248414313,18
out_debug_unity_adh5_D_40_3_6_5_5_5_1.0183154002210189,5.0,1.0183154002210189,5,6,47.3481223374213,91.01977409929282,18
out_debug_unity_adh5_D_40_3_6_5_5_5_1.0183154002210189,5.0,1.0183154002210189,5,7,58.24987819344665,69.31356011932824,18
out_debug_unity_adh5_D_40_3_6_5_5_5_1.0183154002210189,5.0,1.0183154002210189,5,8,88.14172126148134,90.00595062678242,18
out_debug_unity_adh5_D_40_3_6_5_5_5_1.0183154002210189,5.0,1.0183154002210189,5,9,100.82937452678173,67.47604544580288,18
out_debug_unity_adh5_D_40_3_6_5_5_5_1.0183154002210189,5.0,1.0183154002210189,5,10,128.15928863715197,90.39335824618887,18
out_debug_unity_adh5_D_40_3_6_5_5_5_1.0183154002210189,5.0,1.0183154002210189,5,11,141.349574229632,65.34430165496374,18
out_debug_unity_adh5_D_40_3_6_5_5_5_1.0183154002210189,5.0,1.0183154002210189,5,12,30.21153209118764,52.24440388099657,18
out_debug_unity_adh5_D_40_3_6_5_5_5_1.0183154002210189,5.0,1.0183154002210189,5,13,41.343749355974545,26.749127095349166,18
out_debug_unity_adh5_D_40_3_6_5_5_5_1.0183154002210189,5.0,1.0183154002210189,5,14,72.25100200903768,47.640792269343024,18
out_debug_unity_adh5_D_40_3_6_5_5_5_1.0183154002210189,5.0,1.0183154002210189,5,15,83.37518403788955,23.12717122121363,18
out_debug_unity_adh5_D_40_3_6_5_5_5_1.0183154002210189,5.0,1.0183154002210189,5,16,113.57392405536581,44.54430200997462,18
out_debug_unity_adh5_D_40_3_6_5_5_5_1.0183154002210189,5.0,1.0183154002210189,5,17,124.21462678422779,17.78913697745888,18
out_debug_unity_adh5_D_41_3_6_5_5_5_0.7608084654294047,5.0,0.7608084654294047,5,0,23.152426480277608,138.47192592540088,18
out_debug_unity_adh5_D_41_3_6_5_5_5_0.7608084654294047,5.0,0.7608084654294047,5,1,36.17010069582835,113.58719151428294,18
out_debug_unity_adh5_D_41_3_6_5_5_5_0.7608084654294047,5.0,0.7608084654294047,5,2,64.53239511934892,137.36475076409167,18
out_debug_unity_adh5_D_41_3_6_5_5_5_0.7608084654294047,5.0,0.7608084654294047,5,3,76.12000116451146,112.5138079441839,18
out_debug_unity_adh5_D_41_3_6_5_5_5_0.7608084654294047,5.0,0.7608084654294047,5,4,102.93155526189362,136.80901664177588,18
out_debug_unity_adh5_D_41_3_6_5_5_5_0.7608084654294047,5.0,0.7608084654294047,5,5,115.10167999215618,112.87959273796616,18
out_debug_unity_adh5_D_41_3_6_5_5_5_0.7608084654294047,5.0,0.7608084654294047,5,6,47.61387641491311,91.03105837674521,18
out_debug_unity_adh5_D_41_3_6_5_5_5_0.7608084654294047,5.0,0.7608084654294047,5,7,58.285329808325734,69.28753534190895,18
out_debug_unity_adh5_D_41_3_6_5_5_5_0.7608084654294047,5.0,0.7608084654294047,5,8,88.09486053653133,89.95565945357588,18
out_debug_unity_adh5_D_41_3_6_5_5_5_0.7608084654294047,5.0,0.7608084654294047,5,9,100.69400502400408,67.52046096570787,18
out_debug_unity_adh5_D_41_3_6_5_5_5_0.7608084654294047,5.0,0.7608084654294047,5,10,127.75448394428194,90.23241877359789,18
out_debug_unity_adh5_D_41_3_6_5_5_5_0.7608084654294047,5.0,0.7608084654294047,5,11,140.98283168577328,65.51451684184595,18
out_debug_unity_adh5_D_41_3_6_5_5_5_0.7608084654294047,5.0,0.7608084654294047,5,12,30.553642929581926,52.22033540222474,18
out_debug_unity_adh5_D_41_3_6_5_5_5_0.7608084654294047,5.0,0.7608084654294047,5,13,41.43251901703259,27.136211596757658,18
out_debug_unity_adh5_D_41_3_6_5_5_5_0.7608084654294047,5.0,0.7608084654294047,5,14,72.35405384809162,47.94444453623439,18
out_debug_unity_adh5_D_41_3_6_5_5_5_0.7608084654294047,5.0,0.7608084654294047,5,15,83.3330620174572,23.560556428946686,18
out_debug_unity_adh5_D_41_3_6_5_5_5_0.7608084654294047,5.0,0.7608084654294047,5,16,113.42207659428185,44.794358194666046,18
out_debug_unity_adh5_D_41_3_6_5_5_5_0.7608084654294047,5.0,0.7608084654294047,5,17,124.08614545557248,17.978029724397867,18
out_debug_unity_adh5_D_42_3_6_5_5_5_1.3431670775973343,5.0,1.3431670775973343,5,0,23.057274149162613,138.92047570959565,18
out_debug_unity_adh5_D_42_3_6_5_5_5_1.3431670775973343,5.0,1.3431670775973343,5,1,35.72208874580411,113.48274501506107,18
out_debug_unity_adh5_D_42_3_6_5_5_5_1.3431670775973343,5.0,1.3431670775973343,5,2,64.4630247085379,138.29997237711171,18
out_debug_unity_adh5_D_42_3_6_5_5_5_1.3431670775973343,5.0,1.3431670775973343,5,3,76.16176933755354,112.70753759207604,18
out_debug_unity_adh5_D_42_3_6_5_5_5_1.3431670775973343,5.0,1.3431670775973343,5,4,103.11573028709616,137.522287956459,18
out_debug_unity_adh5_D_42_3_6_5_5_5_1.3431670775973343,5.0,1.3431670775973343,5,5,115.707300946094,113.2129118009392,18
out_debug_unity_adh5_D_42_3_6_5_5_5_1.3431670775973343,5.0,1.3431670775973343,5,6,47.080361149027624,90.95378945568854,18
out_debug_unity_adh5_D_42_3_6_5_5_5_1.3431670775973343,5.0,1.3431670775973343,5,7,58.226018294879225,69.35179400781219,18
out_debug_unity_adh5_D_42_3_6_5_5_5_1.3431670775973343,5.0,1.3431670775973343,5,8,88.13895366886662,90.00761007702543,18
out_debug_unity_adh5_D_42_3_6_5_5_5_1.3431670775973343,5.0,1.3431670775973343,5,9,100.94234105057171,67.45920988123255,18
out_debug_unity_adh5_D_42_3_6_5_5_5_1.3431670775973343,5.0,1.3431670775973343,5,10,128.55630187579018,90.50090510768585,18
out_debug_unity_adh5_D_42_3_6_5_5_5_1.3431670775973343,5.0,1.3431670775973343,5,11,141.6058706093995,65.17412295072468,18
out_debug_unity_adh5_D_42_3_6_5_5_5_1.3431670775973343,5.0,1.3431670775973343,5,12,29.859349368311612,52.269579374005275,18
out_debug_unity_adh5_D_42_3_6_5_5_5_1.3431670775973343,5.0,1.3431670775973343,5,13,41.20334378730323,26.378439430175302,18
out_debug_unity_adh5_D_42_3_6_5_5_5_1.3431670775973343,5.0,1.3431670775973343,5,14,72.15884377358901,47.34396195288786,18
out_debug_unity_adh5_D_42_3_6_5_5_5_1.3431670775973343,5.0,1.3431670775973343,5,15,83.38215953318647,22.651637432747776,18
out_debug_unity_adh5_D_42_3_6_5_5_5_1.3431670775973343,5.0,1.3431670775973343,5,16,113.66552143584904,44.25247056712241,18
out_debug_unity_adh5_D_42_3_6_5_5_5_1.3431670775973343,5.0,1.3431670775973343,5,17,124.24300913289714,17.611759927274576,18
out_debug_unity_adh5_D_43_3_6_5_5_5_1.2406416016786277,5.0,1.2406416016786277,5,0,23.08701098135219,138.84523697542045,18
out_debug_unity_adh5_D_43_3_6_5_5_5_1.2406416016786277,5.0,1.2406416016786277,5,1,35.79534577199417,113.49732668621175,18
out_debug_unity_adh5_D_43_3_6_5_5_5_1.2406416016786277,5.0,1.2406416016786277,5,2,64.49460716775583,138.15845443655823,18
out_debug_unity_adh5_D_43_3_6_5_5_5_1.2406416016786277,5.0,1.2406416016786277,5,3,76.15268059667743,112.66042319437467,18
out_debug_unity_adh5_D_43_3_6_5_5_5_1.2406416016786277,5.0,1.2406416016786277,5,4,103.09412205423712,137.41002304012238,18
out_debug_unity_adh5_D_43_3_6_5_5_5_1.2406416016786277,5.0,1.2406416016786277,5,5,115.61516960177057,113.16016097331145,18
out_debug_unity_adh5_D_43_3_6_5_5_5_1.2406416016786277,5.0,1.2406416016786277,5,6,47.1752198678073,90.98050195946347,18
out_debug_unity_adh5_D_43_3_6_5_5_5_1.2406416016786277,5.0,1.2406416016786277,5,7,58.233389140525496,69.33886484511008,18
out_debug_unity_adh5_D_43_3_6_5_5_5_1.2406416016786277,5.0,1.2406416016786277,5,8,88.13773615000088,90.01086773930241,18
out_debug_unity_adh5_D_43_3_6_5_5_5_1.2406416016786277,5.0,1.2406416016786277,5,9,100.90785688459323,67.46394659837819,18
out_debug_unity_adh5_D_43_3_6_5_5_5_1.2406416016786277,5.0,1.2406416016786277,5,10,128.43109496871307,90.46813138611144,18
out_debug_unity_adh5_D_43_3_6_5_5_5_1.2406416016786277,5.0,1.2406416016786277,5,11,141.52423571057605,65.22493689906173,18
out_debug_unity_adh5_D_43_3_6_5_5_5_1.2406416016786277,5.0,1.2406416016786277,5,12,29.980770065529963,52.26056787468863,18
out_debug_unity_adh5_D_43_3_6_5_5_5_1.2406416016786277,5.0,1.2406416016786277,5,13,41.25231509267794,26.496112283168078,18
out_debug_unity_adh5_D_43_3_6_5_5_5_1.2406416016786277,5.0,1.2406416016786277,5,14,72.18589635473056,47.43552879239001,18
out_debug_unity_adh5_D_43_3_6_5_5_5_1.2406416016786277,5.0,1.2406416016786277,5,15,83.38252918751749,22.80774680886938,18
out_debug_unity_adh5_D_43_3_6_5_5_5_1.2406416016786277,5.0,1.2406416016786277,5,16,113.63755434367306,44.34665532512751,18
out_debug_unity_adh5_D_43_3_6_5_5_5_1.2406416016786277,5.0,1.2406416016786277,5,17,124.23651188714933,17.670616047195235,18
out_debug_unity_adh5_D_44_3_6_5_5_5_0.9491715999683648,5.0,0.9491715999683648,5,0,23.122725290042492,138.6382873874015,18
out_debug_unity_adh5_D_44_3_6_5_5_5_0.9491715999683648,5.0,0.9491715999683648,5,1,35.9867302046522,113.54203467239834,18
out_debug_unity_adh5_D_44_3_6_5_5_5_0.9491715999683648,5.0,0.9491715999683648,5,2,64.53837597607803,137.74873112219018,18
out_debug_unity_adh5_D_44_3_6_5_5_5_0.9491715999683648,5.0,0.9491715999683648,5,3,76.12729109911568,112.56204267054551,18
out_debug_unity_adh5_D_44_3_6_5_5_5_0.9491715999683648,5.0,0.9491715999683648,5,4,103.01890275829196,137.0994365386144,18
out_debug_unity_adh5_D_44_3_6_5_5_5_0.9491715999683648,5.0,0.9491715999683648,5,5,115.34969520798427,113.01745613373605,18
out_debug_unity_adh5_D_44_3_6_5_5_5_0.9491715999683648,5.0,0.9491715999683648,5,6,47.401545748909065,91.02537687724852,18
out_debug_unity_adh5_D_44_3_6_5_5_5_0.9491715999683648,5.0,0.9491715999683648,5,7,58.25499251263318,69.30759446695039,18
out_debug_unity_adh5_D_44_3_6_5_5_5_0.9491715999683648,5.0,0.9491715999683648,5,8,88.13672120889866,89.99951659077176,18
out_debug_unity_adh5_D_44_3_6_5_5_5_0.9491715999683648,5.0,0.9491715999683648,5,9,100.80027116176988,67.48362690856182,18
out_debug_unity_adh5_D_44_3_6_5_5_5_0.9491715999683648,5.0,0.9491715999683648,5,10,128.06942015989,90.36416541468373,18
out_debug_unity_adh5_D_44_3_6_5_5_5_0.9491715999683648,5.0,0.9491715999683648,5,11,141.2839617630138,65.38468095527391,18
out_debug_unity_adh5_D_44_3_6_5_5_5_0.9491715999683648,5.0,0.9491715999683648,5,12,30.284001348302585,52.24025033756598,18
out_debug_unity_adh5_D_44_3_6_5_5_5_0.9491715999683648,5.0,0.9491715999683648,5,13,41.36873752927979,26.833361516086374,18
out_debug_unity_adh5_D_44_3_6_5_5_5_0.9491715999683648,5.0,0.9491715999683648,5,14,72.27545185925943,47.71045167254218,18
out_debug_unity_adh5_D_44_3_6_5_5_5_0.9491715999683648,5.0,0.9491715999683648,5,15,83.36885652595878,23.22737734170515,18
out_debug_unity_adh5_D_44_3_6_5_5_5_0.9491715999683648,5.0,0.9491715999683648,5,16,113.54807849669788,44.60597525170484,18
out_debug_unity_adh5_D_44_3_6_5_5_5_0.9491715999683648,5.0,0.9491715999683648,5,17,124.200081438692,17.828056007136425,18
out_debug_unity_adh5_D_45_3_6_5_5_5_1.2832257009605688,5.0,1.2832257009605688,5,0,23.074134935727233,138.87797359941288,18
out_debug_unity_adh5_D_45_3_6_5_5_5_1.2832257009605688,5.0,1.2832257009605688,5,1,35.76137997947853,113.48988080291139,18
out_debug_unity_adh5_D_45_3_6_5_5_5_1.2832257009605688,5.0,1.2832257009605688,5,2,64.48260145327997,138.22367491568107,18
out_debug_unity_adh5_D_45_3_6_5_5_5_1.2832257009605688,5.0,1.2832257009605688,5,3,76.1558522342264,112.68040692121154,18
out_debug_unity_adh5_D_45_3_6_5_5_5_1.2832257009605688,5.0,1.2832257009605688,5,4,103.10509113211162,137.46124282174478,18
out_debug_unity_adh5_D_45_3_6_5_5_5_1.2832257009605688,5.0,1.2832257009605688,5,5,115.6587628713544,113.18531338543978,18
out_debug_unity_adh5_D_45_3_6_5_5_5_1.2832257009605688,5.0,1.2832257009605688,5,6,47.13251546742986,90.97042153961404,18
out_debug_unity_adh5_D_45_3_6_5_5_5_1.2832257009605688,5.0,1.2832257009605688,5,7,58.22947971550068,69.34426164546642,18
out_debug_unity_adh5_D_45_3_6_5_5_5_1.2832257009605688,5.0,1.2832257009605688,5,8,88.13804237263018,90.01122973219367,18
out_debug_unity_adh5_D_45_3_6_5_5_5_1.2832257009605688,5.0,1.2832257009605688,5,9,100.92383019924254,67.4613246374878,18
out_debug_unity_adh5_D_45_3_6_5_5_5_1.2832257009605688,5.0,1.2832257009605688,5,10,128.488496563307,90.48477660950488,18
out_debug_unity_adh5_D_45_3_6_5_5_5_1.2832257009605688,5.0,1.2832257009605688,5,11,141.5659140988903,65.20268786465378,18
out_debug_unity_adh5_D_45_3_6_5_5_5_1.2832257009605688,5.0,1.2832257009605688,5,12,29.925963001866023,52.26532482140414,18
out_debug_unity_adh5_D_45_3_6_5_5_5_1.2832257009605688,5.0,1.2832257009605688,5,13,41.2312372815142,26.443060551970675,18
out_debug_unity_adh5_D_45_3_6_5_5_5_1.2832257009605688,5.0,1.2832257009605688,5,14,72.1736792906435,47.395722299907526,18
out_debug_unity_adh5_D_45_3_6_5_5_5_1.2832257009605688,5.0,1.2832257009605688,5,15,83.38412259555302,22.738672116578584,18
out_debug_unity_adh5_D_45_3_6_5_5_5_1.2832257009605688,5.0,1.2832257009605688,5,16,113.65190994614672,44.30621730735199,18
out_debug_unity_adh5_D_45_3_6_5_5_5_1.2832257009605688,5.0,1.2832257009605688,5,17,124.24382566085332,17.64377798768881,18
out_debug_unity_adh5_D_46_3_6_5_5_5_0.684977337408167,5.0,0.684977337408167,5,0,23.166464671452065,138.3984208645254,18
out_debug_unity_adh5_D_46_3_6_5_5_5_0.684977337408167,5.0,0.684977337408167,5,1,36.25924184230909,113.61090570848627,18
out_debug_unity_adh5_D_46_3_6_5_5_5_0.684977337408167,5.0,0.684977337408167,5,2,64.52511273443126,137.18269211776803,18
out_debug_unity_adh5_D_46_3_6_5_5_5_0.684977337408167,5.0,0.684977337408167,5,3,76.11847147714239,112.4971977328341,18
out_debug_unity_adh5_D_46_3_6_5_5_5_0.684977337408167,5.0,0.684977337408167,5,4,102.88889895167013,136.66699146077426,18
out_debug_unity_adh5_D_46_3_6_5_5_5_0.684977337408167,5.0,0.684977337408167,5,5,114.98320521456604,112.81611253873102,18
out_debug_unity_adh5_D_46_3_6_5_5_5_0.684977337408167,5.0,0.684977337408167,5,6,47.72140984531265,91.03202820000438,18
out_debug_unity_adh5_D_46_3_6_5_5_5_0.684977337408167,5.0,0.684977337408167,5,7,58.301670756775046,69.2776251754885,18
out_debug_unity_adh5_D_46_3_6_5_5_5_0.684977337408167,5.0,0.684977337408167,5,8,88.0682468121595,89.92939038271241,18
out_debug_unity_adh5_D_46_3_6_5_5_5_0.684977337408167,5.0,0.684977337408167,5,9,100.64237688270809,67.54012427704787,18
out_debug_unity_adh5_D_46_3_6_5_5_5_0.684977337408167,5.0,0.684977337408167,5,10,127.61156690752766,90.16229893910015,18
out_debug_unity_adh5_D_46_3_6_5_5_5_0.684977337408167,5.0,0.684977337408167,5,11,140.82438308471828,65.57413864491504,18
out_debug_unity_adh5_D_46_3_6_5_5_5_0.684977337408167,5.0,0.684977337408167,5,12,30.68164232493807,52.20877499088826,18
out_debug_unity_adh5_D_46_3_6_5_5_5_0.684977337408167,5.0,0.684977337408167,5,13,41.453701004175365,27.283395128304292,18
out_debug_unity_adh5_D_46_3_6_5_5_5_0.684977337408167,5.0,0.684977337408167,5,14,72.38698167244367,48.0575942253895,18
out_debug_unity_adh5_D_46_3_6_5_5_5_0.684977337408167,5.0,0.684977337408167,5,15,83.31461811427697,23.709261353036442,18
out_debug_unity_adh5_D_46_3_6_5_5_5_0.684977337408167,5.0,0.684977337408167,5,16,113.35247490035187,44.873595535150855,18
out_debug_unity_adh5_D_46_3_6_5_5_5_0.684977337408167,5.0,0.684977337408167,5,17,124.01861340565445,18.05390673153338,18
out_debug_unity_adh5_D_47_3_6_5_5_5_1.295909193001669,5.0,1.295909193001669,5,0,23.070402259322975,138.88732634622573,18
out_debug_unity_adh5_D_47_3_6_5_5_5_1.295909193001669,5.0,1.295909193001669,5,1,35.75217581683288,113.48810426692285,18
out_debug_unity_adh5_D_47_3_6_5_5_5_1.295909193001669,5.0,1.295909193001669,5,2,64.47872827763683,138.24161922801585,18
out_debug_unity_adh5_D_47_3_6_5_5_5_1.295909193001669,5.0,1.295909193001669,5,3,76.15691937567605,112.68632847273602,18
out_debug_unity_adh5_D_47_3_6_5_5_5_1.295909193001669,5.0,1.295909193001669,5,4,103.10793628969002,137.4756107557664,18
out_debug_unity_adh5_D_47_3_6_5_5_5_1.295909193001669,5.0,1.295909193001669,5,5,115.67006560042331,113.19187507860806,18
out_debug_unity_adh5_D_47_3_6_5_5_5_1.295909193001669,5.0,1.295909193001669,5,6,47.120696830805194,90.96707006991153,18
out_debug_unity_adh5_D_47_3_6_5_5_5_1.295909193001669,5.0,1.295909193001669,5,7,58.22857639247218,69.34587204309116,18
out_debug_unity_adh5_D_47_3_6_5_5_5_1.295909193001669,5.0,1.295909193001669,5,8,88.13794451025457,90.01095701108784,18
out_debug_unity_adh5_D_47_3_6_5_5_5_1.295909193001669,5.0,1.295909193001669,5,9,100.92814140422793,67.46077177258552,18
out_debug_unity_adh5_D_47_3_6_5_5_5_1.295909193001669,5.0,1.295909193001669,5,10,128.5040491155802,90.48887597785388,18
out_debug_unity_adh5_D_47_3_6_5_5_5_1.295909193001669,5.0,1.295909193001669,5,11,141.576197193276,65.19661677655616,18
out_debug_unity_adh5_D_47_3_6_5_5_5_1.295909193001669,5.0,1.295909193001669,5,12,29.910619514487692,52.265898350603806,18
out_debug_unity_adh5_D_47_3_6_5_5_5_1.295909193001669,5.0,1.295909193001669,5,13,41.225234999306075,26.428582249496188,18
out_debug_unity_adh5_D_47_3_6_5_5_5_1.295909193001669,5.0,1.295909193001669,5,14,72.17032483923727,47.38436055722766,18
out_debug_unity_adh5_D_47_3_6_5_5_5_1.295909193001669,5.0,1.295909193001669,5,15,83.3841488611604,22.719307741201984,18
out_debug_unity_adh5_D_47_3_6_5_5_5_1.295909193001669,5.0,1.295909193001669,5,16,113.65545944806011,44.29466074812522,18
out_debug_unity_adh5_D_47_3_6_5_5_5_1.295909193001669,5.0,1.295909193001669,5,17,124.24518812096112,17.636362760733842,18
out_debug_unity_adh5_D_48_3_6_5_5_5_0.5989698262131917,5.0,0.5989698262131917,5,0,23.184222466804204,138.30767751402996,18
out_debug_unity_adh5_D_48_3_6_5_5_5_0.5989698262131917,5.0,0.5989698262131917,5,1,36.37623346475758,113.64440235675795,18
out_debug_unity_adh5_D_48_3_6_5_5_5_0.5989698262131917,5.0,0.5989698262131917,5,2,64.5137796643682,136.94618566221322,18
out_debug_unity_adh5_D_48_3_6_5_5_5_0.5989698262131917,5.0,0.5989698262131917,5,3,76.11766526941102,112.4814666006576,18
out_debug_unity_adh5_D_48_3_6_5_5_5_0.5989698262131917,5.0,0.5989698262131917,5,4,102.83309566598076,136.47921690173544,18
out_debug_unity_adh5_D_48_3_6_5_5_5_0.5989698262131917,5.0,0.5989698262131917,5,5,114.83106325149129,112.73832366241159,18
out_debug_unity_adh5_D_48_3_6_5_5_5_0.5989698262131917,5.0,0.5989698262131917,5,6,47.864001934666994,91.03721332190544,18
out_debug_unity_adh5_D_48_3_6_5_5_5_0.5989698262131917,5.0,0.5989698262131917,5,7,58.32324420474762,69.26331775393128,18
out_debug_unity_adh5_D_48_3_6_5_5_5_0.5989698262131917,5.0,0.5989698262131917,5,8,88.02709953939923,89.89106771453554,18
out_debug_unity_adh5_D_48_3_6_5_5_5_0.5989698262131917,5.0,0.5989698262131917,5,9,100.57440752622618,67.56622360449362,18
out_debug_unity_adh5_D_48_3_6_5_5_5_0.5989698262131917,5.0,0.5989698262131917,5,10,127.43537382927434,90.06483742269837,18
out_debug_unity_adh5_D_48_3_6_5_5_5_0.5989698262131917,5.0,0.5989698262131917,5,11,140.60974897459587,65.64994501224339,18
out_debug_unity_adh5_D_48_3_6_5_5_5_0.5989698262131917,5.0,0.5989698262131917,5,12,30.849664849720824,52.1899293930008,18
out_debug_unity_adh5_D_48_3_6_5_5_5_0.5989698262131917,5.0,0.5989698262131917,5,13,41.47444473152331,27.47526489519123,18
out_debug_unity_adh5_D_48_3_6_5_5_5_0.5989698262131917,5.0,0.5989698262131917,5,14,72.42040344149359,48.20504111648362,18
out_debug_unity_adh5_D_48_3_6_5_5_5_0.5989698262131917,5.0,0.5989698262131917,5,15,83.28990311806712,23.894899511332124,18
out_debug_unity_adh5_D_48_3_6_5_5_5_0.5989698262131917,5.0,0.5989698262131917,5,16,113.25448248323602,44.96709320447346,18
out_debug_unity_adh5_D_48_3_6_5_5_5_0.5989698262131917,5.0,0.5989698262131917,5,17,123.92013166670034,18.157954158242866,18
out_debug_unity_adh5_D_49_3_6_5_5_5_0.9202565924845427,5.0,0.9202565924845427,5,0,23.12566343197386,138.61541141180405,18
out_debug_unity_adh5_D_49_3_6_5_5_5_0.9202565924845427,5.0,0.9202565924845427,5,1,36.008504684203764,113.54737952603261,18
out_debug_unity_adh5_D_49_3_6_5_5_5_0.9202565924845427,5.0,0.9202565924845427,5,2,64.53928014090913,137.70052867788385,18
out_debug_unity_adh5_D_49_3_6_5_5_5_0.9202565924845427,5.0,0.9202565924845427,5,3,76.1255528779116,112.55478776775031,18
out_debug_unity_adh5_D_49_3_6_5_5_5_0.9202565924845427,5.0,0.9202565924845427,5,4,103.0085576841132,137.0633231384602,18
out_debug_unity_adh5_D_49_3_6_5_5_5_0.9202565924845427,5.0,0.9202565924845427,5,5,115.31875683553251,113.0002085724794,18
out_debug_unity_adh5_D_49_3_6_5_5_5_0.9202565924845427,5.0,0.9202565924845427,5,6,47.42603918239204,91.0264742576473,18
out_debug_unity_adh5_D_49_3_6_5_5_5_0.9202565924845427,5.0,0.9202565924845427,5,7,58.25808542056692,69.30480494579068,18
out_debug_unity_adh5_D_49_3_6_5_5_5_0.9202565924845427,5.0,0.9202565924845427,5,8,88.13287877223958,89.99557320048086,18
out_debug_unity_adh5_D_49_3_6_5_5_5_0.9202565924845427,5.0,0.9202565924845427,5,9,100.78719082528424,67.48757803374112,18
out_debug_unity_adh5_D_49_3_6_5_5_5_0.9202565924845427,5.0,0.9202565924845427,5,10,128.0286128323897,90.34966355176998,18
out_debug_unity_adh5_D_49_3_6_5_5_5_0.9202565924845427,5.0,0.9202565924845427,5,11,141.25077610576614,65.40231223927752,18
out_debug_unity_adh5_D_49_3_6_5_5_5_0.9202565924845427,5.0,0.9202565924845427,5,12,30.31742669596815,52.23831409898676,18
out_debug_unity_adh5_D_49_3_6_5_5_5_0.9202565924845427,5.0,0.9202565924845427,5,13,41.379025430225305,26.87222775187369,18
out_debug_unity_adh5_D_49_3_6_5_5_5_0.9202565924845427,5.0,0.9202565924845427,5,14,72.28616958130293,47.74120132861743,18
out_debug_unity_adh5_D_49_3_6_5_5_5_0.9202565924845427,5.0,0.9202565924845427,5,15,83.36486685961107,23.271510613903498,18
out_debug_unity_adh5_D_49_3_6_5_5_5_0.9202565924845427,5.0,0.9202565924845427,5,16,113.53494621533515,44.63279648376453,18
out_debug_unity_adh5_D_49_3_6_5_5_5_0.9202565924845427,5.0,0.9202565924845427,5,17,124.1900245958302,17.846245482457082,18
out_debug_unity_adh5_D_4_3_6_5_5_5_0.9769888161839331,5.0,0.9769888161839331,5,0,23.12226687570624,138.65807888873414,18
out_debug_unity_adh5_D_4_3_6_5_5_5_0.9769888161839331,5.0,0.9769888161839331,5,1,35.96857193802157,113.53781343071712,18
out_debug_unity_adh5_D_4_3_6_5_5_5_0.9769888161839331,5.0,0.9769888161839331,5,2,64.5375290069469,137.78895879775524,18
out_debug_unity_adh5_D_4_3_6_5_5_5_0.9769888161839331,5.0,0.9769888161839331,5,3,76.12939264489204,112.56882128499382,18
out_debug_unity_adh5_D_4_3_6_5_5_5_0.9769888161839331,5.0,0.9769888161839331,5,4,103.02709080269982,137.1287368091122,18
out_debug_unity_adh5_D_4_3_6_5_5_5_0.9769888161839331,5.0,0.9769888161839331,5,5,115.37562518761855,113.0313250279123,18
out_debug_unity_adh5_D_4_3_6_5_5_5_0.9769888161839331,5.0,0.9769888161839331,5,6,47.38105249232456,91.02336626389858,18
out_debug_unity_adh5_D_4_3_6_5_5_5_0.9769888161839331,5.0,0.9769888161839331,5,7,58.25316996411937,69.31005461012776,18
out_debug_unity_adh5_D_4_3_6_5_5_5_0.9769888161839331,5.0,0.9769888161839331,5,8,88.13871136810506,90.00182340949299,18
out_debug_unity_adh5_D_4_3_6_5_5_5_0.9769888161839331,5.0,0.9769888161839331,5,9,100.81167453378366,67.48061875999856,18
out_debug_unity_adh5_D_4_3_6_5_5_5_0.9769888161839331,5.0,0.9769888161839331,5,10,128.10460691381712,90.37577453883466,18
out_debug_unity_adh5_D_4_3_6_5_5_5_0.9769888161839331,5.0,0.9769888161839331,5,11,141.3086912564077,65.36815586657752,18
out_debug_unity_adh5_D_4_3_6_5_5_5_0.9769888161839331,5.0,0.9769888161839331,5,12,30.256503877681805,52.24164654007965,18
out_debug_unity_adh5_D_4_3_6_5_5_5_0.9769888161839331,5.0,0.9769888161839331,5,13,41.35906411125269,26.80100082009774,18
out_debug_unity_adh5_D_4_3_6_5_5_5_0.9769888161839331,5.0,0.9769888161839331,5,14,72.26570460072982,47.682825319436546,18
out_debug_unity_adh5_D_4_3_6_5_5_5_0.9769888161839331,5.0,0.9769888161839331,5,15,83.37117340022566,23.18830784978701,18
out_debug_unity_adh5_D_4_3_6_5_5_5_0.9769888161839331,5.0,0.9769888161839331,5,16,113.55796832924382,44.58229162071006,18
out_debug_unity_adh5_D_4_3_6_5_5_5_0.9769888161839331,5.0,0.9769888161839331,5,17,124.20470152080134,17.812985105774228,18
out_debug_unity_adh5_D_50_3_6_5_5_5_0.7113428206348664,5.0,0.7113428206348664,5,0,23.160947594480987,138.42497082940483,18
out_debug_unity_adh5_D_50_3_6_5_5_5_0.7113428206348664,5.0,0.7113428206348664,5,1,36.22614298065567,113.60195915300896,18
out_debug_unity_adh5_D_50_3_6_5_5_5_0.7113428206348664,5.0,0.7113428206348664,5,2,64.52771065052745,137.2489079894893,18
out_debug_unity_adh5_D_50_3_6_5_5_5_0.7113428206348664,5.0,0.7113428206348664,5,3,76.11863044345104,112.5027137012247,18
out_debug_unity_adh5_D_50_3_6_5_5_5_0.7113428206348664,5.0,0.7113428206348664,5,4,102.90443282882507,136.71899227342365,18
out_debug_unity_adh5_D_50_3_6_5_5_5_0.7113428206348664,5.0,0.7113428206348664,5,5,115.02660863964387,112.8389329498096,18
out_debug_unity_adh5_D_50_3_6_5_5_5_0.7113428206348664,5.0,0.7113428206348664,5,6,47.681430624903605,91.03147288538601,18
out_debug_unity_adh5_D_50_3_6_5_5_5_0.7113428206348664,5.0,0.7113428206348664,5,7,58.29561846257576,69.28133331383651,18
out_debug_unity_adh5_D_50_3_6_5_5_5_0.7113428206348664,5.0,0.7113428206348664,5,8,88.0784772830098,89.93928922961373,18
out_debug_unity_adh5_D_50_3_6_5_5_5_0.7113428206348664,5.0,0.7113428206348664,5,9,100.66116718516948,67.5328957771835,18
out_debug_unity_adh5_D_50_3_6_5_5_5_0.7113428206348664,5.0,0.7113428206348664,5,10,127.66298349557438,90.1883312835019,18
out_debug_unity_adh5_D_50_3_6_5_5_5_0.7113428206348664,5.0,0.7113428206348664,5,11,140.88304186951962,65.55261883570869,18
out_debug_unity_adh5_D_50_3_6_5_5_5_0.7113428206348664,5.0,0.7113428206348664,5,12,30.634568542145903,52.21287331017999,18
out_debug_unity_adh5_D_50_3_6_5_5_5_0.7113428206348664,5.0,0.7113428206348664,5,13,41.44661321747376,27.22934597687794,18
out_debug_unity_adh5_D_50_3_6_5_5_5_0.7113428206348664,5.0,0.7113428206348664,5,14,72.37572948706536,48.01668830923496,18
out_debug_unity_adh5_D_50_3_6_5_5_5_0.7113428206348664,5.0,0.7113428206348664,5,15,83.32144154407744,23.655996145267427,18
out_debug_unity_adh5_D_50_3_6_5_5_5_0.7113428206348664,5.0,0.7113428206348664,5,16,113.37858645831635,44.84570423527669,18
out_debug_unity_adh5_D_50_3_6_5_5_5_0.7113428206348664,5.0,0.7113428206348664,5,17,124.04433222062386,18.025695353382375,18
out_debug_unity_adh5_D_51_3_6_5_5_5_1.237707529298568,5.0,1.237707529298568,5,0,23.088173045604595,138.84289882354162,18
out_debug_unity_adh5_D_51_3_6_5_5_5_1.237707529298568,5.0,1.237707529298568,5,1,35.797742804943255,113.49781578464619,18
out_debug_unity_adh5_D_51_3_6_5_5_5_1.237707529298568,5.0,1.237707529298568,5,2,64.49535610183399,138.15360388465615,18
out_debug_unity_adh5_D_51_3_6_5_5_5_1.237707529298568,5.0,1.237707529298568,5,3,76.15243488851429,112.6590017295532,18
out_debug_unity_adh5_D_51_3_6_5_5_5_1.237707529298568,5.0,1.237707529298568,5,4,103.09331548225184,137.40632281647524,18
out_debug_unity_adh5_D_51_3_6_5_5_5_1.237707529298568,5.0,1.237707529298568,5,5,115.61174978752756,113.15826170581325,18
out_debug_unity_adh5_D_51_3_6_5_5_5_1.237707529298568,5.0,1.237707529298568,5,6,47.17838829598633,90.98114173017467,18
out_debug_unity_adh5_D_51_3_6_5_5_5_1.237707529298568,5.0,1.237707529298568,5,7,58.23373670874907,69.33842751073144,18
out_debug_unity_adh5_D_51_3_6_5_5_5_1.237707529298568,5.0,1.237707529298568,5,8,88.13773521122441,90.01072587394266,18
out_debug_unity_adh5_D_51_3_6_5_5_5_1.237707529298568,5.0,1.237707529298568,5,9,100.90667399778987,67.46417620595601,18
out_debug_unity_adh5_D_51_3_6_5_5_5_1.237707529298568,5.0,1.237707529298568,5,10,128.426956007979,90.46690338077927,18
out_debug_unity_adh5_D_51_3_6_5_5_5_1.237707529298568,5.0,1.237707529298568,5,11,141.521048612898,65.22651043333168,18
out_debug_unity_adh5_D_51_3_6_5_5_5_1.237707529298568,5.0,1.237707529298568,5,12,29.98483243217137,52.26018462475338,18
out_debug_unity_adh5_D_51_3_6_5_5_5_1.237707529298568,5.0,1.237707529298568,5,13,41.25368040072346,26.499978309210913,18
out_debug_unity_adh5_D_51_3_6_5_5_5_1.237707529298568,5.0,1.237707529298568,5,14,72.18675463081247,47.438322548177204,18
out_debug_unity_adh5_D_51_3_6_5_5_5_1.237707529298568,5.0,1.237707529298568,5,15,83.3823997899621,22.81261188545093,18
out_debug_unity_adh5_D_51_3_6_5_5_5_1.237707529298568,5.0,1.237707529298568,5,16,113.63644555422634,44.34954687747831,18
out_debug_unity_adh5_D_51_3_6_5_5_5_1.237707529298568,5.0,1.237707529298568,5,17,124.23571775754253,17.672466046737505,18
out_debug_unity_adh5_D_52_3_6_5_5_5_0.4073163035297721,5.0,0.4073163035297721,5,0,23.21417169821717,138.09007745795162,18
out_debug_unity_adh5_D_52_3_6_5_5_5_0.4073163035297721,5.0,0.4073163035297721,5,1,36.67015049619466,113.7452282933108,18
out_debug_unity_adh5_D_52_3_6_5_5_5_0.4073163035297721,5.0,0.4073163035297721,5,2,64.47444036171824,136.34431118281665,18
out_debug_unity_adh5_D_52_3_6_5_5_5_0.4073163035297721,5.0,0.4073163035297721,5,3,76.12087753969712,112.48072983622463,18
out_debug_unity_adh5_D_52_3_6_5_5_5_0.4073163035297721,5.0,0.4073163035297721,5,4,102.68497757117746,135.98560131200728,18
out_debug_unity_adh5_D_52_3_6_5_5_5_0.4073163035297721,5.0,0.4073163035297721,5,5,114.46788767681733,112.58297955649437,18
out_debug_unity_adh5_D_52_3_6_5_5_5_0.4073163035297721,5.0,0.4073163035297721,5,6,48.201669106381594,91.06926392425622,18
out_debug_unity_adh5_D_52_3_6_5_5_5_0.4073163035297721,5.0,0.4073163035297721,5,7,58.36087800889634,69.22179262202711,18
out_debug_unity_adh5_D_52_3_6_5_5_5_0.4073163035297721,5.0,0.4073163035297721,5,8,87.85548160687524,89.77558642721135,18
out_debug_unity_adh5_D_52_3_6_5_5_5_0.4073163035297721,5.0,0.4073163035297721,5,9,100.38755396422094,67.63849490049184,18
out_debug_unity_adh5_D_52_3_6_5_5_5_0.4073163035297721,5.0,0.4073163035297721,5,10,127.04387529339532,89.79082448250158,18
out_debug_unity_adh5_D_52_3_6_5_5_5_0.4073163035297721,5.0,0.4073163035297721,5,11,140.03776786943533,65.84153173423748,18
out_debug_unity_adh5_D_52_3_6_5_5_5_0.4073163035297721,5.0,0.4073163035297721,5,12,31.281546221013375,52.12525333069922,18
out_debug_unity_adh5_D_52_3_6_5_5_5_0.4073163035297721,5.0,0.4073163035297721,5,13,41.50001502868449,27.99135615510031,18
out_debug_unity_adh5_D_52_3_6_5_5_5_0.4073163035297721,5.0,0.4073163035297721,5,14,72.42716204057727,48.59664835348269,18
out_debug_unity_adh5_D_52_3_6_5_5_5_0.4073163035297721,5.0,0.4073163035297721,5,15,83.22126059172741,24.34368104357216,18
out_debug_unity_adh5_D_52_3_6_5_5_5_0.4073163035297721,5.0,0.4073163035297721,5,16,112.98709555176231,45.16790980956196,18
out_debug_unity_adh5_D_52_3_6_5_5_5_0.4073163035297721,5.0,0.4073163035297721,5,17,123.62704703578743,18.457852183815938,18
out_debug_unity_adh5_D_53_3_6_5_5_5_1.084285199945564,5.0,1.084285199945564,5,0,23.105832357728193,138.74115978781094,18
out_debug_unity_adh5_D_53_3_6_5_5_5_1.084285199945564,5.0,1.084285199945564,5,1,35.885769040644696,113.51845885671992,18
out_debug_unity_adh5_D_53_3_6_5_5_5_1.084285199945564,5.0,1.084285199945564,5,2,64.5278690421383,137.9643381085174,18
out_debug_unity_adh5_D_53_3_6_5_5_5_1.084285199945564,5.0,1.084285199945564,5,3,76.13654991449987,112.60359527598384,18
out_debug_unity_adh5_D_53_3_6_5_5_5_1.084285199945564,5.0,1.084285199945564,5,4,103.0626047634978,137.2600179926601,18
out_debug_unity_adh5_D_53_3_6_5_5_5_1.084285199945564,5.0,1.084285199945564,5,5,115.49116247985783,113.0951656065597,18
out_debug_unity_adh5_D_53_3_6_5_5_5_1.084285199945564,5.0,1.084285199945564,5,6,47.28669311700261,91.01147026725248,18
out_debug_unity_adh5_D_53_3_6_5_5_5_1.084285199945564,5.0,1.084285199945564,5,7,58.242207860426326,69.32033712002274,18
out_debug_unity_adh5_D_53_3_6_5_5_5_1.084285199945564,5.0,1.084285199945564,5,8,88.1433244166155,90.01322797851577,18
out_debug_unity_adh5_D_53_3_6_5_5_5_1.084285199945564,5.0,1.084285199945564,5,9,100.8587872987855,67.46927208263837,18
out_debug_unity_adh5_D_53_3_6_5_5_5_1.084285199945564,5.0,1.084285199945564,5,10,128.2561240713907,90.42557910838237,18
out_debug_unity_adh5_D_53_3_6_5_5_5_1.084285199945564,5.0,1.084285199945564,5,11,141.42491749618816,65.30483236941147,18
out_debug_unity_adh5_D_53_3_6_5_5_5_1.084285199945564,5.0,1.084285199945564,5,12,30.12929949372507,52.25069727703817,18
out_debug_unity_adh5_D_53_3_6_5_5_5_1.084285199945564,5.0,1.084285199945564,5,13,41.31660618935175,26.660780895161356,18
out_debug_unity_adh5_D_53_3_6_5_5_5_1.084285199945564,5.0,1.084285199945564,5,14,72.22806535039742,47.572572896465374,18
out_debug_unity_adh5_D_53_3_6_5_5_5_1.084285199945564,5.0,1.084285199945564,5,15,83.3827352391611,23.020216940627066,18
out_debug_unity_adh5_D_53_3_6_5_5_5_1.084285199945564,5.0,1.084285199945564,5,16,113.60341042131024,44.48190384824037,18
out_debug_unity_adh5_D_53_3_6_5_5_5_1.084285199945564,5.0,1.084285199945564,5,17,124.23623808845066,17.746321895841962,18
out_debug_unity_adh5_D_54_3_6_5_5_5_0.2827382593151664,5.0,0.2827382593151664,5,0,23.203284831749993,137.94137873194404,18
out_debug_unity_adh5_D_54_3_6_5_5_5_0.2827382593151664,5.0,0.2827382593151664,5,1,36.84241070656173,113.81676389844182,18
out_debug_unity_adh5_D_54_3_6_5_5_5_0.2827382593151664,5.0,0.2827382593151664,5,2,64.4288575183949,135.93044795878316,18
out_debug_unity_adh5_D_54_3_6_5_5_5_0.2827382593151664,5.0,0.2827382593151664,5,3,76.12687048925356,112.49825486931046,18
out_debug_unity_adh5_D_54_3_6_5_5_5_0.2827382593151664,5.0,0.2827382593151664,5,4,102.5613187171901,135.65164524804723,18
out_debug_unity_adh5_D_54_3_6_5_5_5_0.2827382593151664,5.0,0.2827382593151664,5,5,114.26508942215979,112.49774667720713,18
out_debug_unity_adh5_D_54_3_6_5_5_5_0.2827382593151664,5.0,0.2827382593151664,5,6,48.38681552241101,91.09494479083071,18
out_debug_unity_adh5_D_54_3_6_5_5_5_0.2827382593151664,5.0,0.2827382593151664,5,7,58.32518884570549,69.21086700421343,18
out_debug_unity_adh5_D_54_3_6_5_5_5_0.2827382593151664,5.0,0.2827382593151664,5,8,87.68581474622725,89.70996735935383,18
out_debug_unity_adh5_D_54_3_6_5_5_5_0.2827382593151664,5.0,0.2827382593151664,5,9,100.24237040277251,67.70375375121539,18
out_debug_unity_adh5_D_54_3_6_5_5_5_0.2827382593151664,5.0,0.2827382593151664,5,10,126.81813763627194,89.61535911951223,18
out_debug_unity_adh5_D_54_3_6_5_5_5_0.2827382593151664,5.0,0.2827382593151664,5,11,139.64224685822123,65.96638754128706,18
out_debug_unity_adh5_D_54_3_6_5_5_5_0.2827382593151664,5.0,0.2827382593151664,5,12,31.559668521128184,52.074667698272975,18
out_debug_unity_adh5_D_54_3_6_5_5_5_0.2827382593151664,5.0,0.2827382593151664,5,13,41.49446429291331,28.381193834912054,18
out_debug_unity_adh5_D_54_3_6_5_5_5_0.2827382593151664,5.0,0.2827382593151664,5,14,72.39694438198906,48.84496292963727,18
out_debug_unity_adh5_D_54_3_6_5_5_5_0.2827382593151664,5.0,0.2827382593151664,5,15,83.1453940883029,24.653501897950942,18
out_debug_unity_adh5_D_54_3_6_5_5_5_0.2827382593151664,5.0,0.2827382593151664,5,16,112.81506622915929,45.285143829186865,18
out_debug_unity_adh5_D_54_3_6_5_5_5_0.2827382593151664,5.0,0.2827382593151664,5,17,123.38347238205841,18.70647955331003,18
out_debug_unity_adh5_D_55_3_6_5_5_5_0.42427420891454914,5.0,0.42427420891454914,5,0,23.213792612804394,138.10946606316054,18
out_debug_unity_adh5_D_55_3_6_5_5_5_0.42427420891454914,5.0,0.42427420891454914,5,1,36.64480041989001,113.73554186139984,18
out_debug_unity_adh5_D_55_3_6_5_5_5_0.42427420891454914,5.0,0.42427420891454914,5,2,64.47930863556279,136.39775799266553,18
out_debug_unity_adh5_D_55_3_6_5_5_5_0.42427420891454914,5.0,0.42427420891454914,5,3,76.11962716702858,112.47880864635202,18
out_debug_unity_adh5_D_55_3_6_5_5_5_0.42427420891454914,5.0,0.42427420891454914,5,4,102.69930180888497,136.03005319236502,18
out_debug_unity_adh5_D_55_3_6_5_5_5_0.42427420891454914,5.0,0.42427420891454914,5,5,114.49755910082992,112.5939266562039,18
out_debug_unity_adh5_D_55_3_6_5_5_5_0.42427420891454914,5.0,0.42427420891454914,5,6,48.174871900651674,91.06532779906222,18
out_debug_unity_adh5_D_55_3_6_5_5_5_0.42427420891454914,5.0,0.42427420891454914,5,7,58.360538324922466,69.2250674611617,18
out_debug_unity_adh5_D_55_3_6_5_5_5_0.42427420891454914,5.0,0.42427420891454914,5,8,87.87620345016784,89.78589636203547,18
out_debug_unity_adh5_D_55_3_6_5_5_5_0.42427420891454914,5.0,0.42427420891454914,5,9,100.40589321182262,67.63111940293457,18
out_debug_unity_adh5_D_55_3_6_5_5_5_0.42427420891454914,5.0,0.42427420891454914,5,10,127.07529412424083,89.81577126936328,18
out_debug_unity_adh5_D_55_3_6_5_5_5_0.42427420891454914,5.0,0.42427420891454914,5,11,140.08974375531236,65.82420244960593,18
out_debug_unity_adh5_D_55_3_6_5_5_5_0.42427420891454914,5.0,0.42427420891454914,5,12,31.2431166350457,52.131784471635456,18
out_debug_unity_adh5_D_55_3_6_5_5_5_0.42427420891454914,5.0,0.42427420891454914,5,13,41.49849416442523,27.942135242205296,18
out_debug_unity_adh5_D_55_3_6_5_5_5_0.42427420891454914,5.0,0.42427420891454914,5,14,72.43177322716353,48.56118828956581,18
out_debug_unity_adh5_D_55_3_6_5_5_5_0.42427420891454914,5.0,0.42427420891454914,5,15,83.22814494691264,24.305035922061478,18
out_debug_unity_adh5_D_55_3_6_5_5_5_0.42427420891454914,5.0,0.42427420891454914,5,16,113.01022178550151,45.15170231494199,18
out_debug_unity_adh5_D_55_3_6_5_5_5_0.42427420891454914,5.0,0.42427420891454914,5,17,123.6558642121895,18.427947425193874,18
out_debug_unity_adh5_D_56_3_6_5_5_5_0.23647398730996474,5.0,0.23647398730996474,5,0,23.17716309750604,137.88156482849033,18
out_debug_unity_adh5_D_56_3_6_5_5_5_0.23647398730996474,5.0,0.23647398730996474,5,1,36.88748185002812,113.84459227181037,18
out_debug_unity_adh5_D_56_3_6_5_5_5_0.23647398730996474,5.0,0.23647398730996474,5,2,64.39780176897543,135.78837697773977,18
out_debug_unity_adh5_D_56_3_6_5_5_5_0.23647398730996474,5.0,0.23647398730996474,5,3,76.12942317674646,112.49924905058064,18
out_debug_unity_adh5_D_56_3_6_5_5_5_0.23647398730996474,5.0,0.23647398730996474,5,4,102.50221646403001,135.54132929478774,18
out_debug_unity_adh5_D_56_3_6_5_5_5_0.23647398730996474,5.0,0.23647398730996474,5,5,114.19308910063621,112.46656480599309,18
out_debug_unity_adh5_D_56_3_6_5_5_5_0.23647398730996474,5.0,0.23647398730996474,5,6,48.444905675910626,91.10111519705261,18
out_debug_unity_adh5_D_56_3_6_5_5_5_0.23647398730996474,5.0,0.23647398730996474,5,7,58.292682253554005,69.22293677658035,18
out_debug_unity_adh5_D_56_3_6_5_5_5_0.23647398730996474,5.0,0.23647398730996474,5,8,87.6300437763261,89.69454183143769,18
out_debug_unity_adh5_D_56_3_6_5_5_5_0.23647398730996474,5.0,0.23647398730996474,5,9,100.18845049244909,67.73337980970177,18
out_debug_unity_adh5_D_56_3_6_5_5_5_0.23647398730996474,5.0,0.23647398730996474,5,10,126.73641235747102,89.56510401263057,18
out_debug_unity_adh5_D_56_3_6_5_5_5_0.23647398730996474,5.0,0.23647398730996474,5,11,139.4999631698578,66.01556734456703,18
out_debug_unity_adh5_D_56_3_6_5_5_5_0.23647398730996474,5.0,0.23647398730996474,5,12,31.641286502088978,52.05548739893808,18
out_debug_unity_adh5_D_56_3_6_5_5_5_0.23647398730996474,5.0,0.23647398730996474,5,13,41.482954263056065,28.524432980310475,18
out_debug_unity_adh5_D_56_3_6_5_5_5_0.23647398730996474,5.0,0.23647398730996474,5,14,72.40107495887234,48.92609104615817,18
out_debug_unity_adh5_D_56_3_6_5_5_5_0.23647398730996474,5.0,0.23647398730996474,5,15,83.10590411920948,24.769459339430487,18
out_debug_unity_adh5_D_56_3_6_5_5_5_0.23647398730996474,5.0,0.23647398730996474,5,16,112.756218661236,45.32193604442736,18
out_debug_unity_adh5_D_56_3_6_5_5_5_0.23647398730996474,5.0,0.23647398730996474,5,17,123.29110718174151,18.804224274587458,18
out_debug_unity_adh5_D_57_3_6_5_5_5_0.6553500535877138,5.0,0.6553500535877138,5,0,23.172497385834486,138.36806023904248,18
out_debug_unity_adh5_D_57_3_6_5_5_5_0.6553500535877138,5.0,0.6553500535877138,5,1,36.29758518195964,113.62117181665009,18
out_debug_unity_adh5_D_57_3_6_5_5_5_0.6553500535877138,5.0,0.6553500535877138,5,2,64.52131409022874,137.104493744686,18
out_debug_unity_adh5_D_57_3_6_5_5_5_0.6553500535877138,5.0,0.6553500535877138,5,3,76.11801798324363,112.49119279261362,18
out_debug_unity_adh5_D_57_3_6_5_5_5_0.6553500535877138,5.0,0.6553500535877138,5,4,102.87064691837458,136.60528761989784,18
out_debug_unity_adh5_D_57_3_6_5_5_5_0.6553500535877138,5.0,0.6553500535877138,5,5,114.93245914786019,112.78941715847644,18
out_debug_unity_adh5_D_57_3_6_5_5_5_0.6553500535877138,5.0,0.6553500535877138,5,6,47.76871018853236,91.03340200090038,18
out_debug_unity_adh5_D_57_3_6_5_5_5_0.6553500535877138,5.0,0.6553500535877138,5,7,58.308762680096606,69.27317044893987,18
out_debug_unity_adh5_D_57_3_6_5_5_5_0.6553500535877138,5.0,0.6553500535877138,5,8,88.05573119366488,89.91720668591165,18
out_debug_unity_adh5_D_57_3_6_5_5_5_0.6553500535877138,5.0,0.6553500535877138,5,9,100.61998708920605,67.54862739865523,18
out_debug_unity_adh5_D_57_3_6_5_5_5_0.6553500535877138,5.0,0.6553500535877138,5,10,127.55181290439411,90.13075383864263,18
out_debug_unity_adh5_D_57_3_6_5_5_5_0.6553500535877138,5.0,0.6553500535877138,5,11,140.75438867030428,65.59900336568055,18
out_debug_unity_adh5_D_57_3_6_5_5_5_0.6553500535877138,5.0,0.6553500535877138,5,12,30.7370095167453,52.202268661878975,18
out_debug_unity_adh5_D_57_3_6_5_5_5_0.6553500535877138,5.0,0.6553500535877138,5,13,41.460914137464215,27.346483367990796,18
out_debug_unity_adh5_D_57_3_6_5_5_5_0.6553500535877138,5.0,0.6553500535877138,5,14,72.39943363233523,48.10612591784095,18
out_debug_unity_adh5_D_57_3_6_5_5_5_0.6553500535877138,5.0,0.6553500535877138,5,15,83.30650996757512,23.77159619356961,18
out_debug_unity_adh5_D_57_3_6_5_5_5_0.6553500535877138,5.0,0.6553500535877138,5,16,113.32098455747335,44.90599609447799,18
out_debug_unity_adh5_D_57_3_6_5_5_5_0.6553500535877138,5.0,0.6553500535877138,5,17,123.98713409112418,18.087791988631917,18
out_debug_unity_adh5_D_58_3_6_5_5_5_1.06303015889928,5.0,1.06303015889928,5,0,23.10944327764032,138.7250862775666,18
out_debug_unity_adh5_D_58_3_6_5_5_5_1.06303015889928,5.0,1.06303015889928,5,1,35.90158083614611,113.52230861085586,18
out_debug_unity_adh5_D_58_3_6_5_5_5_1.06303015889928,5.0,1.06303015889928,5,2,64.53061654213569,137.93134602449894,18
out_debug_unity_adh5_D_58_3_6_5_5_5_1.06303015889928,5.0,1.06303015889928,5,3,76.13501755774277,112.59646372887975,18
out_debug_unity_adh5_D_58_3_6_5_5_5_1.06303015889928,5.0,1.06303015889928,5,4,103.05608863531027,137.23533460461343,18
out_debug_unity_adh5_D_58_3_6_5_5_5_1.06303015889928,5.0,1.06303015889928,5,5,115.469395409419,113.08379661503449,18
out_debug_unity_adh5_D_58_3_6_5_5_5_1.06303015889928,5.0,1.06303015889928,5,6,47.30489891911332,91.01456105624693,18
out_debug_unity_adh5_D_58_3_6_5_5_5_1.06303015889928,5.0,1.06303015889928,5,7,58.244111906741665,69.31829724260062,18
out_debug_unity_adh5_D_58_3_6_5_5_5_1.06303015889928,5.0,1.06303015889928,5,8,88.1435127702876,90.01162132873299,18
out_debug_unity_adh5_D_58_3_6_5_5_5_1.06303015889928,5.0,1.06303015889928,5,9,100.84988479917148,67.47120409065151,18
out_debug_unity_adh5_D_58_3_6_5_5_5_1.06303015889928,5.0,1.06303015889928,5,10,128.22659152829135,90.41668533605086,18
out_debug_unity_adh5_D_58_3_6_5_5_5_1.06303015889928,5.0,1.06303015889928,5,11,141.40383130852885,65.31735097952732,18
out_debug_unity_adh5_D_58_3_6_5_5_5_1.06303015889928,5.0,1.06303015889928,5,12,30.153684092275522,52.248758304491126,18
out_debug_unity_adh5_D_58_3_6_5_5_5_1.06303015889928,5.0,1.06303015889928,5,13,41.325499228442794,26.687846782245686,18
out_debug_unity_adh5_D_58_3_6_5_5_5_1.06303015889928,5.0,1.06303015889928,5,14,72.23503255446134,47.59365041771833,18
out_debug_unity_adh5_D_58_3_6_5_5_5_1.06303015889928,5.0,1.06303015889928,5,15,83.38094296159242,23.05327428766516,18
out_debug_unity_adh5_D_58_3_6_5_5_5_1.06303015889928,5.0,1.06303015889928,5,16,113.59528089258693,44.5012383612044,18
out_debug_unity_adh5_D_58_3_6_5_5_5_1.06303015889928,5.0,1.06303015889928,5,17,124.23135353642965,17.758484057412232,18
out_debug_unity_adh5_D_59_3_6_5_5_5_0.556142820485277,5.0,0.556142820485277,5,0,23.194429044131216,138.25997642607044,18
out_debug_unity_adh5_D_59_3_6_5_5_5_0.556142820485277,5.0,0.556142820485277,5,1,36.44109456236691,113.6646345296338,18
out_debug_unity_adh5_D_59_3_6_5_5_5_0.556142820485277,5.0,0.556142820485277,5,2,64.50637193843464,136.8159750460775,18
out_debug_unity_adh5_D_59_3_6_5_5_5_0.556142820485277,5.0,0.556142820485277,5,3,76.11766522324136,112.47636924228419,18
out_debug_unity_adh5_D_59_3_6_5_5_5_0.556142820485277,5.0,0.556142820485277,5,4,102.80244627947725,136.37384779155667,18
out_debug_unity_adh5_D_59_3_6_5_5_5_0.556142820485277,5.0,0.556142820485277,5,5,114.74812563811258,112.698375698407,18
out_debug_unity_adh5_D_59_3_6_5_5_5_0.556142820485277,5.0,0.556142820485277,5,6,47.94242176047271,91.04254778159344,18
out_debug_unity_adh5_D_59_3_6_5_5_5_0.556142820485277,5.0,0.556142820485277,5,7,58.33487774860802,69.25509763460906,18
out_debug_unity_adh5_D_59_3_6_5_5_5_0.556142820485277,5.0,0.556142820485277,5,8,88.00013149884283,89.86765539558787,18
out_debug_unity_adh5_D_59_3_6_5_5_5_0.556142820485277,5.0,0.556142820485277,5,9,100.53621780967194,67.58051815557862,18
out_debug_unity_adh5_D_59_3_6_5_5_5_0.556142820485277,5.0,0.556142820485277,5,10,127.34294298014989,90.00815111117022,18
out_debug_unity_adh5_D_59_3_6_5_5_5_0.556142820485277,5.0,0.556142820485277,5,11,140.48796335902557,65.69088006116726,18
out_debug_unity_adh5_D_59_3_6_5_5_5_0.556142820485277,5.0,0.556142820485277,5,12,30.943796518478024,52.17700828184932,18
out_debug_unity_adh5_D_59_3_6_5_5_5_0.556142820485277,5.0,0.556142820485277,5,13,41.48261390286574,27.583056501702355,18
out_debug_unity_adh5_D_59_3_6_5_5_5_0.556142820485277,5.0,0.556142820485277,5,14,72.43193959016168,48.28780304934788,18
out_debug_unity_adh5_D_59_3_6_5_5_5_0.556142820485277,5.0,0.556142820485277,5,15,83.27579843060734,23.993850164413004,18
out_debug_unity_adh5_D_59_3_6_5_5_5_0.556142820485277,5.0,0.556142820485277,5,16,113.19745044241552,45.01400193814155,18
out_debug_unity_adh5_D_59_3_6_5_5_5_0.556142820485277,5.0,0.556142820485277,5,17,123.86030918087715,18.21805400654247,18
out_debug_unity_adh5_D_5_3_6_5_5_5_0.8025400775017721,5.0,0.8025400775017721,5,0,23.147130528719654,138.50952805652483,18
out_debug_unity_adh5_D_5_3_6_5_5_5_0.8025400775017721,5.0,0.8025400775017721,5,1,36.12772048562195,113.57632208674659,18
out_debug_unity_adh5_D_5_3_6_5_5_5_0.8025400775017721,5.0,0.8025400775017721,5,2,64.53499697131132,137.4537968413957,18
out_debug_unity_adh5_D_5_3_6_5_5_5_0.8025400775017721,5.0,0.8025400775017721,5,3,76.12121227121376,112.522946619972,18
out_debug_unity_adh5_D_5_3_6_5_5_5_0.8025400775017721,5.0,0.8025400775017721,5,4,102.95258444190195,136.87689716664366,18
out_debug_unity_adh5_D_5_3_6_5_5_5_0.8025400775017721,5.0,0.8025400775017721,5,5,115.15818806426357,112.91047381076936,18
out_debug_unity_adh5_D_5_3_6_5_5_5_0.8025400775017721,5.0,0.8025400775017721,5,6,47.56365268291679,91.03051439222504,18
out_debug_unity_adh5_D_5_3_6_5_5_5_0.8025400775017721,5.0,0.8025400775017721,5,7,58.27782227534922,69.29200453589691,18
out_debug_unity_adh5_D_5_3_6_5_5_5_0.8025400775017721,5.0,0.8025400775017721,5,8,88.10676093141139,89.96708371372239,18
out_debug_unity_adh5_D_5_3_6_5_5_5_0.8025400775017721,5.0,0.8025400775017721,5,9,100.71896724619789,67.51129412228836,18
out_debug_unity_adh5_D_5_3_6_5_5_5_0.8025400775017721,5.0,0.8025400775017721,5,10,127.82634300180587,90.26421591141279,18
out_debug_unity_adh5_D_5_3_6_5_5_5_0.8025400775017721,5.0,0.8025400775017721,5,11,141.0551917411778,65.48471300889044,18
out_debug_unity_adh5_D_5_3_6_5_5_5_0.8025400775017721,5.0,0.8025400775017721,5,12,30.492124281886117,52.22536269602409,18
out_debug_unity_adh5_D_5_3_6_5_5_5_0.8025400775017721,5.0,0.8025400775017721,5,13,41.419791480668245,27.065930726114903,18
out_debug_unity_adh5_D_5_3_6_5_5_5_0.8025400775017721,5.0,0.8025400775017721,5,14,72.33622390426541,47.88919630707044,18
out_debug_unity_adh5_D_5_3_6_5_5_5_0.8025400775017721,5.0,0.8025400775017721,5,15,83.34157484663282,23.48545559300631,18
out_debug_unity_adh5_D_5_3_6_5_5_5_0.8025400775017721,5.0,0.8025400775017721,5,16,113.4532926408496,44.7526542585494,18
out_debug_unity_adh5_D_5_3_6_5_5_5_0.8025400775017721,5.0,0.8025400775017721,5,17,124.114629592484,17.94290113849345,18
out_debug_unity_adh5_D_6_3_6_5_5_5_0.3694624337518133,5.0,0.3694624337518133,5,0,23.215982524212837,138.04334972713016,18
out_debug_unity_adh5_D_6_3_6_5_5_5_0.3694624337518133,5.0,0.3694624337518133,5,1,36.72956064537842,113.76903630535263,18
out_debug_unity_adh5_D_6_3_6_5_5_5_0.3694624337518133,5.0,0.3694624337518133,5,2,64.46263664460045,136.21569305172298,18
out_debug_unity_adh5_D_6_3_6_5_5_5_0.3694624337518133,5.0,0.3694624337518133,5,3,76.1238871888456,112.48643709815872,18
out_debug_unity_adh5_D_6_3_6_5_5_5_0.3694624337518133,5.0,0.3694624337518133,5,4,102.65076581517197,135.87866650672325,18
out_debug_unity_adh5_D_6_3_6_5_5_5_0.3694624337518133,5.0,0.3694624337518133,5,5,114.40277581443335,112.55675001195009,18
out_debug_unity_adh5_D_6_3_6_5_5_5_0.3694624337518133,5.0,0.3694624337518133,5,6,48.262875672870614,91.07775215686347,18
out_debug_unity_adh5_D_6_3_6_5_5_5_0.3694624337518133,5.0,0.3694624337518133,5,7,58.356845631469646,69.21459662507952,18
out_debug_unity_adh5_D_6_3_6_5_5_5_0.3694624337518133,5.0,0.3694624337518133,5,8,87.80083994901189,89.75062852020454,18
out_debug_unity_adh5_D_6_3_6_5_5_5_0.3694624337518133,5.0,0.3694624337518133,5,9,100.34353432129922,67.65751921628326,18
out_debug_unity_adh5_D_6_3_6_5_5_5_0.3694624337518133,5.0,0.3694624337518133,5,10,126.97318574241767,89.73323740191131,18
out_debug_unity_adh5_D_6_3_6_5_5_5_0.3694624337518133,5.0,0.3694624337518133,5,11,139.91368221651433,65.88114181586617,18
out_debug_unity_adh5_D_6_3_6_5_5_5_0.3694624337518133,5.0,0.3694624337518133,5,12,31.37300450233261,52.10909264979822,18
out_debug_unity_adh5_D_6_3_6_5_5_5_0.3694624337518133,5.0,0.3694624337518133,5,13,41.50072330364128,28.10944159112749,18
out_debug_unity_adh5_D_6_3_6_5_5_5_0.3694624337518133,5.0,0.3694624337518133,5,14,72.41572442289456,48.676666055619705,18
out_debug_unity_adh5_D_6_3_6_5_5_5_0.3694624337518133,5.0,0.3694624337518133,5,15,83.2012535648633,24.437620168173098,18
out_debug_unity_adh5_D_6_3_6_5_5_5_0.3694624337518133,5.0,0.3694624337518133,5,16,112.9329937424651,45.20455672694144,18
out_debug_unity_adh5_D_6_3_6_5_5_5_0.3694624337518133,5.0,0.3694624337518133,5,17,123.55473933378346,18.531413492850067,18
out_debug_unity_adh5_D_7_3_6_5_5_5_1.456227186396982,5.0,1.456227186396982,5,0,23.029135448704967,138.97694076825894,18
out_debug_unity_adh5_D_7_3_6_5_5_5_1.456227186396982,5.0,1.456227186396982,5,1,35.680488762057685,113.47414745707981,18
out_debug_unity_adh5_D_7_3_6_5_5_5_1.456227186396982,5.0,1.456227186396982,5,2,64.41316130311708,138.38033417718233,18
out_debug_unity_adh5_D_7_3_6_5_5_5_1.456227186396982,5.0,1.456227186396982,5,3,76.17552214520877,112.75178760506168,18
out_debug_unity_adh5_D_7_3_6_5_5_5_1.456227186396982,5.0,1.456227186396982,5,4,103.11572705495763,137.597977390806,18
out_debug_unity_adh5_D_7_3_6_5_5_5_1.456227186396982,5.0,1.456227186396982,5,5,115.75389511191263,113.24110051122926,18
out_debug_unity_adh5_D_7_3_6_5_5_5_1.456227186396982,5.0,1.456227186396982,5,6,47.0185745608292,90.91634399045222,18
out_debug_unity_adh5_D_7_3_6_5_5_5_1.456227186396982,5.0,1.456227186396982,5,7,58.231268889826445,69.3635007277356,18
out_debug_unity_adh5_D_7_3_6_5_5_5_1.456227186396982,5.0,1.456227186396982,5,8,88.14027052753659,89.9875264282273,18
out_debug_unity_adh5_D_7_3_6_5_5_5_1.456227186396982,5.0,1.456227186396982,5,9,100.96689234391918,67.45842282484216,18
out_debug_unity_adh5_D_7_3_6_5_5_5_1.456227186396982,5.0,1.456227186396982,5,10,128.63150908188763,90.50622547844404,18
out_debug_unity_adh5_D_7_3_6_5_5_5_1.456227186396982,5.0,1.456227186396982,5,11,141.61326904042295,65.12662413168675,18
out_debug_unity_adh5_D_7_3_6_5_5_5_1.456227186396982,5.0,1.456227186396982,5,12,29.775825999555394,52.27505815340675,18
out_debug_unity_adh5_D_7_3_6_5_5_5_1.456227186396982,5.0,1.456227186396982,5,13,41.15111332428142,26.29399409574474,18
out_debug_unity_adh5_D_7_3_6_5_5_5_1.456227186396982,5.0,1.456227186396982,5,14,72.13882474527249,47.26045979639824,18
out_debug_unity_adh5_D_7_3_6_5_5_5_1.456227186396982,5.0,1.456227186396982,5,15,83.36376239223277,22.524117225006886,18
out_debug_unity_adh5_D_7_3_6_5_5_5_1.456227186396982,5.0,1.456227186396982,5,16,113.66471773075325,44.162688819275594,18
out_debug_unity_adh5_D_7_3_6_5_5_5_1.456227186396982,5.0,1.456227186396982,5,17,124.19569881373305,17.57044423313471,18
out_debug_unity_adh5_D_8_3_6_5_5_5_0.7672117779686058,5.0,0.7672117779686058,5,0,23.15149660083736,138.47792322630576,18
out_debug_unity_adh5_D_8_3_6_5_5_5_0.7672117779686058,5.0,0.7672117779686058,5,1,36.1631885867557,113.58514916646543,18
out_debug_unity_adh5_D_8_3_6_5_5_5_0.7672117779686058,5.0,0.7672117779686058,5,2,64.53279273123383,137.37883094961776,18
out_debug_unity_adh5_D_8_3_6_5_5_5_0.7672117779686058,5.0,0.7672117779686058,5,3,76.1199922730679,112.51526133394741,18
out_debug_unity_adh5_D_8_3_6_5_5_5_0.7672117779686058,5.0,0.7672117779686058,5,4,102.93506915640796,136.8198697374032,18
out_debug_unity_adh5_D_8_3_6_5_5_5_0.7672117779686058,5.0,0.7672117779686058,5,5,115.11062935378511,112.88451974189843,18
out_debug_unity_adh5_D_8_3_6_5_5_5_0.7672117779686058,5.0,0.7672117779686058,5,6,47.60572247228538,91.03105483759744,18
out_debug_unity_adh5_D_8_3_6_5_5_5_0.7672117779686058,5.0,0.7672117779686058,5,7,58.28412039510811,69.28819874548196,18
out_debug_unity_adh5_D_8_3_6_5_5_5_0.7672117779686058,5.0,0.7672117779686058,5,8,88.09669007488658,89.95751583301472,18
out_debug_unity_adh5_D_8_3_6_5_5_5_0.7672117779686058,5.0,0.7672117779686058,5,9,100.69794326853842,67.51901705201503,18
out_debug_unity_adh5_D_8_3_6_5_5_5_0.7672117779686058,5.0,0.7672117779686058,5,10,127.76550435367659,90.23750973437889,18
out_debug_unity_adh5_D_8_3_6_5_5_5_0.7672117779686058,5.0,0.7672117779686058,5,11,140.99457047302883,65.50994557601263,18
out_debug_unity_adh5_D_8_3_6_5_5_5_0.7672117779686058,5.0,0.7672117779686058,5,12,30.54374931893619,52.22064857791227,18
out_debug_unity_adh5_D_8_3_6_5_5_5_0.7672117779686058,5.0,0.7672117779686058,5,13,41.43071444144999,27.124952221780074,18
out_debug_unity_adh5_D_8_3_6_5_5_5_0.7672117779686058,5.0,0.7672117779686058,5,14,72.3512525887076,47.935710329782154,18
out_debug_unity_adh5_D_8_3_6_5_5_5_0.7672117779686058,5.0,0.7672117779686058,5,15,83.33438333345445,23.548587389776085,18
out_debug_unity_adh5_D_8_3_6_5_5_5_0.7672117779686058,5.0,0.7672117779686058,5,16,113.42728583882433,44.78791041893606,18
out_debug_unity_adh5_D_8_3_6_5_5_5_0.7672117779686058,5.0,0.7672117779686058,5,17,124.0909051388167,17.97219340880308,18
out_debug_unity_adh5_D_9_3_6_5_5_5_0.5071167595960393,5.0,0.5071167595960393,5,0,23.20394369516161,138.20436883207114,18
out_debug_unity_adh5_D_9_3_6_5_5_5_0.5071167595960393,5.0,0.5071167595960393,5,1,36.5168818569773,113.68976456611468,18
out_debug_unity_adh5_D_9_3_6_5_5_5_0.5071167595960393,5.0,0.5071167595960393,5,2,64.49774688735766,136.6622704150142,18
out_debug_unity_adh5_D_9_3_6_5_5_5_0.5071167595960393,5.0,0.5071167595960393,5,3,76.11777541949907,112.47360422661397,18
out_debug_unity_adh5_D_9_3_6_5_5_5_0.5071167595960393,5.0,0.5071167595960393,5,4,102.7654563127849,136.24858967353617,18
out_debug_unity_adh5_D_9_3_6_5_5_5_0.5071167595960393,5.0,0.5071167595960393,5,5,114.65292362384997,112.65558032671468,18
out_debug_unity_adh5_D_9_3_6_5_5_5_0.5071167595960393,5.0,0.5071167595960393,5,6,48.03222723863437,91.04963194630237,18
out_debug_unity_adh5_D_9_3_6_5_5_5_0.5071167595960393,5.0,0.5071167595960393,5,7,58.34750599890517,69.24428086034062,18
out_debug_unity_adh5_D_9_3_6_5_5_5_0.5071167595960393,5.0,0.5071167595960393,5,8,87.96162409718433,89.83856143631148,18
out_debug_unity_adh5_D_9_3_6_5_5_5_0.5071167595960393,5.0,0.5071167595960393,5,9,100.49013108990043,67.59807303467653,18
out_debug_unity_adh5_D_9_3_6_5_5_5_0.5071167595960393,5.0,0.5071167595960393,5,10,127.2398684146936,89.93871844987507,18
out_debug_unity_adh5_D_9_3_6_5_5_5_0.5071167595960393,5.0,0.5071167595960393,5,11,140.3426810011886,65.74002654367979,18
out_debug_unity_adh5_D_9_3_6_5_5_5_0.5071167595960393,5.0,0.5071167595960393,5,12,31.05469991423398,52.16163150650211,18
out_debug_unity_adh5_D_9_3_6_5_5_5_0.5071167595960393,5.0,0.5071167595960393,5,13,41.49046388568026,27.7124545575473,18
out_debug_unity_adh5_D_9_3_6_5_5_5_0.5071167595960393,5.0,0.5071167595960393,5,14,72.43902326676069,48.38722864932396,18
out_debug_unity_adh5_D_9_3_6_5_5_5_0.5071167595960393,5.0,0.5071167595960393,5,15,83.25910338324854,24.10973597847115,18
out_debug_unity_adh5_D_9_3_6_5_5_5_0.5071167595960393,5.0,0.5071167595960393,5,16,113.12888294102733,45.06710381463295,18
out_debug_unity_adh5_D_9_3_6_5_5_5_0.5071167595960393,5.0,0.5071167595960393,5,17,123.78839302044155,18.29170719494856,18
